2025-12-13 18:00:38,740 INFO Processing resource: 0800161620-bene componente (site_id=1, codice=0800161620-bene componente)
2025-12-13 18:00:38,740 INFO Skipping 0800161620-bene componente: no address to geocode
2025-12-13 18:00:38,741 INFO Processing resource: 0800308997 (site_id=2, codice=0800308997)
2025-12-13 18:00:38,741 INFO Geocoding resource 0800308997 address: Ravenna, via Guerrini, 0, piazza Arcivescovado 0
2025-12-13 18:00:38,742 WARNING Not found for 0800308997: Ravenna, via Guerrini, 0 , piazza Arcivescovado 0
2025-12-13 18:00:38,742 INFO Processing resource: 0800161656 (site_id=3, codice=0800161656)
2025-12-13 18:00:38,742 INFO Geocoding resource 0800161656 address: Ravenna, via Paolo Costa, 10
2025-12-13 18:00:38,742 INFO Querying Nominatim for: Ravenna, via Paolo Costa, 10
2025-12-13 18:01:30,906 INFO Querying Nominatim for: via Paolo Costa, 10, Italy
2025-12-13 18:02:23,032 INFO Querying Nominatim for: via Paolo Costa 10 Italy
2025-12-13 18:03:15,104 INFO Querying Nominatim for: 10, via Paolo Costa, Italy
2025-12-13 18:04:07,148 INFO Geocoding failed for 'Ravenna, via Paolo Costa, 10'
2025-12-13 18:04:07,149 WARNING Not found for 0800161656: Ravenna, via Paolo Costa, 10
2025-12-13 18:04:07,150 INFO Processing resource: 0800161745 (site_id=4, codice=0800161745)
2025-12-13 18:04:07,151 INFO Geocoding resource 0800161745 address: Ravenna, Via Di Roma, 0
2025-12-13 18:04:07,152 INFO Querying Nominatim for: Ravenna, Via Di Roma, 0
2025-12-13 18:04:59,507 INFO Querying Nominatim for: Via Di Roma, 0, Italy
2025-12-13 18:05:51,567 INFO Querying Nominatim for: Via Di Roma 0 Italy
2025-12-13 18:06:34,320 INFO Processing resource: 0800161620-bene componente (site_id=1, codice=0800161620-bene componente)
2025-12-13 18:06:34,321 INFO Skipping 0800161620-bene componente: no address to geocode
2025-12-13 18:06:34,321 INFO Processing resource: 0800308997 (site_id=2, codice=0800308997)
2025-12-13 18:06:34,322 INFO Geocoding resource 0800308997 address: Ravenna, via Guerrini, 0, piazza Arcivescovado 0
2025-12-13 18:06:34,322 WARNING Not found for 0800308997: Ravenna, via Guerrini, 0 , piazza Arcivescovado 0
2025-12-13 18:06:34,322 INFO Processing resource: 0800161656 (site_id=3, codice=0800161656)
2025-12-13 18:06:34,323 INFO Geocoding resource 0800161656 address: Ravenna, via Paolo Costa, 10
2025-12-13 18:06:34,323 WARNING Not found for 0800161656: Ravenna, via Paolo Costa, 10
2025-12-13 18:06:34,323 INFO Processing resource: 0800161745 (site_id=4, codice=0800161745)
2025-12-13 18:06:34,324 INFO Geocoding resource 0800161745 address: Ravenna, Via Di Roma, 0
2025-12-13 18:06:34,324 INFO Querying Nominatim for: Ravenna, Via Di Roma, 0
2025-12-13 18:10:36,706 INFO Geocoding address: Ravenna, via Guerrini, 0 , piazza Arcivescovado 0
2025-12-13 18:10:36,708 INFO Querying: Ravenna, via Guerrini, 0, piazza Arcivescovado 0
2025-12-13 18:11:28,834 INFO Querying: via Guerrini 0, Ravenna, Italy
2025-12-13 18:12:20,897 INFO Querying: via Guerrini, Ravenna, Italy
2025-12-13 18:13:12,974 INFO Querying: via Guerrini, Ravenna, Emilia-Romagna, Italy
2025-12-13 18:14:05,052 INFO Querying: via Guerrini, Italy
2025-12-13 18:14:57,146 INFO Querying: Ravenna, Emilia-Romagna, Italy
2025-12-13 18:15:49,209 WARNING FAILED: Ravenna, via Guerrini, 0 , piazza Arcivescovado 0
2025-12-13 18:15:49,210 INFO Geocoding address: Ravenna, via Paolo Costa, 10
2025-12-13 18:15:49,211 WARNING FAILED: Ravenna, via Paolo Costa, 10
2025-12-13 18:15:49,212 INFO Geocoding address: Ravenna, Via Di Roma, 0
2025-12-13 18:15:49,212 INFO Querying: Ravenna, Via Di Roma, 0
2025-12-13 18:16:41,456 INFO Querying: Via Di Roma 0, Ravenna, Italy
2025-12-13 18:17:33,516 INFO Querying: Via Di Roma, Ravenna, Italy
2025-12-13 18:18:25,580 INFO Querying: Via Di Roma, Ravenna, Emilia-Romagna, Italy
2025-12-13 18:19:17,643 INFO Querying: Via Di Roma, Italy
2025-12-13 18:20:09,706 INFO Querying: Ravenna, Emilia-Romagna, Italy
2025-12-13 18:21:01,767 WARNING FAILED: Ravenna, Via Di Roma, 0
2025-12-13 18:21:01,767 INFO Geocoding address: Ravenna, via G. Mazzini, 75
2025-12-13 18:21:01,767 INFO Querying: Ravenna, via G. Mazzini, 75
2025-12-13 18:21:53,850 INFO Querying: via G. Mazzini 75, Ravenna, Italy
2025-12-13 18:22:45,939 INFO Querying: via G. Mazzini, Ravenna, Italy
2025-12-13 18:23:38,017 INFO Querying: via G. Mazzini, Ravenna, Emilia-Romagna, Italy
2025-12-13 18:24:30,074 INFO Querying: via G. Mazzini, Italy
2025-12-13 18:25:22,125 INFO Querying: Ravenna, Emilia-Romagna, Italy
2025-12-13 18:26:14,158 WARNING FAILED: Ravenna, via G. Mazzini, 75
2025-12-13 18:26:14,160 INFO Geocoding address: Ravenna, via di Roma, 47
2025-12-13 18:26:14,161 INFO Querying: Ravenna, via di Roma, 47
2025-12-13 18:27:06,263 INFO Querying: via di Roma 47, Ravenna, Italy
2025-12-13 18:27:34,213 INFO Processing: 0800161620-bene componente
2025-12-13 18:27:34,213 INFO Skip (no address)
2025-12-13 18:27:34,214 INFO Processing: 0800308997
2025-12-13 18:27:34,215 INFO Nominatim attempt [structured_street_city]: {'street': 'via Guerrini 0', 'city': 'Ravenna', 'state': 'Emilia-Romagna', 'country': 'Italy'}
2025-12-13 18:28:41,295 WARNING No result for [structured_street_city]
2025-12-13 18:28:41,297 INFO Nominatim attempt [structured_street_city_nohn]: {'street': 'via Guerrini', 'city': 'Ravenna', 'state': 'Emilia-Romagna', 'country': 'Italy'}
2025-12-13 18:29:48,378 WARNING No result for [structured_street_city_nohn]
2025-12-13 18:29:48,379 INFO Nominatim attempt [q_full]: {'q': 'via Guerrini 0, Ravenna, Emilia-Romagna, Italy'}
2025-12-13 18:30:55,447 WARNING No result for [q_full]
2025-12-13 18:30:55,447 INFO Nominatim attempt [q_street_only]: {'q': 'via Guerrini, Ravenna, Emilia-Romagna, Italy'}
2025-12-13 18:31:39,072 INFO Geocoding: Ravenna, via Guerrini, 0 , piazza Arcivescovado 0
2025-12-13 18:31:39,073 INFO Nominatim query: {'street': 'via Guerrini', 'city': 'Ravenna', 'state': 'Emilia-Romagna', 'country': 'Italy'}
2025-12-13 18:31:59,117 INFO Nominatim query: {'q': 'via Guerrini, Ravenna, Emilia-Romagna, Italy'}
2025-12-13 18:32:19,159 INFO Nominatim query: {'q': 'Ravenna, Emilia-Romagna, Italy'}
2025-12-13 18:32:39,190 INFO Nominatim query: {'q': 'Ravenna, via Guerrini, 0, piazza Arcivescovado 0, Ravenna, Emilia-Romagna, Italy'}
2025-12-13 18:32:59,217 WARNING FAILED: Ravenna, via Guerrini, 0 , piazza Arcivescovado 0
2025-12-13 18:32:59,217 INFO Geocoding: Ravenna, via Paolo Costa, 10
2025-12-13 18:32:59,218 INFO Nominatim query: {'street': 'via Paolo Costa', 'city': 'Ravenna', 'state': 'Emilia-Romagna', 'country': 'Italy'}
2025-12-13 18:33:19,238 INFO Nominatim query: {'q': 'via Paolo Costa, Ravenna, Emilia-Romagna, Italy'}
2025-12-13 18:33:39,284 INFO Nominatim query: {'q': 'Ravenna, Emilia-Romagna, Italy'}
2025-12-13 18:33:59,314 INFO Nominatim query: {'q': 'Ravenna, via Paolo Costa, 10, Ravenna, Emilia-Romagna, Italy'}
2025-12-13 18:34:19,368 WARNING FAILED: Ravenna, via Paolo Costa, 10
2025-12-13 18:34:19,369 INFO Geocoding: Ravenna, Via Di Roma, 0
2025-12-13 18:34:19,369 INFO Nominatim query: {'street': 'Via Di Roma', 'city': 'Ravenna', 'state': 'Emilia-Romagna', 'country': 'Italy'}
2025-12-13 18:34:39,387 INFO Nominatim query: {'q': 'Via Di Roma, Ravenna, Emilia-Romagna, Italy'}
2025-12-13 18:34:59,400 INFO Nominatim query: {'q': 'Ravenna, Emilia-Romagna, Italy'}
2025-12-13 18:35:19,409 INFO Nominatim query: {'q': 'Ravenna, Via Di Roma, 0, Ravenna, Emilia-Romagna, Italy'}
2025-12-13 18:35:39,432 WARNING FAILED: Ravenna, Via Di Roma, 0
2025-12-13 18:35:39,432 INFO Geocoding: Ravenna, via G. Mazzini, 75
2025-12-13 18:35:39,433 INFO Nominatim query: {'street': 'via G. Mazzini', 'city': 'Ravenna', 'state': 'Emilia-Romagna', 'country': 'Italy'}
2025-12-13 18:35:59,448 INFO Nominatim query: {'q': 'via G. Mazzini, Ravenna, Emilia-Romagna, Italy'}
2025-12-13 18:36:19,454 INFO Nominatim query: {'q': 'Ravenna, Emilia-Romagna, Italy'}
2025-12-13 18:36:39,530 INFO Nominatim query: {'q': 'Ravenna, via G. Mazzini, 75, Ravenna, Emilia-Romagna, Italy'}
2025-12-13 18:36:59,561 WARNING FAILED: Ravenna, via G. Mazzini, 75
2025-12-13 18:36:59,561 INFO Geocoding: Ravenna, via di Roma, 47
2025-12-13 18:36:59,562 INFO Nominatim query: {'street': 'via di Roma', 'city': 'Ravenna', 'state': 'Emilia-Romagna', 'country': 'Italy'}
2025-12-13 18:37:19,582 INFO Nominatim query: {'q': 'via di Roma, Ravenna, Emilia-Romagna, Italy'}
2025-12-13 18:37:41,580 INFO Geocoding: Ravenna, via Guerrini, 0 , piazza Arcivescovado 0
2025-12-13 18:37:41,580 INFO Trying sub-address: via Guerrini
2025-12-13 18:37:41,581 INFO Nominatim query: {'street': 'via Guerrini', 'city': 'via Guerrini', 'state': 'Emilia-Romagna', 'country': 'Italy'}
2025-12-13 18:38:32,864 INFO Geocoding: Ravenna, via Guerrini, 0 , piazza Arcivescovado 0
2025-12-13 18:38:32,865 INFO Nominatim query: {'street': 'via Guerrini', 'city': 'Ravenna', 'state': 'Emilia-Romagna', 'country': 'Italy'}
2025-12-13 18:38:52,906 INFO Nominatim query: {'q': 'via Guerrini, Ravenna, Emilia-Romagna, Italy'}
2025-12-13 18:39:12,936 INFO Nominatim query: {'q': 'Ravenna, Emilia-Romagna, Italy'}
2025-12-13 18:39:32,957 INFO Nominatim query: {'q': 'Ravenna, via Guerrini, 0, piazza Arcivescovado 0, Ravenna, Emilia-Romagna, Italy'}
2025-12-13 18:39:53,006 WARNING FAILED: Ravenna, via Guerrini, 0 , piazza Arcivescovado 0
2025-12-13 18:39:53,006 INFO Geocoding: Ravenna, via Paolo Costa, 10
2025-12-13 18:39:53,006 INFO Nominatim query: {'street': 'via Paolo Costa', 'city': 'Ravenna', 'state': 'Emilia-Romagna', 'country': 'Italy'}
2025-12-13 18:40:13,021 INFO Nominatim query: {'q': 'via Paolo Costa, Ravenna, Emilia-Romagna, Italy'}
2025-12-13 18:40:33,035 INFO Nominatim query: {'q': 'Ravenna, Emilia-Romagna, Italy'}
2025-12-13 18:40:53,066 INFO Nominatim query: {'q': 'Ravenna, via Paolo Costa, 10, Ravenna, Emilia-Romagna, Italy'}
2025-12-13 18:41:13,082 WARNING FAILED: Ravenna, via Paolo Costa, 10
2025-12-13 18:41:13,083 INFO Geocoding: Ravenna, Via Di Roma, 0
2025-12-13 18:41:13,084 INFO Nominatim query: {'street': 'Via Di Roma', 'city': 'Ravenna', 'state': 'Emilia-Romagna', 'country': 'Italy'}
2025-12-13 18:41:33,095 INFO Nominatim query: {'q': 'Via Di Roma, Ravenna, Emilia-Romagna, Italy'}
2025-12-13 18:41:53,107 INFO Nominatim query: {'q': 'Ravenna, Emilia-Romagna, Italy'}
2025-12-13 18:42:13,137 INFO Nominatim query: {'q': 'Ravenna, Via Di Roma, 0, Ravenna, Emilia-Romagna, Italy'}
2025-12-13 18:42:33,171 WARNING FAILED: Ravenna, Via Di Roma, 0
2025-12-13 18:42:33,171 INFO Geocoding: Ravenna, via G. Mazzini, 75
2025-12-13 18:42:33,172 INFO Nominatim query: {'street': 'via G. Mazzini', 'city': 'Ravenna', 'state': 'Emilia-Romagna', 'country': 'Italy'}
2025-12-13 18:42:53,201 INFO Nominatim query: {'q': 'via G. Mazzini, Ravenna, Emilia-Romagna, Italy'}
2025-12-13 18:43:13,212 INFO Nominatim query: {'q': 'Ravenna, Emilia-Romagna, Italy'}
2025-12-13 18:43:33,223 INFO Nominatim query: {'q': 'Ravenna, via G. Mazzini, 75, Ravenna, Emilia-Romagna, Italy'}
2025-12-13 18:43:53,258 WARNING FAILED: Ravenna, via G. Mazzini, 75
2025-12-13 18:43:53,259 INFO Geocoding: Ravenna, via di Roma, 47
2025-12-13 18:43:53,259 INFO Nominatim query: {'street': 'via di Roma', 'city': 'Ravenna', 'state': 'Emilia-Romagna', 'country': 'Italy'}
2025-12-13 18:44:13,274 INFO Nominatim query: {'q': 'via di Roma, Ravenna, Emilia-Romagna, Italy'}
2025-12-13 18:44:33,286 INFO Nominatim query: {'q': 'Ravenna, Emilia-Romagna, Italy'}
2025-12-13 18:44:53,318 INFO Nominatim query: {'q': 'Ravenna, via di Roma, 47, Ravenna, Emilia-Romagna, Italy'}
2025-12-13 18:45:13,330 WARNING FAILED: Ravenna, via di Roma, 47
2025-12-13 18:45:13,330 INFO Geocoding: Ravenna, SAN ZACCARIA, Via Dismano, 663
2025-12-13 18:45:13,330 INFO Nominatim query: {'street': 'Via Dismano', 'city': 'Ravenna', 'state': 'Emilia-Romagna', 'country': 'Italy'}
2025-12-13 18:45:33,345 INFO Nominatim query: {'q': 'Via Dismano, Ravenna, Emilia-Romagna, Italy'}
2025-12-13 18:45:53,389 INFO Nominatim query: {'q': 'Ravenna, Emilia-Romagna, Italy'}
2025-12-13 18:46:13,471 INFO Nominatim query: {'q': 'Ravenna, SAN ZACCARIA, Via Dismano, 663, Ravenna, Emilia-Romagna, Italy'}
2025-12-13 18:46:33,487 WARNING FAILED: Ravenna, SAN ZACCARIA, Via Dismano, 663
2025-12-13 18:46:33,487 INFO Geocoding: Ravenna, Via della Chiesa, 0
2025-12-13 18:46:33,488 INFO Nominatim query: {'street': 'Via della Chiesa', 'city': 'Ravenna', 'state': 'Emilia-Romagna', 'country': 'Italy'}
2025-12-13 18:46:53,533 INFO Nominatim query: {'q': 'Via della Chiesa, Ravenna, Emilia-Romagna, Italy'}
2025-12-13 18:47:13,548 INFO Nominatim query: {'q': 'Ravenna, Emilia-Romagna, Italy'}
2025-12-13 18:47:33,563 INFO Nominatim query: {'q': 'Ravenna, Via della Chiesa, 0, Ravenna, Emilia-Romagna, Italy'}
2025-12-13 18:47:53,602 WARNING FAILED: Ravenna, Via della Chiesa, 0
2025-12-13 18:47:53,602 INFO Geocoding: Ravenna, via Galla Placida, 2
2025-12-13 18:47:53,603 INFO Nominatim query: {'street': 'via Galla Placida', 'city': 'Ravenna', 'state': 'Emilia-Romagna', 'country': 'Italy'}
2025-12-13 18:48:13,623 INFO Nominatim query: {'q': 'via Galla Placida, Ravenna, Emilia-Romagna, Italy'}
2025-12-13 18:48:33,636 INFO Nominatim query: {'q': 'Ravenna, Emilia-Romagna, Italy'}
2025-12-13 18:48:53,668 INFO Nominatim query: {'q': 'Ravenna, via Galla Placida, 2, Ravenna, Emilia-Romagna, Italy'}
2025-12-13 18:49:13,684 WARNING FAILED: Ravenna, via Galla Placida, 2
2025-12-13 18:49:13,684 INFO Geocoding: Ravenna, via Casa Matha, 1/ 3, via IV Novembre, 37/ 39
2025-12-13 18:49:13,684 INFO Nominatim query: {'street': 'via Casa Matha', 'city': 'Ravenna', 'state': 'Emilia-Romagna', 'country': 'Italy'}
2025-12-13 18:49:33,693 INFO Nominatim query: {'q': 'via Casa Matha, Ravenna, Emilia-Romagna, Italy'}
2025-12-13 18:49:53,730 INFO Nominatim query: {'q': 'Ravenna, Emilia-Romagna, Italy'}
2025-12-13 18:50:13,742 INFO Nominatim query: {'q': 'Ravenna, via Casa Matha, 1/ 3, via IV Novembre, 37/ 39, Ravenna, Emilia-Romagna, Italy'}
2025-12-13 18:50:33,752 WARNING FAILED: Ravenna, via Casa Matha, 1/ 3, via IV Novembre, 37/ 39
2025-12-13 18:50:33,752 INFO Geocoding: Ravenna, via di Roma, 0
2025-12-13 18:50:33,753 INFO Nominatim query: {'street': 'via di Roma', 'city': 'Ravenna', 'state': 'Emilia-Romagna', 'country': 'Italy'}
2025-12-13 18:50:53,788 INFO Nominatim query: {'q': 'via di Roma, Ravenna, Emilia-Romagna, Italy'}
2025-12-13 18:51:13,799 INFO Nominatim query: {'q': 'Ravenna, Emilia-Romagna, Italy'}
2025-12-13 18:51:33,813 INFO Nominatim query: {'q': 'Ravenna, via di Roma, 0, Ravenna, Emilia-Romagna, Italy'}
2025-12-13 18:51:53,845 WARNING FAILED: Ravenna, via di Roma, 0
2025-12-13 18:51:53,846 INFO Geocoding: Ravenna, Vic. S. Nicandro, 0
2025-12-13 18:51:53,847 INFO Nominatim query: {'q': 'Ravenna, Emilia-Romagna, Italy'}
2025-12-13 18:52:13,946 INFO Nominatim query: {'q': 'Ravenna, Vic. San. Nicandro, 0, Ravenna, Emilia-Romagna, Italy'}
2025-12-13 18:52:33,958 WARNING FAILED: Ravenna, Vic. S. Nicandro, 0
2025-12-13 18:52:33,959 INFO Geocoding: Ravenna, Piazza del popolo, 0
2025-12-13 18:52:33,960 INFO Nominatim query: {'street': 'Piazza del popolo', 'city': 'Ravenna', 'state': 'Emilia-Romagna', 'country': 'Italy'}
2025-12-13 18:52:53,973 INFO Nominatim query: {'q': 'Piazza del popolo, Ravenna, Emilia-Romagna, Italy'}
2025-12-13 18:53:14,007 INFO Nominatim query: {'q': 'Ravenna, Emilia-Romagna, Italy'}
2025-12-13 18:53:34,044 INFO Nominatim query: {'q': 'Ravenna, Piazza del popolo, 0, Ravenna, Emilia-Romagna, Italy'}
2025-12-13 18:53:54,061 WARNING FAILED: Ravenna, Piazza del popolo, 0
2025-12-13 18:53:54,062 INFO Geocoding: Ravenna, via di Roma, 0
2025-12-13 18:53:54,063 INFO Nominatim query: {'street': 'via di Roma', 'city': 'Ravenna', 'state': 'Emilia-Romagna', 'country': 'Italy'}
2025-12-13 18:54:14,093 INFO Nominatim query: {'q': 'via di Roma, Ravenna, Emilia-Romagna, Italy'}
2025-12-13 18:54:34,111 INFO Nominatim query: {'q': 'Ravenna, Emilia-Romagna, Italy'}
2025-12-13 18:54:54,119 INFO Nominatim query: {'q': 'Ravenna, via di Roma, 0, Ravenna, Emilia-Romagna, Italy'}
2025-12-13 18:55:14,172 WARNING FAILED: Ravenna, via di Roma, 0
2025-12-13 18:55:14,173 INFO Geocoding: Ravenna, Piazza Anita Garibaldi, 0
2025-12-13 18:55:14,174 INFO Nominatim query: {'street': 'Piazza Anita Garibaldi', 'city': 'Ravenna', 'state': 'Emilia-Romagna', 'country': 'Italy'}
2025-12-13 18:55:34,197 INFO Nominatim query: {'q': 'Piazza Anita Garibaldi, Ravenna, Emilia-Romagna, Italy'}
2025-12-13 18:55:54,211 INFO Nominatim query: {'q': 'Ravenna, Emilia-Romagna, Italy'}
2025-12-13 18:56:14,241 INFO Nominatim query: {'q': 'Ravenna, Piazza Anita Garibaldi, 0, Ravenna, Emilia-Romagna, Italy'}
2025-12-13 18:56:34,258 WARNING FAILED: Ravenna, Piazza Anita Garibaldi, 0
2025-12-13 18:56:34,259 INFO Geocoding: Ravenna, Via del Candiano
2025-12-13 18:56:34,259 INFO Nominatim query: {'street': 'Via del Candiano', 'city': 'Ravenna', 'state': 'Emilia-Romagna', 'country': 'Italy'}
2025-12-13 18:56:54,275 INFO Nominatim query: {'q': 'Via del Candiano, Ravenna, Emilia-Romagna, Italy'}
2025-12-13 18:57:14,330 INFO Nominatim query: {'q': 'Ravenna, Emilia-Romagna, Italy'}
2025-12-13 18:57:34,399 INFO Nominatim query: {'q': 'Ravenna, Via del Candiano, Ravenna, Emilia-Romagna, Italy'}
2025-12-13 18:57:54,426 WARNING FAILED: Ravenna, Via del Candiano
2025-12-13 18:57:54,427 INFO Geocoding: Ravenna, via di Roma, 113 ,115
2025-12-13 18:57:54,428 INFO Nominatim query: {'street': 'via di Roma', 'city': 'Ravenna', 'state': 'Emilia-Romagna', 'country': 'Italy'}
2025-12-13 18:58:14,450 INFO Nominatim query: {'q': 'via di Roma, Ravenna, Emilia-Romagna, Italy'}
2025-12-13 18:58:34,481 INFO Nominatim query: {'q': 'Ravenna, Emilia-Romagna, Italy'}
2025-12-13 18:58:54,485 INFO Nominatim query: {'q': 'Ravenna, via di Roma, 113, 115, Ravenna, Emilia-Romagna, Italy'}
2025-12-13 18:59:14,506 WARNING FAILED: Ravenna, via di Roma, 113 ,115
2025-12-13 18:59:14,507 INFO Geocoding: Ravenna, LONGANA, Via Ravegnana, 0
2025-12-13 18:59:14,507 INFO Nominatim query: {'street': 'Via Ravegnana', 'city': 'Ravenna', 'state': 'Emilia-Romagna', 'country': 'Italy'}
2025-12-13 18:59:34,601 INFO Nominatim query: {'q': 'Via Ravegnana, Ravenna, Emilia-Romagna, Italy'}
2025-12-13 18:59:54,614 INFO Nominatim query: {'q': 'Ravenna, Emilia-Romagna, Italy'}
2025-12-13 19:00:14,635 INFO Nominatim query: {'q': 'Ravenna, LONGANA, Via Ravegnana, 0, Ravenna, Emilia-Romagna, Italy'}
2025-12-13 19:00:34,666 WARNING FAILED: Ravenna, LONGANA, Via Ravegnana, 0
2025-12-13 19:00:34,667 INFO Geocoding: Ravenna, Via Guido Da Polenta, 0
2025-12-13 19:00:34,668 INFO Nominatim query: {'street': 'Via Guido Da Polenta', 'city': 'Ravenna', 'state': 'Emilia-Romagna', 'country': 'Italy'}
2025-12-13 19:00:54,706 INFO Nominatim query: {'q': 'Via Guido Da Polenta, Ravenna, Emilia-Romagna, Italy'}
2025-12-13 19:01:14,719 INFO Nominatim query: {'q': 'Ravenna, Emilia-Romagna, Italy'}
2025-12-13 19:01:34,836 INFO Nominatim query: {'q': 'Ravenna, Via Guido Da Polenta, 0, Ravenna, Emilia-Romagna, Italy'}
2025-12-13 19:01:54,853 WARNING FAILED: Ravenna, Via Guido Da Polenta, 0
2025-12-13 19:01:54,854 INFO Geocoding: Ravenna, via Dante Alighieri, 9
2025-12-13 19:01:54,854 INFO Nominatim query: {'street': 'via Dante Alighieri', 'city': 'Ravenna', 'state': 'Emilia-Romagna', 'country': 'Italy'}
2025-12-13 19:02:14,874 INFO Nominatim query: {'q': 'via Dante Alighieri, Ravenna, Emilia-Romagna, Italy'}
2025-12-13 19:02:34,890 INFO Nominatim query: {'q': 'Ravenna, Emilia-Romagna, Italy'}
2025-12-13 19:02:54,900 INFO Nominatim query: {'q': 'Ravenna, via Dante Alighieri, 9, Ravenna, Emilia-Romagna, Italy'}
2025-12-13 19:03:14,946 WARNING FAILED: Ravenna, via Dante Alighieri, 9
2025-12-13 19:03:14,947 INFO Geocoding: Ravenna, Via S.Vitale, 17
2025-12-13 19:03:14,948 INFO Nominatim query: {'street': 'Via SanVitale', 'city': 'Ravenna', 'state': 'Emilia-Romagna', 'country': 'Italy'}
2025-12-13 19:03:35,029 INFO Nominatim query: {'q': 'Via SanVitale, Ravenna, Emilia-Romagna, Italy'}
2025-12-13 19:03:55,054 INFO Nominatim query: {'q': 'Ravenna, Emilia-Romagna, Italy'}
2025-12-13 19:04:15,071 INFO Nominatim query: {'q': 'Ravenna, Via SanVitale, 17, Ravenna, Emilia-Romagna, Italy'}
2025-12-13 19:04:35,102 WARNING FAILED: Ravenna, Via S.Vitale, 17
2025-12-13 19:04:35,103 INFO Geocoding: Ravenna, P.zza Anita Garibaldi, 0
2025-12-13 19:04:35,104 INFO Nominatim query: {'street': 'Piazza Anita Garibaldi', 'city': 'Ravenna', 'state': 'Emilia-Romagna', 'country': 'Italy'}
2025-12-13 19:04:55,127 INFO Nominatim query: {'q': 'Piazza Anita Garibaldi, Ravenna, Emilia-Romagna, Italy'}
2025-12-13 19:05:15,149 INFO Nominatim query: {'q': 'Ravenna, Emilia-Romagna, Italy'}
2025-12-13 19:05:35,185 INFO Nominatim query: {'q': 'Ravenna, Piazza Anita Garibaldi, 0, Ravenna, Emilia-Romagna, Italy'}
2025-12-13 19:05:55,211 WARNING FAILED: Ravenna, P.zza Anita Garibaldi, 0
2025-12-13 19:05:55,211 INFO Geocoding: Ravenna, Via Cura, 0
2025-12-13 19:05:55,212 INFO Nominatim query: {'street': 'Via Cura', 'city': 'Ravenna', 'state': 'Emilia-Romagna', 'country': 'Italy'}
2025-12-13 19:06:15,221 INFO Nominatim query: {'q': 'Via Cura, Ravenna, Emilia-Romagna, Italy'}
2025-12-13 19:06:35,261 INFO Nominatim query: {'q': 'Ravenna, Emilia-Romagna, Italy'}
2025-12-13 19:06:55,283 INFO Nominatim query: {'q': 'Ravenna, Via Cura, 0, Ravenna, Emilia-Romagna, Italy'}
2025-12-13 19:07:15,307 WARNING FAILED: Ravenna, Via Cura, 0
2025-12-13 19:07:15,308 INFO Geocoding: Ravenna, via G. Rossi, 51, 53
2025-12-13 19:07:15,308 INFO Nominatim query: {'street': 'via G. Rossi', 'city': 'Ravenna', 'state': 'Emilia-Romagna', 'country': 'Italy'}
2025-12-13 19:07:35,344 INFO Nominatim query: {'q': 'via G. Rossi, Ravenna, Emilia-Romagna, Italy'}
2025-12-13 19:07:55,366 INFO Nominatim query: {'q': 'Ravenna, Emilia-Romagna, Italy'}
2025-12-13 19:08:15,380 INFO Nominatim query: {'q': 'Ravenna, via G. Rossi, 51, 53, Ravenna, Emilia-Romagna, Italy'}
2025-12-13 19:08:35,405 WARNING FAILED: Ravenna, via G. Rossi, 51, 53
2025-12-13 19:08:35,405 INFO Geocoding: Ravenna, via San Vitale, 5
2025-12-13 19:08:35,406 INFO Nominatim query: {'street': 'via San Vitale', 'city': 'Ravenna', 'state': 'Emilia-Romagna', 'country': 'Italy'}
2025-12-13 19:08:55,479 INFO Nominatim query: {'q': 'via San Vitale, Ravenna, Emilia-Romagna, Italy'}
2025-12-13 19:09:15,503 INFO Nominatim query: {'q': 'Ravenna, Emilia-Romagna, Italy'}
2025-12-13 19:09:35,521 INFO Nominatim query: {'q': 'Ravenna, via San Vitale, 5, Ravenna, Emilia-Romagna, Italy'}
2025-12-13 19:09:55,551 WARNING FAILED: Ravenna, via San Vitale, 5
2025-12-13 19:09:55,552 INFO Geocoding: Ravenna, via Cavour, 54
2025-12-13 19:09:55,553 INFO Nominatim query: {'street': 'via Cavour', 'city': 'Ravenna', 'state': 'Emilia-Romagna', 'country': 'Italy'}
2025-12-13 19:10:15,588 INFO Nominatim query: {'q': 'via Cavour, Ravenna, Emilia-Romagna, Italy'}
2025-12-13 19:10:35,600 INFO Nominatim query: {'q': 'Ravenna, Emilia-Romagna, Italy'}
2025-12-13 19:10:55,632 INFO Nominatim query: {'q': 'Ravenna, via Cavour, 54, Ravenna, Emilia-Romagna, Italy'}
2025-12-13 19:11:15,662 WARNING FAILED: Ravenna, via Cavour, 54
2025-12-13 19:11:15,662 INFO Geocoding: Ravenna, via Romolo Gessi, 20
2025-12-13 19:11:15,663 INFO Nominatim query: {'street': 'via Romolo Gessi', 'city': 'Ravenna', 'state': 'Emilia-Romagna', 'country': 'Italy'}
2025-12-13 19:11:35,682 INFO Nominatim query: {'q': 'via Romolo Gessi, Ravenna, Emilia-Romagna, Italy'}
2025-12-13 19:11:55,736 INFO Nominatim query: {'q': 'Ravenna, Emilia-Romagna, Italy'}
2025-12-13 19:12:15,757 INFO Nominatim query: {'q': 'Ravenna, via Romolo Gessi, 20, Ravenna, Emilia-Romagna, Italy'}
2025-12-13 19:12:35,771 WARNING FAILED: Ravenna, via Romolo Gessi, 20
2025-12-13 19:12:35,772 INFO Geocoding: Ravenna, Via Anastagi, 19
2025-12-13 19:12:35,772 INFO Nominatim query: {'street': 'Via Anastagi', 'city': 'Ravenna', 'state': 'Emilia-Romagna', 'country': 'Italy'}
2025-12-13 19:12:55,799 INFO Nominatim query: {'q': 'Via Anastagi, Ravenna, Emilia-Romagna, Italy'}
2025-12-13 19:13:15,818 INFO Nominatim query: {'q': 'Ravenna, Emilia-Romagna, Italy'}
2025-12-13 19:13:35,858 INFO Nominatim query: {'q': 'Ravenna, Via Anastagi, 19, Ravenna, Emilia-Romagna, Italy'}
2025-12-13 19:13:55,940 WARNING FAILED: Ravenna, Via Anastagi, 19
2025-12-13 19:13:55,942 INFO Geocoding: Ravenna, via Zagarelli Alle Mura, 32
2025-12-13 19:13:55,943 INFO Nominatim query: {'street': 'via Zagarelli Alle Mura', 'city': 'Ravenna', 'state': 'Emilia-Romagna', 'country': 'Italy'}
2025-12-13 19:14:15,956 INFO Nominatim query: {'q': 'via Zagarelli Alle Mura, Ravenna, Emilia-Romagna, Italy'}
2025-12-13 19:14:35,977 INFO Nominatim query: {'q': 'Ravenna, Emilia-Romagna, Italy'}
2025-12-13 19:14:56,023 INFO Nominatim query: {'q': 'Ravenna, via Zagarelli Alle Mura, 32, Ravenna, Emilia-Romagna, Italy'}
2025-12-13 19:15:16,051 WARNING FAILED: Ravenna, via Zagarelli Alle Mura, 32
2025-12-13 19:15:16,052 INFO Geocoding: Ravenna, via Paolo Costa, 49
2025-12-13 19:15:16,052 INFO Nominatim query: {'street': 'via Paolo Costa', 'city': 'Ravenna', 'state': 'Emilia-Romagna', 'country': 'Italy'}
2025-12-13 19:15:36,065 INFO Nominatim query: {'q': 'via Paolo Costa, Ravenna, Emilia-Romagna, Italy'}
2025-12-13 19:15:56,099 INFO Nominatim query: {'q': 'Ravenna, Emilia-Romagna, Italy'}
2025-12-13 19:16:16,126 INFO Nominatim query: {'q': 'Ravenna, via Paolo Costa, 49, Ravenna, Emilia-Romagna, Italy'}
2025-12-13 19:16:36,149 WARNING FAILED: Ravenna, via Paolo Costa, 49
2025-12-13 19:16:36,150 INFO Geocoding: Ravenna, Via Zignani, 44
2025-12-13 19:16:36,151 INFO Nominatim query: {'street': 'Via Zignani', 'city': 'Ravenna', 'state': 'Emilia-Romagna', 'country': 'Italy'}
2025-12-13 19:16:56,188 INFO Nominatim query: {'q': 'Via Zignani, Ravenna, Emilia-Romagna, Italy'}
2025-12-13 19:17:16,208 INFO Nominatim query: {'q': 'Ravenna, Emilia-Romagna, Italy'}
2025-12-13 19:17:36,236 INFO Nominatim query: {'q': 'Ravenna, Via Zignani, 44, Ravenna, Emilia-Romagna, Italy'}
2025-12-13 19:17:56,285 WARNING FAILED: Ravenna, Via Zignani, 44
2025-12-13 19:17:56,286 INFO Geocoding: Ravenna, via G. Mazzini, 49, 51, 53, 55
2025-12-13 19:17:56,288 INFO Nominatim query: {'street': 'via G. Mazzini', 'city': 'Ravenna', 'state': 'Emilia-Romagna', 'country': 'Italy'}
2025-12-13 19:18:16,311 INFO Nominatim query: {'q': 'via G. Mazzini, Ravenna, Emilia-Romagna, Italy'}
2025-12-13 19:18:36,334 INFO Nominatim query: {'q': 'Ravenna, Emilia-Romagna, Italy'}
2025-12-13 19:18:56,384 INFO Nominatim query: {'q': 'Ravenna, via G. Mazzini, 49, 51, 53, 55, Ravenna, Emilia-Romagna, Italy'}
2025-12-13 19:19:16,607 WARNING FAILED: Ravenna, via G. Mazzini, 49, 51, 53, 55
2025-12-13 19:19:16,608 INFO Geocoding: Ravenna, CLASSE, Via Romea, 0
2025-12-13 19:19:16,609 INFO Nominatim query: {'street': 'Via Romea', 'city': 'Ravenna', 'state': 'Emilia-Romagna', 'country': 'Italy'}
2025-12-13 19:19:36,621 INFO Nominatim query: {'q': 'Via Romea, Ravenna, Emilia-Romagna, Italy'}
2025-12-13 19:19:56,642 INFO Nominatim query: {'q': 'Ravenna, Emilia-Romagna, Italy'}
2025-12-13 19:20:16,672 INFO Nominatim query: {'q': 'Ravenna, CLASSE, Via Romea, 0, Ravenna, Emilia-Romagna, Italy'}
2025-12-13 19:20:36,692 WARNING FAILED: Ravenna, CLASSE, Via Romea, 0
2025-12-13 19:20:36,692 INFO Geocoding: Ravenna, Via Baccarini
2025-12-13 19:20:36,693 INFO Nominatim query: {'street': 'Via Baccarini', 'city': 'Ravenna', 'state': 'Emilia-Romagna', 'country': 'Italy'}
2025-12-13 19:20:56,707 INFO Nominatim query: {'q': 'Via Baccarini, Ravenna, Emilia-Romagna, Italy'}
2025-12-13 19:21:16,744 INFO Nominatim query: {'q': 'Ravenna, Emilia-Romagna, Italy'}
2025-12-13 19:21:36,767 INFO Nominatim query: {'q': 'Ravenna, Via Baccarini, Ravenna, Emilia-Romagna, Italy'}
2025-12-13 19:21:56,782 WARNING FAILED: Ravenna, Via Baccarini
2025-12-13 19:21:56,783 INFO Geocoding: Ravenna, Via G. Ghiselli, 32
2025-12-13 19:21:56,783 INFO Nominatim query: {'street': 'Via G. Ghiselli', 'city': 'Ravenna', 'state': 'Emilia-Romagna', 'country': 'Italy'}
2025-12-13 19:22:16,813 INFO Nominatim query: {'q': 'Via G. Ghiselli, Ravenna, Emilia-Romagna, Italy'}
2025-12-13 19:22:36,838 INFO Nominatim query: {'q': 'Ravenna, Emilia-Romagna, Italy'}
2025-12-13 19:22:56,854 INFO Nominatim query: {'q': 'Ravenna, Via G. Ghiselli, 32, Ravenna, Emilia-Romagna, Italy'}
2025-12-13 19:23:16,902 WARNING FAILED: Ravenna, Via G. Ghiselli, 32
2025-12-13 19:23:16,903 INFO Geocoding: Ravenna, via Bagnolo Salara, 65
2025-12-13 19:23:16,904 INFO Nominatim query: {'street': 'via Bagnolo Salara', 'city': 'Ravenna', 'state': 'Emilia-Romagna', 'country': 'Italy'}
2025-12-13 19:23:36,919 INFO Nominatim query: {'q': 'via Bagnolo Salara, Ravenna, Emilia-Romagna, Italy'}
2025-12-13 19:23:56,931 INFO Nominatim query: {'q': 'Ravenna, Emilia-Romagna, Italy'}
2025-12-13 19:24:16,990 INFO Nominatim query: {'q': 'Ravenna, via Bagnolo Salara, 65, Ravenna, Emilia-Romagna, Italy'}
2025-12-13 19:24:37,011 WARNING FAILED: Ravenna, via Bagnolo Salara, 65
2025-12-13 19:24:37,012 INFO Geocoding: Ravenna, vicolo Genocchi, 9
2025-12-13 19:24:37,012 INFO Nominatim query: {'street': 'vicolo Genocchi', 'city': 'Ravenna', 'state': 'Emilia-Romagna', 'country': 'Italy'}
2025-12-13 19:24:57,031 INFO Nominatim query: {'q': 'vicolo Genocchi, Ravenna, Emilia-Romagna, Italy'}
2025-12-13 19:25:17,062 INFO Nominatim query: {'q': 'Ravenna, Emilia-Romagna, Italy'}
2025-12-13 19:25:37,077 INFO Nominatim query: {'q': 'Ravenna, vicolo Genocchi, 9, Ravenna, Emilia-Romagna, Italy'}
2025-12-13 19:25:57,090 WARNING FAILED: Ravenna, vicolo Genocchi, 9
2025-12-13 19:25:57,091 INFO Geocoding: Ravenna, Via G. Rossi, 6
2025-12-13 19:25:57,092 INFO Nominatim query: {'street': 'Via G. Rossi', 'city': 'Ravenna', 'state': 'Emilia-Romagna', 'country': 'Italy'}
2025-12-13 19:26:17,135 INFO Nominatim query: {'q': 'Via G. Rossi, Ravenna, Emilia-Romagna, Italy'}
2025-12-13 19:26:37,154 INFO Nominatim query: {'q': 'Ravenna, Emilia-Romagna, Italy'}
2025-12-13 19:26:57,177 INFO Nominatim query: {'q': 'Ravenna, Via G. Rossi, 6, Ravenna, Emilia-Romagna, Italy'}
2025-12-13 19:27:17,216 WARNING FAILED: Ravenna, Via G. Rossi, 6
2025-12-13 19:27:17,217 INFO Geocoding: Ravenna, Via del Cimitero, 0
2025-12-13 19:27:17,218 INFO Nominatim query: {'street': 'Via del Cimitero', 'city': 'Ravenna', 'state': 'Emilia-Romagna', 'country': 'Italy'}
2025-12-13 19:27:37,246 INFO Nominatim query: {'q': 'Via del Cimitero, Ravenna, Emilia-Romagna, Italy'}
2025-12-13 19:27:57,293 INFO Nominatim query: {'q': 'Ravenna, Emilia-Romagna, Italy'}
2025-12-13 19:28:17,348 INFO Nominatim query: {'q': 'Ravenna, Via del Cimitero, 0, Ravenna, Emilia-Romagna, Italy'}
2025-12-13 19:28:37,397 WARNING FAILED: Ravenna, Via del Cimitero, 0
2025-12-13 19:28:37,398 INFO Geocoding: Ravenna, PIANGIPANE, via Mezzoli, 45
2025-12-13 19:28:37,398 INFO Nominatim query: {'street': 'via Mezzoli', 'city': 'Ravenna', 'state': 'Emilia-Romagna', 'country': 'Italy'}
2025-12-13 19:28:57,422 INFO Nominatim query: {'q': 'via Mezzoli, Ravenna, Emilia-Romagna, Italy'}
2025-12-13 19:29:17,463 INFO Nominatim query: {'q': 'Ravenna, Emilia-Romagna, Italy'}
2025-12-13 19:29:37,548 INFO Nominatim query: {'q': 'Ravenna, PIANGIPANE, via Mezzoli, 45, Ravenna, Emilia-Romagna, Italy'}
2025-12-13 19:29:57,577 WARNING FAILED: Ravenna, PIANGIPANE, via Mezzoli, 45
2025-12-13 19:29:57,578 INFO Geocoding: Ravenna, Via Battistero, 0, all'interno del giardino del Duomo fra via G. Rasponi e via R. Gessi
2025-12-13 19:29:57,579 INFO Nominatim query: {'street': 'Via Battistero', 'city': 'Ravenna', 'state': 'Emilia-Romagna', 'country': 'Italy'}
2025-12-13 19:30:17,608 INFO Nominatim query: {'q': 'Via Battistero, Ravenna, Emilia-Romagna, Italy'}
2025-12-13 19:30:37,643 INFO Nominatim query: {'q': 'Ravenna, Emilia-Romagna, Italy'}
2025-12-13 19:30:57,661 INFO Nominatim query: {'q': "Ravenna, Via Battistero, 0, all'interno del giardino del Duomo fra via G. Rasponi e via R. Gessi, Ravenna, Emilia-Romagna, Italy"}
2025-12-13 19:31:17,691 WARNING FAILED: Ravenna, Via Battistero, 0, all'interno del giardino del Duomo fra via G. Rasponi e via R. Gessi
2025-12-13 19:31:17,692 INFO Geocoding: Ravenna, Via Mura S. Vitale
2025-12-13 19:31:17,693 INFO Nominatim query: {'street': 'Via Mura San. Vitale', 'city': 'Ravenna', 'state': 'Emilia-Romagna', 'country': 'Italy'}
2025-12-13 19:31:37,728 INFO Nominatim query: {'q': 'Via Mura San. Vitale, Ravenna, Emilia-Romagna, Italy'}
2025-12-13 19:31:57,737 INFO Nominatim query: {'q': 'Ravenna, Emilia-Romagna, Italy'}
2025-12-13 19:32:17,750 INFO Nominatim query: {'q': 'Ravenna, Via Mura San. Vitale, Ravenna, Emilia-Romagna, Italy'}
2025-12-13 19:32:37,788 WARNING FAILED: Ravenna, Via Mura S. Vitale
2025-12-13 19:32:37,789 INFO Geocoding: Ravenna, Via Girolamo Rossi, 0
2025-12-13 19:32:37,790 INFO Nominatim query: {'street': 'Via Girolamo Rossi', 'city': 'Ravenna', 'state': 'Emilia-Romagna', 'country': 'Italy'}
2025-12-13 19:32:57,811 INFO Nominatim query: {'q': 'Via Girolamo Rossi, Ravenna, Emilia-Romagna, Italy'}
2025-12-13 19:33:17,857 INFO Nominatim query: {'q': 'Ravenna, Emilia-Romagna, Italy'}
2025-12-13 19:33:37,893 INFO Nominatim query: {'q': 'Ravenna, Via Girolamo Rossi, 0, Ravenna, Emilia-Romagna, Italy'}
2025-12-13 19:33:57,922 WARNING FAILED: Ravenna, Via Girolamo Rossi, 0
2025-12-13 19:33:57,924 INFO Geocoding: Ravenna, S.S. Adriatica, 16
2025-12-13 19:33:57,925 INFO Nominatim query: {'q': 'Ravenna, Emilia-Romagna, Italy'}
2025-12-13 19:34:17,941 INFO Nominatim query: {'q': 'Ravenna, SanSan. Adriatica, 16, Ravenna, Emilia-Romagna, Italy'}
2025-12-13 19:34:37,984 WARNING FAILED: Ravenna, S.S. Adriatica, 16
2025-12-13 19:34:37,984 INFO Geocoding: Ravenna, piazza Duomo, 3/ 2
2025-12-13 19:34:37,985 INFO Nominatim query: {'street': 'piazza Duomo', 'city': 'Ravenna', 'state': 'Emilia-Romagna', 'country': 'Italy'}
2025-12-13 19:34:57,999 INFO Nominatim query: {'q': 'piazza Duomo, Ravenna, Emilia-Romagna, Italy'}
2025-12-13 19:35:18,022 INFO Nominatim query: {'q': 'Ravenna, Emilia-Romagna, Italy'}
2025-12-13 19:35:38,043 INFO Nominatim query: {'q': 'Ravenna, piazza Duomo, 3/ 2, Ravenna, Emilia-Romagna, Italy'}
2025-12-13 19:35:58,055 WARNING FAILED: Ravenna, piazza Duomo, 3/ 2
2025-12-13 19:35:58,055 INFO Geocoding: Ravenna, MADONNA DELL'ALBERO, Via Cella,0
2025-12-13 19:35:58,056 INFO Nominatim query: {'street': 'Via Cella', 'city': 'Ravenna', 'state': 'Emilia-Romagna', 'country': 'Italy'}
2025-12-13 19:36:18,070 INFO Nominatim query: {'q': 'Via Cella, Ravenna, Emilia-Romagna, Italy'}
2025-12-13 19:36:38,100 INFO Nominatim query: {'q': 'Ravenna, Emilia-Romagna, Italy'}
2025-12-13 19:36:58,119 INFO Nominatim query: {'q': "Ravenna, MADONNA DELL'ALBERO, Via Cella, 0, Ravenna, Emilia-Romagna, Italy"}
2025-12-13 19:37:18,141 WARNING FAILED: Ravenna, MADONNA DELL'ALBERO, Via Cella,0
2025-12-13 19:37:18,142 INFO Geocoding: Ravenna
2025-12-13 19:37:18,142 INFO Nominatim query: {'q': 'Ravenna, Emilia-Romagna, Italy'}
2025-12-13 19:37:38,165 INFO Nominatim query: {'q': 'Ravenna, Ravenna, Emilia-Romagna, Italy'}
2025-12-13 19:37:58,197 WARNING FAILED: Ravenna
2025-12-13 19:37:58,198 INFO Geocoding: Ravenna, Via Mazzini, 0
2025-12-13 19:37:58,199 INFO Nominatim query: {'street': 'Via Mazzini', 'city': 'Ravenna', 'state': 'Emilia-Romagna', 'country': 'Italy'}
2025-12-13 19:38:18,243 INFO Nominatim query: {'q': 'Via Mazzini, Ravenna, Emilia-Romagna, Italy'}
2025-12-13 19:38:38,316 INFO Nominatim query: {'q': 'Ravenna, Emilia-Romagna, Italy'}
2025-12-13 19:38:58,364 INFO Nominatim query: {'q': 'Ravenna, Via Mazzini, 0, Ravenna, Emilia-Romagna, Italy'}
2025-12-13 19:39:18,423 WARNING FAILED: Ravenna, Via Mazzini, 0
2025-12-13 19:39:18,424 INFO Geocoding: Ravenna, Via Fiume Abbandonato, 0
2025-12-13 19:39:18,425 INFO Nominatim query: {'street': 'Via Fiume Abbandonato', 'city': 'Ravenna', 'state': 'Emilia-Romagna', 'country': 'Italy'}
2025-12-13 19:39:38,460 INFO Nominatim query: {'q': 'Via Fiume Abbandonato, Ravenna, Emilia-Romagna, Italy'}
2025-12-13 19:39:58,508 INFO Nominatim query: {'q': 'Ravenna, Emilia-Romagna, Italy'}
2025-12-13 19:40:18,524 INFO Nominatim query: {'q': 'Ravenna, Via Fiume Abbandonato, 0, Ravenna, Emilia-Romagna, Italy'}
2025-12-13 19:40:38,544 WARNING FAILED: Ravenna, Via Fiume Abbandonato, 0
2025-12-13 19:40:38,545 INFO Geocoding: Ravenna, via G. Mazzini, 64
2025-12-13 19:40:38,545 INFO Nominatim query: {'street': 'via G. Mazzini', 'city': 'Ravenna', 'state': 'Emilia-Romagna', 'country': 'Italy'}
2025-12-13 19:40:58,577 INFO Nominatim query: {'q': 'via G. Mazzini, Ravenna, Emilia-Romagna, Italy'}
2025-12-13 19:41:18,602 INFO Nominatim query: {'q': 'Ravenna, Emilia-Romagna, Italy'}
2025-12-13 19:41:38,633 INFO Nominatim query: {'q': 'Ravenna, via G. Mazzini, 64, Ravenna, Emilia-Romagna, Italy'}
2025-12-13 19:41:58,678 WARNING FAILED: Ravenna, via G. Mazzini, 64
2025-12-13 19:41:58,679 INFO Geocoding: Ravenna, Piazza S.Francesco, 0
2025-12-13 19:41:58,680 INFO Nominatim query: {'street': 'Piazza SanFrancesco', 'city': 'Ravenna', 'state': 'Emilia-Romagna', 'country': 'Italy'}
2025-12-13 19:42:18,702 INFO Nominatim query: {'q': 'Piazza SanFrancesco, Ravenna, Emilia-Romagna, Italy'}
2025-12-13 19:42:38,719 INFO Nominatim query: {'q': 'Ravenna, Emilia-Romagna, Italy'}
2025-12-13 19:42:58,792 INFO Nominatim query: {'q': 'Ravenna, Piazza SanFrancesco, 0, Ravenna, Emilia-Romagna, Italy'}
2025-12-13 19:43:18,807 WARNING FAILED: Ravenna, Piazza S.Francesco, 0
2025-12-13 19:43:18,807 INFO Geocoding: Ravenna, Via G. Guaccimanni, 0
2025-12-13 19:43:18,808 INFO Nominatim query: {'street': 'Via G. Guaccimanni', 'city': 'Ravenna', 'state': 'Emilia-Romagna', 'country': 'Italy'}
2025-12-13 19:43:38,819 INFO Nominatim query: {'q': 'Via G. Guaccimanni, Ravenna, Emilia-Romagna, Italy'}
2025-12-13 19:43:58,865 INFO Nominatim query: {'q': 'Ravenna, Emilia-Romagna, Italy'}
2025-12-13 19:44:18,892 INFO Nominatim query: {'q': 'Ravenna, Via G. Guaccimanni, 0, Ravenna, Emilia-Romagna, Italy'}
2025-12-13 19:44:38,921 WARNING FAILED: Ravenna, Via G. Guaccimanni, 0
2025-12-13 19:44:38,922 INFO Geocoding: Ravenna, Via G. Mazzini, 42
2025-12-13 19:44:38,923 INFO Nominatim query: {'street': 'Via G. Mazzini', 'city': 'Ravenna', 'state': 'Emilia-Romagna', 'country': 'Italy'}
2025-12-13 19:44:59,001 INFO Nominatim query: {'q': 'Via G. Mazzini, Ravenna, Emilia-Romagna, Italy'}
2025-12-13 19:45:19,017 INFO Nominatim query: {'q': 'Ravenna, Emilia-Romagna, Italy'}
2025-12-13 19:45:39,053 INFO Nominatim query: {'q': 'Ravenna, Via G. Mazzini, 42, Ravenna, Emilia-Romagna, Italy'}
2025-12-13 19:45:59,088 WARNING FAILED: Ravenna, Via G. Mazzini, 42
2025-12-13 19:45:59,089 INFO Geocoding: Ravenna, Via Di Roma, 67
2025-12-13 19:45:59,090 INFO Nominatim query: {'street': 'Via Di Roma', 'city': 'Ravenna', 'state': 'Emilia-Romagna', 'country': 'Italy'}
2025-12-13 19:46:19,108 INFO Nominatim query: {'q': 'Via Di Roma, Ravenna, Emilia-Romagna, Italy'}
2025-12-13 19:46:39,117 INFO Nominatim query: {'q': 'Ravenna, Emilia-Romagna, Italy'}
2025-12-13 19:46:59,154 INFO Nominatim query: {'q': 'Ravenna, Via Di Roma, 67, Ravenna, Emilia-Romagna, Italy'}
2025-12-13 19:47:19,176 WARNING FAILED: Ravenna, Via Di Roma, 67
2025-12-13 19:47:19,178 INFO Geocoding: Italia, Emilia Romagna, RA, Ravenna
2025-12-13 19:47:19,179 INFO Nominatim query: {'q': 'Italy, Emilia-Romagna, Italy'}
2025-12-13 19:47:39,222 INFO Nominatim query: {'q': 'Italy, Emilia Romagna, RA, Ravenna, Ravenna, Emilia-Romagna, Italy'}
2025-12-13 19:47:59,268 WARNING FAILED: Italia, Emilia Romagna, RA, Ravenna
2025-12-13 19:47:59,268 INFO Geocoding: Ravenna, via C. Ricci, 12,14 ,16,18
2025-12-13 19:47:59,269 INFO Nominatim query: {'street': 'via C. Ricci', 'city': 'Ravenna', 'state': 'Emilia-Romagna', 'country': 'Italy'}
2025-12-13 19:48:19,293 INFO Nominatim query: {'q': 'via C. Ricci, Ravenna, Emilia-Romagna, Italy'}
2025-12-13 19:48:39,321 INFO Nominatim query: {'q': 'Ravenna, Emilia-Romagna, Italy'}
2025-12-13 19:48:59,355 INFO Nominatim query: {'q': 'Ravenna, via C. Ricci, 12, 14, 16, 18, Ravenna, Emilia-Romagna, Italy'}
2025-12-13 19:49:19,372 WARNING FAILED: Ravenna, via C. Ricci, 12,14 ,16,18
2025-12-13 19:49:19,373 INFO Geocoding: Ravenna, Via Cura, 0
2025-12-13 19:49:19,374 INFO Nominatim query: {'street': 'Via Cura', 'city': 'Ravenna', 'state': 'Emilia-Romagna', 'country': 'Italy'}
2025-12-13 19:49:39,391 INFO Nominatim query: {'q': 'Via Cura, Ravenna, Emilia-Romagna, Italy'}
2025-12-13 19:49:59,438 INFO Nominatim query: {'q': 'Ravenna, Emilia-Romagna, Italy'}
2025-12-13 19:50:19,495 INFO Nominatim query: {'q': 'Ravenna, Via Cura, 0, Ravenna, Emilia-Romagna, Italy'}
2025-12-13 19:50:39,532 WARNING FAILED: Ravenna, Via Cura, 0
2025-12-13 19:50:39,532 INFO Geocoding: Ravenna, SAN PIETRO IN TRENTO, Via Traversara, angolo via Bezzi, 67
2025-12-13 19:50:39,533 INFO Nominatim query: {'street': 'Via Traversara', 'city': 'Ravenna', 'state': 'Emilia-Romagna', 'country': 'Italy'}
2025-12-13 19:50:59,553 INFO Nominatim query: {'q': 'Via Traversara, Ravenna, Emilia-Romagna, Italy'}
2025-12-13 19:51:19,593 INFO Nominatim query: {'q': 'Ravenna, Emilia-Romagna, Italy'}
2025-12-13 19:51:39,606 INFO Nominatim query: {'q': 'Ravenna, SAN PIETRO IN TRENTO, Via Traversara, angolo via Bezzi, 67, Ravenna, Emilia-Romagna, Italy'}
2025-12-13 19:51:59,639 WARNING FAILED: Ravenna, SAN PIETRO IN TRENTO, Via Traversara, angolo via Bezzi, 67
2025-12-13 19:51:59,640 INFO Geocoding: Ravenna, via IV Novembre, 45/ 43
2025-12-13 19:51:59,641 INFO Nominatim query: {'street': 'via IV Novembre', 'city': 'Ravenna', 'state': 'Emilia-Romagna', 'country': 'Italy'}
2025-12-13 19:52:19,676 INFO Nominatim query: {'q': 'via IV Novembre, Ravenna, Emilia-Romagna, Italy'}
2025-12-13 19:52:39,723 INFO Nominatim query: {'q': 'Ravenna, Emilia-Romagna, Italy'}
2025-12-13 19:52:59,749 INFO Nominatim query: {'q': 'Ravenna, via IV Novembre, 45/ 43, Ravenna, Emilia-Romagna, Italy'}
2025-12-13 19:53:19,786 WARNING FAILED: Ravenna, via IV Novembre, 45/ 43
2025-12-13 19:53:19,787 INFO Geocoding: Ravenna, MARINA DI RAVENNA, via D'Allaggio, 53
2025-12-13 19:53:19,788 INFO Nominatim query: {'street': "via D'Allaggio", 'city': 'Ravenna', 'state': 'Emilia-Romagna', 'country': 'Italy'}
2025-12-13 19:53:39,826 INFO Nominatim query: {'q': "via D'Allaggio, Ravenna, Emilia-Romagna, Italy"}
2025-12-13 19:53:59,842 INFO Nominatim query: {'q': 'Ravenna, Emilia-Romagna, Italy'}
2025-12-13 19:54:19,879 INFO Nominatim query: {'q': "Ravenna, MARINA DI RAVENNA, via D'Allaggio, 53, Ravenna, Emilia-Romagna, Italy"}
2025-12-13 19:54:39,912 WARNING FAILED: Ravenna, MARINA DI RAVENNA, via D'Allaggio, 53
2025-12-13 19:54:39,913 INFO Geocoding: Ravenna, FOSSO GHIAIA, Via Fosso Ghiaia, 0, all'interno della pineta, parco primo maggio
2025-12-13 19:54:39,914 INFO Nominatim query: {'street': 'Via Fosso Ghiaia', 'city': 'Ravenna', 'state': 'Emilia-Romagna', 'country': 'Italy'}
2025-12-13 19:54:59,934 INFO Nominatim query: {'q': 'Via Fosso Ghiaia, Ravenna, Emilia-Romagna, Italy'}
2025-12-13 19:55:20,159 INFO Nominatim query: {'q': 'Ravenna, Emilia-Romagna, Italy'}
2025-12-13 19:55:40,184 INFO Nominatim query: {'q': "Ravenna, FOSSO GHIAIA, Via Fosso Ghiaia, 0, all'interno della pineta, parco primo maggio, Ravenna, Emilia-Romagna, Italy"}
2025-12-13 19:56:00,209 WARNING FAILED: Ravenna, FOSSO GHIAIA, Via Fosso Ghiaia, 0, all'interno della pineta, parco primo maggio
2025-12-13 19:56:00,210 INFO Geocoding: Ravenna, via Torri, 0
2025-12-13 19:56:00,210 INFO Nominatim query: {'street': 'via Torri', 'city': 'Ravenna', 'state': 'Emilia-Romagna', 'country': 'Italy'}
2025-12-13 19:56:20,240 INFO Nominatim query: {'q': 'via Torri, Ravenna, Emilia-Romagna, Italy'}
2025-12-13 19:56:40,265 INFO Nominatim query: {'q': 'Ravenna, Emilia-Romagna, Italy'}
2025-12-13 19:57:00,275 INFO Nominatim query: {'q': 'Ravenna, via Torri, 0, Ravenna, Emilia-Romagna, Italy'}
2025-12-13 19:57:20,319 WARNING FAILED: Ravenna, via Torri, 0
2025-12-13 19:57:20,320 INFO Geocoding: Ravenna, via Guaccimanni, 27
2025-12-13 19:57:20,321 INFO Nominatim query: {'street': 'via Guaccimanni', 'city': 'Ravenna', 'state': 'Emilia-Romagna', 'country': 'Italy'}
2025-12-13 19:57:40,344 INFO Nominatim query: {'q': 'via Guaccimanni, Ravenna, Emilia-Romagna, Italy'}
2025-12-13 19:58:00,369 INFO Nominatim query: {'q': 'Ravenna, Emilia-Romagna, Italy'}
2025-12-13 19:58:20,440 INFO Nominatim query: {'q': 'Ravenna, via Guaccimanni, 27, Ravenna, Emilia-Romagna, Italy'}
2025-12-13 19:58:40,464 WARNING FAILED: Ravenna, via Guaccimanni, 27
2025-12-13 19:58:40,465 INFO Geocoding: Ravenna, Piazza S.Francesco, 0
2025-12-13 19:58:40,466 INFO Nominatim query: {'street': 'Piazza SanFrancesco', 'city': 'Ravenna', 'state': 'Emilia-Romagna', 'country': 'Italy'}
2025-12-13 19:59:00,484 INFO Nominatim query: {'q': 'Piazza SanFrancesco, Ravenna, Emilia-Romagna, Italy'}
2025-12-13 19:59:20,509 INFO Nominatim query: {'q': 'Ravenna, Emilia-Romagna, Italy'}
2025-12-13 19:59:40,531 INFO Nominatim query: {'q': 'Ravenna, Piazza SanFrancesco, 0, Ravenna, Emilia-Romagna, Italy'}
2025-12-13 20:00:00,561 WARNING FAILED: Ravenna, Piazza S.Francesco, 0
2025-12-13 20:00:00,562 INFO Geocoding: Ravenna, Vicolo degli Ariani, 0
2025-12-13 20:00:00,562 INFO Nominatim query: {'street': 'Vicolo degli Ariani', 'city': 'Ravenna', 'state': 'Emilia-Romagna', 'country': 'Italy'}
2025-12-13 20:00:20,678 INFO Nominatim query: {'q': 'Vicolo degli Ariani, Ravenna, Emilia-Romagna, Italy'}
2025-12-13 20:00:40,694 INFO Nominatim query: {'q': 'Ravenna, Emilia-Romagna, Italy'}
2025-12-13 20:01:00,707 INFO Nominatim query: {'q': 'Ravenna, Vicolo degli Ariani, 0, Ravenna, Emilia-Romagna, Italy'}
2025-12-13 20:01:20,752 WARNING FAILED: Ravenna, Vicolo degli Ariani, 0
2025-12-13 20:01:20,753 INFO Geocoding: Ravenna, via Gamba, 3
2025-12-13 20:01:20,754 INFO Nominatim query: {'street': 'via Gamba', 'city': 'Ravenna', 'state': 'Emilia-Romagna', 'country': 'Italy'}
2025-12-13 20:01:40,789 INFO Nominatim query: {'q': 'via Gamba, Ravenna, Emilia-Romagna, Italy'}
2025-12-13 20:02:00,805 INFO Nominatim query: {'q': 'Ravenna, Emilia-Romagna, Italy'}
2025-12-13 20:02:21,023 INFO Nominatim query: {'q': 'Ravenna, via Gamba, 3, Ravenna, Emilia-Romagna, Italy'}
2025-12-13 20:02:41,039 WARNING FAILED: Ravenna, via Gamba, 3
2025-12-13 20:02:41,040 INFO Geocoding: Ravenna, SAN PIETRO IN VINCOLI, Via Gambellara, 1
2025-12-13 20:02:41,041 INFO Nominatim query: {'street': 'Via Gambellara', 'city': 'Ravenna', 'state': 'Emilia-Romagna', 'country': 'Italy'}
2025-12-13 20:03:01,059 INFO Nominatim query: {'q': 'Via Gambellara, Ravenna, Emilia-Romagna, Italy'}
2025-12-13 20:03:21,102 INFO Nominatim query: {'q': 'Ravenna, Emilia-Romagna, Italy'}
2025-12-13 20:03:41,137 INFO Nominatim query: {'q': 'Ravenna, SAN PIETRO IN VINCOLI, Via Gambellara, 1, Ravenna, Emilia-Romagna, Italy'}
2025-12-13 20:04:01,193 WARNING FAILED: Ravenna, SAN PIETRO IN VINCOLI, Via Gambellara, 1
2025-12-13 20:04:01,194 INFO Geocoding: Ravenna, Via Massa, 88
2025-12-13 20:04:01,195 INFO Nominatim query: {'street': 'Via Massa', 'city': 'Ravenna', 'state': 'Emilia-Romagna', 'country': 'Italy'}
2025-12-13 20:04:21,303 INFO Nominatim query: {'q': 'Via Massa, Ravenna, Emilia-Romagna, Italy'}
2025-12-13 20:04:41,317 INFO Nominatim query: {'q': 'Ravenna, Emilia-Romagna, Italy'}
2025-12-13 20:05:01,339 INFO Nominatim query: {'q': 'Ravenna, Via Massa, 88, Ravenna, Emilia-Romagna, Italy'}
2025-12-13 20:05:21,365 WARNING FAILED: Ravenna, Via Massa, 88
2025-12-13 20:05:21,365 INFO Geocoding: Ravenna, via Romolo Gessi 0, via Mentana 33/35
2025-12-13 20:05:21,365 INFO Nominatim query: {'street': 'via Romolo Gessi', 'city': 'Ravenna', 'state': 'Emilia-Romagna', 'country': 'Italy'}
2025-12-13 20:05:41,371 INFO Nominatim query: {'q': 'via Romolo Gessi, Ravenna, Emilia-Romagna, Italy'}
2025-12-13 20:06:01,388 INFO Nominatim query: {'q': 'Ravenna, Emilia-Romagna, Italy'}
2025-12-13 20:06:21,415 INFO Nominatim query: {'q': 'Ravenna, via Romolo Gessi 0, via Mentana 33/35, Ravenna, Emilia-Romagna, Italy'}
2025-12-13 20:06:41,438 WARNING FAILED: Ravenna, via Romolo Gessi 0, via Mentana 33/35
2025-12-13 20:06:41,440 INFO Geocoding: Ravenna, via Mariani, 7/ 9
2025-12-13 20:06:41,441 INFO Nominatim query: {'street': 'via Mariani', 'city': 'Ravenna', 'state': 'Emilia-Romagna', 'country': 'Italy'}
2025-12-13 20:07:01,456 INFO Nominatim query: {'q': 'via Mariani, Ravenna, Emilia-Romagna, Italy'}
2025-12-13 20:07:21,492 INFO Nominatim query: {'q': 'Ravenna, Emilia-Romagna, Italy'}
2025-12-13 20:07:41,515 INFO Nominatim query: {'q': 'Ravenna, via Mariani, 7/ 9, Ravenna, Emilia-Romagna, Italy'}
2025-12-13 20:08:01,547 WARNING FAILED: Ravenna, via Mariani, 7/ 9
2025-12-13 20:08:01,548 INFO Geocoding: Ravenna, Via Zignani, 44
2025-12-13 20:08:01,549 INFO Nominatim query: {'street': 'Via Zignani', 'city': 'Ravenna', 'state': 'Emilia-Romagna', 'country': 'Italy'}
2025-12-13 20:08:21,582 INFO Nominatim query: {'q': 'Via Zignani, Ravenna, Emilia-Romagna, Italy'}
2025-12-13 20:08:41,617 INFO Nominatim query: {'q': 'Ravenna, Emilia-Romagna, Italy'}
2025-12-13 20:09:01,642 INFO Nominatim query: {'q': 'Ravenna, Via Zignani, 44, Ravenna, Emilia-Romagna, Italy'}
2025-12-13 20:09:21,709 WARNING FAILED: Ravenna, Via Zignani, 44
2025-12-13 20:09:21,710 INFO Geocoding: Ravenna, via San Vitale, 28, 30
2025-12-13 20:09:21,711 INFO Nominatim query: {'street': 'via San Vitale', 'city': 'Ravenna', 'state': 'Emilia-Romagna', 'country': 'Italy'}
2025-12-13 20:09:41,763 INFO Nominatim query: {'q': 'via San Vitale, Ravenna, Emilia-Romagna, Italy'}
2025-12-13 20:10:01,780 INFO Nominatim query: {'q': 'Ravenna, Emilia-Romagna, Italy'}
2025-12-13 20:10:21,797 INFO Nominatim query: {'q': 'Ravenna, via San Vitale, 28, 30, Ravenna, Emilia-Romagna, Italy'}
2025-12-13 20:10:41,838 WARNING FAILED: Ravenna, via San Vitale, 28, 30
2025-12-13 20:10:41,838 INFO Geocoding: Ravenna, Via S.Mama, 175, 177, 179
2025-12-13 20:10:41,838 INFO Nominatim query: {'street': 'Via SanMama', 'city': 'Ravenna', 'state': 'Emilia-Romagna', 'country': 'Italy'}
2025-12-13 20:11:01,852 INFO Nominatim query: {'q': 'Via SanMama, Ravenna, Emilia-Romagna, Italy'}
2025-12-13 20:11:21,865 INFO Nominatim query: {'q': 'Ravenna, Emilia-Romagna, Italy'}
2025-12-13 20:11:41,905 INFO Nominatim query: {'q': 'Ravenna, Via SanMama, 175, 177, 179, Ravenna, Emilia-Romagna, Italy'}
2025-12-13 20:12:01,935 WARNING FAILED: Ravenna, Via S.Mama, 175, 177, 179
2025-12-13 20:12:01,936 INFO Geocoding: Ravenna, via Paolo Costa, 8
2025-12-13 20:12:01,937 INFO Nominatim query: {'street': 'via Paolo Costa', 'city': 'Ravenna', 'state': 'Emilia-Romagna', 'country': 'Italy'}
2025-12-13 20:12:21,961 INFO Nominatim query: {'q': 'via Paolo Costa, Ravenna, Emilia-Romagna, Italy'}
2025-12-13 20:12:41,992 INFO Nominatim query: {'q': 'Ravenna, Emilia-Romagna, Italy'}
2025-12-13 20:13:02,012 INFO Nominatim query: {'q': 'Ravenna, via Paolo Costa, 8, Ravenna, Emilia-Romagna, Italy'}
2025-12-13 20:13:22,025 WARNING FAILED: Ravenna, via Paolo Costa, 8
2025-12-13 20:13:22,026 INFO Geocoding: Ravenna, via Guaccimanni, 62
2025-12-13 20:13:22,027 INFO Nominatim query: {'street': 'via Guaccimanni', 'city': 'Ravenna', 'state': 'Emilia-Romagna', 'country': 'Italy'}
2025-12-13 20:13:42,069 INFO Nominatim query: {'q': 'via Guaccimanni, Ravenna, Emilia-Romagna, Italy'}
2025-12-13 20:14:02,110 INFO Nominatim query: {'q': 'Ravenna, Emilia-Romagna, Italy'}
2025-12-13 20:14:22,158 INFO Nominatim query: {'q': 'Ravenna, via Guaccimanni, 62, Ravenna, Emilia-Romagna, Italy'}
2025-12-13 20:14:42,242 WARNING FAILED: Ravenna, via Guaccimanni, 62
2025-12-13 20:14:42,243 INFO Geocoding: Ravenna, Via A. Mariani, 21
2025-12-13 20:14:42,245 INFO Nominatim query: {'street': 'Via A. Mariani', 'city': 'Ravenna', 'state': 'Emilia-Romagna', 'country': 'Italy'}
2025-12-13 20:15:02,267 INFO Nominatim query: {'q': 'Via A. Mariani, Ravenna, Emilia-Romagna, Italy'}
2025-12-13 20:15:22,294 INFO Nominatim query: {'q': 'Ravenna, Emilia-Romagna, Italy'}
2025-12-13 20:15:42,329 INFO Nominatim query: {'q': 'Ravenna, Via A. Mariani, 21, Ravenna, Emilia-Romagna, Italy'}
2025-12-13 20:16:02,348 WARNING FAILED: Ravenna, Via A. Mariani, 21
2025-12-13 20:16:02,350 INFO Geocoding: Ravenna, Via Mazzini, 0
2025-12-13 20:16:02,351 INFO Nominatim query: {'street': 'Via Mazzini', 'city': 'Ravenna', 'state': 'Emilia-Romagna', 'country': 'Italy'}
2025-12-13 20:16:22,370 INFO Nominatim query: {'q': 'Via Mazzini, Ravenna, Emilia-Romagna, Italy'}
2025-12-13 20:16:42,405 INFO Nominatim query: {'q': 'Ravenna, Emilia-Romagna, Italy'}
2025-12-13 20:17:02,427 INFO Nominatim query: {'q': 'Ravenna, Via Mazzini, 0, Ravenna, Emilia-Romagna, Italy'}
2025-12-13 20:17:22,459 WARNING FAILED: Ravenna, Via Mazzini, 0
2025-12-13 20:17:22,460 INFO Geocoding: Ravenna, PIANGIPANE, via Braccesca, 44
2025-12-13 20:17:22,460 INFO Nominatim query: {'street': 'via Braccesca', 'city': 'Ravenna', 'state': 'Emilia-Romagna', 'country': 'Italy'}
2025-12-13 20:17:42,487 INFO Nominatim query: {'q': 'via Braccesca, Ravenna, Emilia-Romagna, Italy'}
2025-12-13 20:18:02,512 INFO Nominatim query: {'q': 'Ravenna, Emilia-Romagna, Italy'}
2025-12-13 20:18:22,527 INFO Nominatim query: {'q': 'Ravenna, PIANGIPANE, via Braccesca, 44, Ravenna, Emilia-Romagna, Italy'}
2025-12-13 20:18:42,562 WARNING FAILED: Ravenna, PIANGIPANE, via Braccesca, 44
2025-12-13 20:18:42,562 INFO Geocoding: Ravenna, Via Cura, 0
2025-12-13 20:18:42,562 INFO Nominatim query: {'street': 'Via Cura', 'city': 'Ravenna', 'state': 'Emilia-Romagna', 'country': 'Italy'}
2025-12-13 20:19:02,588 INFO Nominatim query: {'q': 'Via Cura, Ravenna, Emilia-Romagna, Italy'}
2025-12-13 20:19:22,614 INFO Nominatim query: {'q': 'Ravenna, Emilia-Romagna, Italy'}
2025-12-13 20:19:42,657 INFO Nominatim query: {'q': 'Ravenna, Via Cura, 0, Ravenna, Emilia-Romagna, Italy'}
2025-12-13 20:20:02,768 WARNING FAILED: Ravenna, Via Cura, 0
2025-12-13 20:20:02,768 INFO Geocoding: Ravenna, via Mariani, 0
2025-12-13 20:20:02,768 INFO Nominatim query: {'street': 'via Mariani', 'city': 'Ravenna', 'state': 'Emilia-Romagna', 'country': 'Italy'}
2025-12-13 20:20:22,791 INFO Nominatim query: {'q': 'via Mariani, Ravenna, Emilia-Romagna, Italy'}
2025-12-13 20:20:42,816 INFO Nominatim query: {'q': 'Ravenna, Emilia-Romagna, Italy'}
2025-12-13 20:21:02,863 INFO Nominatim query: {'q': 'Ravenna, via Mariani, 0, Ravenna, Emilia-Romagna, Italy'}
2025-12-13 20:21:22,887 WARNING FAILED: Ravenna, via Mariani, 0
2025-12-13 20:21:22,887 INFO Geocoding: Ravenna, via P. Costa, 1, via XIII Giugno, 15 /17
2025-12-13 20:21:22,888 INFO Nominatim query: {'street': 'via P. Costa', 'city': 'Ravenna', 'state': 'Emilia-Romagna', 'country': 'Italy'}
2025-12-13 20:21:42,911 INFO Nominatim query: {'q': 'via P. Costa, Ravenna, Emilia-Romagna, Italy'}
2025-12-13 20:22:02,969 INFO Nominatim query: {'q': 'Ravenna, Emilia-Romagna, Italy'}
2025-12-13 20:22:22,991 INFO Nominatim query: {'q': 'Ravenna, via P. Costa, 1, via XIII Giugno, 15 /17, Ravenna, Emilia-Romagna, Italy'}
2025-12-13 20:22:43,016 WARNING FAILED: Ravenna, via P. Costa, 1, via XIII Giugno, 15 /17
2025-12-13 20:22:43,016 INFO Geocoding: Ravenna, MADONNA DELL'ALBERO, via Ravegnana, 479
2025-12-13 20:22:43,017 INFO Nominatim query: {'street': 'via Ravegnana', 'city': 'Ravenna', 'state': 'Emilia-Romagna', 'country': 'Italy'}
2025-12-13 20:23:03,032 INFO Nominatim query: {'q': 'via Ravegnana, Ravenna, Emilia-Romagna, Italy'}
2025-12-13 20:23:23,048 INFO Nominatim query: {'q': 'Ravenna, Emilia-Romagna, Italy'}
2025-12-13 20:23:43,068 INFO Nominatim query: {'q': "Ravenna, MADONNA DELL'ALBERO, via Ravegnana, 479, Ravenna, Emilia-Romagna, Italy"}
2025-12-13 20:24:03,112 WARNING FAILED: Ravenna, MADONNA DELL'ALBERO, via Ravegnana, 479
2025-12-13 20:24:03,113 INFO Geocoding: Emilia-Romagna, RA, Ravenna
2025-12-13 20:24:03,114 INFO Nominatim query: {'q': 'Emilia-Romagna, Emilia-Romagna, Italy'}
2025-12-13 20:24:23,148 INFO Nominatim query: {'q': 'Emilia-Romagna, RA, Ravenna, Ravenna, Emilia-Romagna, Italy'}
2025-12-13 20:24:43,175 WARNING FAILED: Emilia-Romagna, RA, Ravenna
2025-12-13 20:24:43,176 INFO Geocoding: Ravenna, via Mazzini, 30/ 32/ 34
2025-12-13 20:24:43,178 INFO Nominatim query: {'street': 'via Mazzini', 'city': 'Ravenna', 'state': 'Emilia-Romagna', 'country': 'Italy'}
2025-12-13 20:25:03,259 INFO Nominatim query: {'q': 'via Mazzini, Ravenna, Emilia-Romagna, Italy'}
2025-12-13 20:25:23,309 INFO Nominatim query: {'q': 'Ravenna, Emilia-Romagna, Italy'}
2025-12-13 20:25:43,333 INFO Nominatim query: {'q': 'Ravenna, via Mazzini, 30/ 32/ 34, Ravenna, Emilia-Romagna, Italy'}
2025-12-13 20:26:03,368 WARNING FAILED: Ravenna, via Mazzini, 30/ 32/ 34
2025-12-13 20:26:03,369 INFO Geocoding: Ravenna, Via Tombesi Dall'Ova, 14
2025-12-13 20:26:03,369 INFO Nominatim query: {'street': "Via Tombesi Dall'Ova", 'city': 'Ravenna', 'state': 'Emilia-Romagna', 'country': 'Italy'}
2025-12-13 20:26:23,384 INFO Nominatim query: {'q': "Via Tombesi Dall'Ova, Ravenna, Emilia-Romagna, Italy"}
2025-12-13 20:26:43,408 INFO Nominatim query: {'q': 'Ravenna, Emilia-Romagna, Italy'}
2025-12-13 20:27:03,446 INFO Nominatim query: {'q': "Ravenna, Via Tombesi Dall'Ova, 14, Ravenna, Emilia-Romagna, Italy"}
2025-12-13 20:27:23,466 WARNING FAILED: Ravenna, Via Tombesi Dall'Ova, 14
2025-12-13 20:27:23,466 INFO Geocoding: Ravenna, COCCOLIA, via Ravegnana, 731
2025-12-13 20:27:23,467 INFO Nominatim query: {'street': 'via Ravegnana', 'city': 'Ravenna', 'state': 'Emilia-Romagna', 'country': 'Italy'}
2025-12-13 20:27:43,490 INFO Nominatim query: {'q': 'via Ravegnana, Ravenna, Emilia-Romagna, Italy'}
2025-12-13 20:28:03,520 INFO Nominatim query: {'q': 'Ravenna, Emilia-Romagna, Italy'}
2025-12-13 20:28:23,529 INFO Nominatim query: {'q': 'Ravenna, COCCOLIA, via Ravegnana, 731, Ravenna, Emilia-Romagna, Italy'}
2025-12-13 20:28:43,552 WARNING FAILED: Ravenna, COCCOLIA, via Ravegnana, 731
2025-12-13 20:28:43,552 INFO Geocoding: Ravenna, Via Bastione, 0
2025-12-13 20:28:43,553 INFO Nominatim query: {'street': 'Via Bastione', 'city': 'Ravenna', 'state': 'Emilia-Romagna', 'country': 'Italy'}
2025-12-13 20:29:03,572 INFO Nominatim query: {'q': 'Via Bastione, Ravenna, Emilia-Romagna, Italy'}
2025-12-13 20:29:23,588 INFO Nominatim query: {'q': 'Ravenna, Emilia-Romagna, Italy'}
2025-12-13 20:29:43,607 INFO Nominatim query: {'q': 'Ravenna, Via Bastione, 0, Ravenna, Emilia-Romagna, Italy'}
2025-12-13 20:30:03,630 WARNING FAILED: Ravenna, Via Bastione, 0
2025-12-13 20:30:03,630 INFO Geocoding: Ravenna, via N. Rondinelli, 4, 6
2025-12-13 20:30:03,631 INFO Nominatim query: {'street': 'via N. Rondinelli', 'city': 'Ravenna', 'state': 'Emilia-Romagna', 'country': 'Italy'}
2025-12-13 20:30:23,673 INFO Nominatim query: {'q': 'via N. Rondinelli, Ravenna, Emilia-Romagna, Italy'}
2025-12-13 20:30:43,688 INFO Nominatim query: {'q': 'Ravenna, Emilia-Romagna, Italy'}
2025-12-13 20:31:03,714 INFO Nominatim query: {'q': 'Ravenna, via N. Rondinelli, 4, 6, Ravenna, Emilia-Romagna, Italy'}
2025-12-13 20:31:23,750 WARNING FAILED: Ravenna, via N. Rondinelli, 4, 6
2025-12-13 20:31:23,750 INFO Geocoding: Ravenna, Via G. da Polenta, 0
2025-12-13 20:31:23,751 INFO Nominatim query: {'street': 'Via G. da Polenta', 'city': 'Ravenna', 'state': 'Emilia-Romagna', 'country': 'Italy'}
2025-12-13 20:31:43,775 INFO Nominatim query: {'q': 'Via G. da Polenta, Ravenna, Emilia-Romagna, Italy'}
2025-12-13 20:32:03,794 INFO Nominatim query: {'q': 'Ravenna, Emilia-Romagna, Italy'}
2025-12-13 20:32:23,831 INFO Nominatim query: {'q': 'Ravenna, Via G. da Polenta, 0, Ravenna, Emilia-Romagna, Italy'}
2025-12-13 20:32:43,846 WARNING FAILED: Ravenna, Via G. da Polenta, 0
2025-12-13 20:32:43,847 INFO Geocoding: Ravenna, Via Pietro Alighieri, 4
2025-12-13 20:32:43,848 INFO Nominatim query: {'street': 'Via Pietro Alighieri', 'city': 'Ravenna', 'state': 'Emilia-Romagna', 'country': 'Italy'}
2025-12-13 20:33:03,871 INFO Nominatim query: {'q': 'Via Pietro Alighieri, Ravenna, Emilia-Romagna, Italy'}
2025-12-13 20:33:23,908 INFO Nominatim query: {'q': 'Ravenna, Emilia-Romagna, Italy'}
2025-12-13 20:33:43,933 INFO Nominatim query: {'q': 'Ravenna, Via Pietro Alighieri, 4, Ravenna, Emilia-Romagna, Italy'}
2025-12-13 20:34:03,967 WARNING FAILED: Ravenna, Via Pietro Alighieri, 4
2025-12-13 20:34:03,968 INFO Geocoding: Ravenna, Via Di Roma, 0
2025-12-13 20:34:03,969 INFO Nominatim query: {'street': 'Via Di Roma', 'city': 'Ravenna', 'state': 'Emilia-Romagna', 'country': 'Italy'}
2025-12-13 20:34:23,994 INFO Nominatim query: {'q': 'Via Di Roma, Ravenna, Emilia-Romagna, Italy'}
2025-12-13 20:34:44,002 INFO Nominatim query: {'q': 'Ravenna, Emilia-Romagna, Italy'}
2025-12-13 20:35:04,043 INFO Nominatim query: {'q': 'Ravenna, Via Di Roma, 0, Ravenna, Emilia-Romagna, Italy'}
2025-12-13 20:35:24,101 WARNING FAILED: Ravenna, Via Di Roma, 0
2025-12-13 20:35:24,102 INFO Geocoding: Ravenna, via di Roma, 108
2025-12-13 20:35:24,102 INFO Nominatim query: {'street': 'via di Roma', 'city': 'Ravenna', 'state': 'Emilia-Romagna', 'country': 'Italy'}
2025-12-13 20:35:44,111 INFO Nominatim query: {'q': 'via di Roma, Ravenna, Emilia-Romagna, Italy'}
2025-12-13 20:36:04,126 INFO Nominatim query: {'q': 'Ravenna, Emilia-Romagna, Italy'}
2025-12-13 20:36:24,163 INFO Nominatim query: {'q': 'Ravenna, via di Roma, 108, Ravenna, Emilia-Romagna, Italy'}
2025-12-13 20:36:44,191 WARNING FAILED: Ravenna, via di Roma, 108
2025-12-13 20:36:44,192 INFO Geocoding: Ravenna, P.zza Anita Garibaldi, 0
2025-12-13 20:36:44,193 INFO Nominatim query: {'street': 'Piazza Anita Garibaldi', 'city': 'Ravenna', 'state': 'Emilia-Romagna', 'country': 'Italy'}
2025-12-13 20:37:04,214 INFO Nominatim query: {'q': 'Piazza Anita Garibaldi, Ravenna, Emilia-Romagna, Italy'}
2025-12-13 20:37:24,246 INFO Nominatim query: {'q': 'Ravenna, Emilia-Romagna, Italy'}
2025-12-13 20:37:44,272 INFO Nominatim query: {'q': 'Ravenna, Piazza Anita Garibaldi, 0, Ravenna, Emilia-Romagna, Italy'}
2025-12-13 20:38:04,288 WARNING FAILED: Ravenna, P.zza Anita Garibaldi, 0
2025-12-13 20:38:04,289 INFO Geocoding: Ravenna, via C. Cattaneo, 34
2025-12-13 20:38:04,289 INFO Nominatim query: {'street': 'via C. Cattaneo', 'city': 'Ravenna', 'state': 'Emilia-Romagna', 'country': 'Italy'}
2025-12-13 20:38:24,322 INFO Nominatim query: {'q': 'via C. Cattaneo, Ravenna, Emilia-Romagna, Italy'}
2025-12-13 20:38:44,338 INFO Nominatim query: {'q': 'Ravenna, Emilia-Romagna, Italy'}
2025-12-13 20:39:04,385 INFO Nominatim query: {'q': 'Ravenna, via C. Cattaneo, 34, Ravenna, Emilia-Romagna, Italy'}
2025-12-13 20:39:24,447 WARNING FAILED: Ravenna, via C. Cattaneo, 34
2025-12-13 20:39:24,448 INFO Geocoding: Ravenna, Via Sale, 102
2025-12-13 20:39:24,448 INFO Nominatim query: {'street': 'Via Sale', 'city': 'Ravenna', 'state': 'Emilia-Romagna', 'country': 'Italy'}
2025-12-13 20:39:44,467 INFO Nominatim query: {'q': 'Via Sale, Ravenna, Emilia-Romagna, Italy'}
2025-12-13 20:40:04,484 INFO Nominatim query: {'q': 'Ravenna, Emilia-Romagna, Italy'}
2025-12-13 20:40:24,522 INFO Nominatim query: {'q': 'Ravenna, Via Sale, 102, Ravenna, Emilia-Romagna, Italy'}
2025-12-13 20:40:44,572 WARNING FAILED: Ravenna, Via Sale, 102
2025-12-13 20:40:44,572 INFO Geocoding: Ravenna, SAN PIETRO IN TRENTO, via Alturie, 30
2025-12-13 20:40:44,573 INFO Nominatim query: {'street': 'via Alturie', 'city': 'Ravenna', 'state': 'Emilia-Romagna', 'country': 'Italy'}
2025-12-13 20:41:04,584 INFO Nominatim query: {'q': 'via Alturie, Ravenna, Emilia-Romagna, Italy'}
2025-12-13 20:41:24,616 INFO Nominatim query: {'q': 'Ravenna, Emilia-Romagna, Italy'}
2025-12-13 20:41:44,641 INFO Nominatim query: {'q': 'Ravenna, SAN PIETRO IN TRENTO, via Alturie, 30, Ravenna, Emilia-Romagna, Italy'}
2025-12-13 20:42:04,669 WARNING FAILED: Ravenna, SAN PIETRO IN TRENTO, via Alturie, 30
2025-12-13 20:42:04,669 INFO Geocoding: Ravenna, Via Di Roma, 13
2025-12-13 20:42:04,670 INFO Nominatim query: {'street': 'Via Di Roma', 'city': 'Ravenna', 'state': 'Emilia-Romagna', 'country': 'Italy'}
2025-12-13 20:42:24,690 INFO Nominatim query: {'q': 'Via Di Roma, Ravenna, Emilia-Romagna, Italy'}
2025-12-13 20:42:44,730 INFO Nominatim query: {'q': 'Ravenna, Emilia-Romagna, Italy'}
2025-12-13 20:43:04,762 INFO Nominatim query: {'q': 'Ravenna, Via Di Roma, 13, Ravenna, Emilia-Romagna, Italy'}
2025-12-13 20:43:24,793 WARNING FAILED: Ravenna, Via Di Roma, 13
2025-12-13 20:43:24,794 INFO Geocoding: Ravenna, Via S.Vitale, 17
2025-12-13 20:43:24,795 INFO Nominatim query: {'street': 'Via SanVitale', 'city': 'Ravenna', 'state': 'Emilia-Romagna', 'country': 'Italy'}
2025-12-13 20:43:44,829 INFO Nominatim query: {'q': 'Via SanVitale, Ravenna, Emilia-Romagna, Italy'}
2025-12-13 20:44:04,840 INFO Nominatim query: {'q': 'Ravenna, Emilia-Romagna, Italy'}
2025-12-13 20:44:24,855 INFO Nominatim query: {'q': 'Ravenna, Via SanVitale, 17, Ravenna, Emilia-Romagna, Italy'}
2025-12-13 20:44:44,902 WARNING FAILED: Ravenna, Via S.Vitale, 17
2025-12-13 20:44:44,902 INFO Geocoding: Ravenna, RAVENNA, via Alberoni, 12
2025-12-13 20:44:44,902 INFO Nominatim query: {'street': 'via Alberoni', 'city': 'Ravenna', 'state': 'Emilia-Romagna', 'country': 'Italy'}
2025-12-13 20:45:04,931 INFO Nominatim query: {'q': 'via Alberoni, Ravenna, Emilia-Romagna, Italy'}
2025-12-13 20:45:24,947 INFO Nominatim query: {'q': 'Ravenna, Emilia-Romagna, Italy'}
2025-12-13 20:45:45,058 INFO Nominatim query: {'q': 'Ravenna, RAVENNA, via Alberoni, 12, Ravenna, Emilia-Romagna, Italy'}
2025-12-13 20:46:05,079 WARNING FAILED: Ravenna, RAVENNA, via Alberoni, 12
2025-12-13 20:46:05,079 INFO Geocoding: Ravenna, via Zirardini, 14
2025-12-13 20:46:05,080 INFO Nominatim query: {'street': 'via Zirardini', 'city': 'Ravenna', 'state': 'Emilia-Romagna', 'country': 'Italy'}
2025-12-13 20:46:25,107 INFO Nominatim query: {'q': 'via Zirardini, Ravenna, Emilia-Romagna, Italy'}
2025-12-13 20:46:45,197 INFO Nominatim query: {'q': 'Ravenna, Emilia-Romagna, Italy'}
2025-12-13 20:47:05,215 INFO Nominatim query: {'q': 'Ravenna, via Zirardini, 14, Ravenna, Emilia-Romagna, Italy'}
2025-12-13 20:47:25,245 WARNING FAILED: Ravenna, via Zirardini, 14
2025-12-13 20:47:25,246 INFO Geocoding: Ravenna, via Montecatini, 3
2025-12-13 20:47:25,247 INFO Nominatim query: {'street': 'via Montecatini', 'city': 'Ravenna', 'state': 'Emilia-Romagna', 'country': 'Italy'}
2025-12-13 20:47:45,286 INFO Nominatim query: {'q': 'via Montecatini, Ravenna, Emilia-Romagna, Italy'}
2025-12-13 20:48:05,307 INFO Nominatim query: {'q': 'Ravenna, Emilia-Romagna, Italy'}
2025-12-13 20:48:25,330 INFO Nominatim query: {'q': 'Ravenna, via Montecatini, 3, Ravenna, Emilia-Romagna, Italy'}
2025-12-13 20:48:45,358 WARNING FAILED: Ravenna, via Montecatini, 3
2025-12-13 20:48:45,359 INFO Geocoding: Italia, Emilia Romagna, RA, Ravenna
2025-12-13 20:48:45,359 INFO Nominatim query: {'q': 'Italy, Emilia-Romagna, Italy'}
2025-12-13 20:49:05,369 INFO Nominatim query: {'q': 'Italy, Emilia Romagna, RA, Ravenna, Ravenna, Emilia-Romagna, Italy'}
2025-12-13 20:49:25,388 WARNING FAILED: Italia, Emilia Romagna, RA, Ravenna
2025-12-13 20:49:25,388 INFO Geocoding: Ravenna, via XIII Giugno, 0
2025-12-13 20:49:25,389 INFO Nominatim query: {'street': 'via XIII Giugno', 'city': 'Ravenna', 'state': 'Emilia-Romagna', 'country': 'Italy'}
2025-12-13 20:49:45,427 INFO Nominatim query: {'q': 'via XIII Giugno, Ravenna, Emilia-Romagna, Italy'}
2025-12-13 20:50:05,448 INFO Nominatim query: {'q': 'Ravenna, Emilia-Romagna, Italy'}
2025-12-13 20:50:25,485 INFO Nominatim query: {'q': 'Ravenna, via XIII Giugno, 0, Ravenna, Emilia-Romagna, Italy'}
2025-12-13 20:50:45,518 WARNING FAILED: Ravenna, via XIII Giugno, 0
2025-12-13 20:50:45,518 INFO Geocoding: Ravenna, Via Castel S. Pietro, 0
2025-12-13 20:50:45,518 INFO Nominatim query: {'street': 'Via Castel San. Pietro', 'city': 'Ravenna', 'state': 'Emilia-Romagna', 'country': 'Italy'}
2025-12-13 20:51:05,592 INFO Nominatim query: {'q': 'Via Castel San. Pietro, Ravenna, Emilia-Romagna, Italy'}
2025-12-13 20:51:25,609 INFO Nominatim query: {'q': 'Ravenna, Emilia-Romagna, Italy'}
2025-12-13 20:51:45,625 INFO Nominatim query: {'q': 'Ravenna, Via Castel San. Pietro, 0, Ravenna, Emilia-Romagna, Italy'}
2025-12-13 20:52:05,671 WARNING FAILED: Ravenna, Via Castel S. Pietro, 0
2025-12-13 20:52:05,672 INFO Geocoding: Ravenna, Via Zignani, 44
2025-12-13 20:52:05,673 INFO Nominatim query: {'street': 'Via Zignani', 'city': 'Ravenna', 'state': 'Emilia-Romagna', 'country': 'Italy'}
2025-12-13 20:52:25,696 INFO Nominatim query: {'q': 'Via Zignani, Ravenna, Emilia-Romagna, Italy'}
2025-12-13 20:52:45,720 INFO Nominatim query: {'q': 'Ravenna, Emilia-Romagna, Italy'}
2025-12-13 20:53:05,759 INFO Nominatim query: {'q': 'Ravenna, Via Zignani, 44, Ravenna, Emilia-Romagna, Italy'}
2025-12-13 20:53:25,792 WARNING FAILED: Ravenna, Via Zignani, 44
2025-12-13 20:53:25,793 INFO Geocoding: Ravenna, Via Galla Placidia, 0
2025-12-13 20:53:25,794 INFO Nominatim query: {'street': 'Via Galla Placidia', 'city': 'Ravenna', 'state': 'Emilia-Romagna', 'country': 'Italy'}
2025-12-13 20:53:45,817 INFO Nominatim query: {'q': 'Via Galla Placidia, Ravenna, Emilia-Romagna, Italy'}
2025-12-13 20:54:05,848 INFO Nominatim query: {'q': 'Ravenna, Emilia-Romagna, Italy'}
2025-12-13 20:54:25,864 INFO Nominatim query: {'q': 'Ravenna, Via Galla Placidia, 0, Ravenna, Emilia-Romagna, Italy'}
2025-12-13 20:54:45,883 WARNING FAILED: Ravenna, Via Galla Placidia, 0
2025-12-13 20:54:45,883 INFO Geocoding: Ravenna, via Mariani, 5
2025-12-13 20:54:45,884 INFO Nominatim query: {'street': 'via Mariani', 'city': 'Ravenna', 'state': 'Emilia-Romagna', 'country': 'Italy'}
2025-12-13 20:55:05,918 INFO Nominatim query: {'q': 'via Mariani, Ravenna, Emilia-Romagna, Italy'}
2025-12-13 20:55:25,931 INFO Nominatim query: {'q': 'Ravenna, Emilia-Romagna, Italy'}
2025-12-13 20:55:45,978 INFO Nominatim query: {'q': 'Ravenna, via Mariani, 5, Ravenna, Emilia-Romagna, Italy'}
2025-12-13 20:56:06,059 WARNING FAILED: Ravenna, via Mariani, 5
2025-12-13 20:56:06,060 INFO Geocoding: Ravenna, Via A. Mariani, 46
2025-12-13 20:56:06,061 INFO Nominatim query: {'street': 'Via A. Mariani', 'city': 'Ravenna', 'state': 'Emilia-Romagna', 'country': 'Italy'}
2025-12-13 20:56:26,087 INFO Nominatim query: {'q': 'Via A. Mariani, Ravenna, Emilia-Romagna, Italy'}
2025-12-13 20:56:46,107 INFO Nominatim query: {'q': 'Ravenna, Emilia-Romagna, Italy'}
2025-12-13 20:57:06,149 INFO Nominatim query: {'q': 'Ravenna, Via A. Mariani, 46, Ravenna, Emilia-Romagna, Italy'}
2025-12-13 20:57:26,184 WARNING FAILED: Ravenna, Via A. Mariani, 46
2025-12-13 20:57:26,185 INFO Geocoding: Ravenna, via Guaccimanni, 40/ 40A/ 42
2025-12-13 20:57:26,185 INFO Nominatim query: {'street': 'via Guaccimanni', 'city': 'Ravenna', 'state': 'Emilia-Romagna', 'country': 'Italy'}
2025-12-13 20:57:46,204 INFO Nominatim query: {'q': 'via Guaccimanni, Ravenna, Emilia-Romagna, Italy'}
2025-12-13 20:58:06,268 INFO Nominatim query: {'q': 'Ravenna, Emilia-Romagna, Italy'}
2025-12-13 20:58:26,321 INFO Nominatim query: {'q': 'Ravenna, via Guaccimanni, 40/ 40A/ 42, Ravenna, Emilia-Romagna, Italy'}
2025-12-13 20:58:46,356 WARNING FAILED: Ravenna, via Guaccimanni, 40/ 40A/ 42
2025-12-13 20:58:46,356 INFO Geocoding: Ravenna, via Paolo Costa, 22/ 24
2025-12-13 20:58:46,357 INFO Nominatim query: {'street': 'via Paolo Costa', 'city': 'Ravenna', 'state': 'Emilia-Romagna', 'country': 'Italy'}
2025-12-13 20:59:06,437 INFO Nominatim query: {'q': 'via Paolo Costa, Ravenna, Emilia-Romagna, Italy'}
2025-12-13 20:59:26,462 INFO Nominatim query: {'q': 'Ravenna, Emilia-Romagna, Italy'}
2025-12-13 20:59:46,473 INFO Nominatim query: {'q': 'Ravenna, via Paolo Costa, 22/ 24, Ravenna, Emilia-Romagna, Italy'}
2025-12-13 21:00:06,489 WARNING FAILED: Ravenna, via Paolo Costa, 22/ 24
2025-12-13 21:00:06,489 INFO Geocoding: Ravenna, via San Vitale, 21
2025-12-13 21:00:06,490 INFO Nominatim query: {'street': 'via San Vitale', 'city': 'Ravenna', 'state': 'Emilia-Romagna', 'country': 'Italy'}
2025-12-13 21:00:26,514 INFO Nominatim query: {'q': 'via San Vitale, Ravenna, Emilia-Romagna, Italy'}
2025-12-13 21:00:46,545 INFO Nominatim query: {'q': 'Ravenna, Emilia-Romagna, Italy'}
2025-12-13 21:01:06,648 INFO Nominatim query: {'q': 'Ravenna, via San Vitale, 21, Ravenna, Emilia-Romagna, Italy'}
2025-12-13 21:01:26,674 WARNING FAILED: Ravenna, via San Vitale, 21
2025-12-13 21:01:26,675 INFO Geocoding: Ravenna, Via Oberdan, 6
2025-12-13 21:01:26,676 INFO Nominatim query: {'street': 'Via Oberdan', 'city': 'Ravenna', 'state': 'Emilia-Romagna', 'country': 'Italy'}
2025-12-13 21:01:46,700 INFO Nominatim query: {'q': 'Via Oberdan, Ravenna, Emilia-Romagna, Italy'}
2025-12-13 21:02:06,731 INFO Nominatim query: {'q': 'Ravenna, Emilia-Romagna, Italy'}
2025-12-13 21:02:26,743 INFO Nominatim query: {'q': 'Ravenna, Via Oberdan, 6, Ravenna, Emilia-Romagna, Italy'}
2025-12-13 21:02:46,785 WARNING FAILED: Ravenna, Via Oberdan, 6
2025-12-13 21:02:46,787 INFO Geocoding: Ravenna, Via Battistero, 0
2025-12-13 21:02:46,788 INFO Nominatim query: {'street': 'Via Battistero', 'city': 'Ravenna', 'state': 'Emilia-Romagna', 'country': 'Italy'}
2025-12-13 21:03:06,886 INFO Nominatim query: {'q': 'Via Battistero, Ravenna, Emilia-Romagna, Italy'}
2025-12-13 21:03:26,899 INFO Nominatim query: {'q': 'Ravenna, Emilia-Romagna, Italy'}
2025-12-13 21:03:46,917 INFO Nominatim query: {'q': 'Ravenna, Via Battistero, 0, Ravenna, Emilia-Romagna, Italy'}
2025-12-13 21:04:06,943 WARNING FAILED: Ravenna, Via Battistero, 0
2025-12-13 21:04:06,943 INFO Geocoding: Ravenna, via Zagarelli alle Mura, 2/a
2025-12-13 21:04:06,943 INFO Nominatim query: {'street': 'via Zagarelli alle Mura', 'city': 'Ravenna', 'state': 'Emilia-Romagna', 'country': 'Italy'}
2025-12-13 21:04:26,964 INFO Nominatim query: {'q': 'via Zagarelli alle Mura, Ravenna, Emilia-Romagna, Italy'}
2025-12-13 21:04:46,981 INFO Nominatim query: {'q': 'Ravenna, Emilia-Romagna, Italy'}
2025-12-13 21:05:07,113 INFO Nominatim query: {'q': 'Ravenna, via Zagarelli alle Mura, 2/a, Ravenna, Emilia-Romagna, Italy'}
2025-12-13 21:05:27,143 WARNING FAILED: Ravenna, via Zagarelli alle Mura, 2/a
2025-12-13 21:05:27,585 INFO Geocoding: Ravenna, Via Pietro Alighieri, 6 - 8
2025-12-13 21:05:27,760 INFO Nominatim query: {'street': 'Via Pietro Alighieri', 'city': 'Ravenna', 'state': 'Emilia-Romagna', 'country': 'Italy'}
2025-12-13 21:05:47,862 INFO Nominatim query: {'q': 'Via Pietro Alighieri, Ravenna, Emilia-Romagna, Italy'}
2025-12-13 21:06:07,904 INFO Nominatim query: {'q': 'Ravenna, Emilia-Romagna, Italy'}
2025-12-13 21:06:27,928 INFO Nominatim query: {'q': 'Ravenna, Via Pietro Alighieri, 6 - 8, Ravenna, Emilia-Romagna, Italy'}
2025-12-13 21:06:47,948 WARNING FAILED: Ravenna, Via Pietro Alighieri, 6 - 8
2025-12-13 21:06:47,949 INFO Geocoding: Ravenna, Via Guaccimanni, 0
2025-12-13 21:06:47,949 INFO Nominatim query: {'street': 'Via Guaccimanni', 'city': 'Ravenna', 'state': 'Emilia-Romagna', 'country': 'Italy'}
2025-12-13 21:07:07,989 INFO Nominatim query: {'q': 'Via Guaccimanni, Ravenna, Emilia-Romagna, Italy'}
2025-12-13 21:07:28,021 INFO Nominatim query: {'q': 'Ravenna, Emilia-Romagna, Italy'}
2025-12-13 21:07:48,038 INFO Nominatim query: {'q': 'Ravenna, Via Guaccimanni, 0, Ravenna, Emilia-Romagna, Italy'}
2025-12-13 21:08:08,084 WARNING FAILED: Ravenna, Via Guaccimanni, 0
2025-12-13 21:08:08,084 INFO Geocoding: Ravenna, via Nigrisoli, 62
2025-12-13 21:08:08,085 INFO Nominatim query: {'street': 'via Nigrisoli', 'city': 'Ravenna', 'state': 'Emilia-Romagna', 'country': 'Italy'}
2025-12-13 21:08:28,096 INFO Nominatim query: {'q': 'via Nigrisoli, Ravenna, Emilia-Romagna, Italy'}
2025-12-13 21:08:48,108 INFO Nominatim query: {'q': 'Ravenna, Emilia-Romagna, Italy'}
2025-12-13 21:09:08,157 INFO Nominatim query: {'q': 'Ravenna, via Nigrisoli, 62, Ravenna, Emilia-Romagna, Italy'}
2025-12-13 21:09:28,169 WARNING FAILED: Ravenna, via Nigrisoli, 62
2025-12-13 21:09:28,169 INFO Geocoding: Ravenna, Via Argine destrofiume Ronco, 0
2025-12-13 21:09:28,170 INFO Nominatim query: {'street': 'Via Argine destrofiume Ronco', 'city': 'Ravenna', 'state': 'Emilia-Romagna', 'country': 'Italy'}
2025-12-13 21:09:48,182 INFO Nominatim query: {'q': 'Via Argine destrofiume Ronco, Ravenna, Emilia-Romagna, Italy'}
2025-12-13 21:10:08,231 INFO Nominatim query: {'q': 'Ravenna, Emilia-Romagna, Italy'}
2025-12-13 21:10:28,241 INFO Nominatim query: {'q': 'Ravenna, Via Argine destrofiume Ronco, 0, Ravenna, Emilia-Romagna, Italy'}
2025-12-13 21:10:48,262 WARNING FAILED: Ravenna, Via Argine destrofiume Ronco, 0
2025-12-13 21:10:48,263 INFO Geocoding: Ravenna, P.zza Arcivescovado, 1
2025-12-13 21:10:48,264 INFO Nominatim query: {'street': 'Piazza Arcivescovado', 'city': 'Ravenna', 'state': 'Emilia-Romagna', 'country': 'Italy'}
2025-12-13 21:11:08,294 INFO Nominatim query: {'q': 'Piazza Arcivescovado, Ravenna, Emilia-Romagna, Italy'}
2025-12-13 21:11:28,322 INFO Nominatim query: {'q': 'Ravenna, Emilia-Romagna, Italy'}
2025-12-13 21:11:48,350 INFO Nominatim query: {'q': 'Ravenna, Piazza Arcivescovado, 1, Ravenna, Emilia-Romagna, Italy'}
2025-12-13 21:12:08,390 WARNING FAILED: Ravenna, P.zza Arcivescovado, 1
2025-12-13 21:12:08,391 INFO Geocoding: Ravenna, MARINA DI RAVENNA, via d'Allaggio
2025-12-13 21:12:08,392 INFO Nominatim query: {'street': "via d'Allaggio", 'city': 'Ravenna', 'state': 'Emilia-Romagna', 'country': 'Italy'}
2025-12-13 21:12:28,429 INFO Nominatim query: {'q': "via d'Allaggio, Ravenna, Emilia-Romagna, Italy"}
2025-12-13 21:12:48,447 INFO Nominatim query: {'q': 'Ravenna, Emilia-Romagna, Italy'}
2025-12-13 21:13:08,487 INFO Nominatim query: {'q': "Ravenna, MARINA DI RAVENNA, via d'Allaggio, Ravenna, Emilia-Romagna, Italy"}
2025-12-13 21:13:28,515 WARNING FAILED: Ravenna, MARINA DI RAVENNA, via d'Allaggio
2025-12-13 21:13:28,516 INFO Geocoding: Ravenna, via Massimo d'Azeglio, 10/ 12
2025-12-13 21:13:28,517 INFO Nominatim query: {'street': "via Massimo d'Azeglio", 'city': 'Ravenna', 'state': 'Emilia-Romagna', 'country': 'Italy'}
2025-12-13 21:13:48,533 INFO Nominatim query: {'q': "via Massimo d'Azeglio, Ravenna, Emilia-Romagna, Italy"}
2025-12-13 21:14:08,562 INFO Nominatim query: {'q': 'Ravenna, Emilia-Romagna, Italy'}
2025-12-13 21:14:28,608 INFO Nominatim query: {'q': "Ravenna, via Massimo d'Azeglio, 10/ 12, Ravenna, Emilia-Romagna, Italy"}
2025-12-13 21:14:48,629 WARNING FAILED: Ravenna, via Massimo d'Azeglio, 10/ 12
2025-12-13 21:14:48,630 INFO Geocoding: Ravenna, via Argine sinistro del Montone, 149
2025-12-13 21:14:48,630 INFO Nominatim query: {'street': 'via Argine sinistro del Montone', 'city': 'Ravenna', 'state': 'Emilia-Romagna', 'country': 'Italy'}
2025-12-13 21:15:08,669 INFO Nominatim query: {'q': 'via Argine sinistro del Montone, Ravenna, Emilia-Romagna, Italy'}
2025-12-13 21:15:28,704 INFO Nominatim query: {'q': 'Ravenna, Emilia-Romagna, Italy'}
2025-12-13 21:15:48,729 INFO Nominatim query: {'q': 'Ravenna, via Argine sinistro del Montone, 149, Ravenna, Emilia-Romagna, Italy'}
2025-12-13 21:16:08,754 WARNING FAILED: Ravenna, via Argine sinistro del Montone, 149
2025-12-13 21:16:08,754 INFO Geocoding: Ravenna, Via Guaccimanni, 29
2025-12-13 21:16:08,754 INFO Nominatim query: {'street': 'Via Guaccimanni', 'city': 'Ravenna', 'state': 'Emilia-Romagna', 'country': 'Italy'}
2025-12-13 21:16:28,765 INFO Nominatim query: {'q': 'Via Guaccimanni, Ravenna, Emilia-Romagna, Italy'}
2025-12-13 21:16:48,791 INFO Nominatim query: {'q': 'Ravenna, Emilia-Romagna, Italy'}
2025-12-13 21:17:11,841 INFO Geocoding: Ravenna, via Guerrini, 0 , piazza Arcivescovado 0
2025-12-13 21:17:11,842 INFO Trying Overpass for: street=via Guerrini housenumber=None city=Ravenna
2025-12-13 21:17:12,964 INFO Nominatim query: {'street': 'via Guerrini', 'city': 'Ravenna', 'state': 'Emilia-Romagna', 'country': 'Italy'}
2025-12-13 21:17:32,995 INFO Nominatim query: {'q': 'via Guerrini, Ravenna, Emilia-Romagna, Italy'}
2025-12-13 21:17:53,015 INFO Nominatim query: {'q': 'Ravenna, Emilia-Romagna, Italy'}
2025-12-13 21:18:13,023 INFO Nominatim query: {'q': 'Ravenna, via Guerrini, 0, piazza Arcivescovado 0, Ravenna, Emilia-Romagna, Italy'}
2025-12-13 21:18:33,056 WARNING FAILED: Ravenna, via Guerrini, 0 , piazza Arcivescovado 0
2025-12-13 21:18:33,056 INFO Geocoding: Ravenna, via Paolo Costa, 10
2025-12-13 21:18:33,057 INFO Trying Overpass for: street=via Paolo Costa housenumber=10 city=Ravenna
2025-12-13 21:18:33,876 INFO Geocoding: Ravenna, Via Di Roma, 0
2025-12-13 21:18:33,877 INFO Trying Overpass for: street=Via Di Roma housenumber=None city=Ravenna
2025-12-13 21:18:34,577 INFO Geocoding: Ravenna, via G. Mazzini, 75
2025-12-13 21:18:34,577 INFO Trying Overpass for: street=via G. Mazzini housenumber=75 city=Ravenna
2025-12-13 21:18:35,537 INFO Nominatim query: {'street': 'via G. Mazzini', 'city': 'Ravenna', 'state': 'Emilia-Romagna', 'country': 'Italy'}
2025-12-13 21:18:55,562 INFO Nominatim query: {'q': 'via G. Mazzini, Ravenna, Emilia-Romagna, Italy'}
2025-12-13 21:19:15,577 INFO Nominatim query: {'q': 'Ravenna, Emilia-Romagna, Italy'}
2025-12-13 21:19:35,609 INFO Nominatim query: {'q': 'Ravenna, via G. Mazzini, 75, Ravenna, Emilia-Romagna, Italy'}
2025-12-13 21:19:57,375 INFO Found 294 cultural_heritage_site elements
2025-12-13 21:19:57,377 INFO Processing [1/294] 0800161620-bene componente
2025-12-13 21:19:57,377 INFO Skipping 0800161620-bene componente: no address
2025-12-13 21:19:57,382 INFO Processing [2/294] 0800308997
2025-12-13 21:19:57,383 INFO Geocoding [2/294] 0800308997 — Ravenna, via Guerrini, 0 , piazza Arcivescovado 0
2025-12-13 21:19:57,389 INFO Trying Overpass for: street=via Guerrini housenumber=None city=Ravenna
2025-12-13 21:19:58,243 INFO Nominatim query: {'street': 'via Guerrini', 'city': 'Ravenna', 'state': 'Emilia-Romagna', 'country': 'Italy'}
2025-12-13 21:20:18,279 INFO Nominatim query: {'q': 'via Guerrini, Ravenna, Emilia-Romagna, Italy'}
2025-12-13 21:20:38,328 INFO Nominatim query: {'q': 'Ravenna, Emilia-Romagna, Italy'}
2025-12-13 21:20:58,347 INFO Nominatim query: {'q': 'Ravenna, via Guerrini, 0, piazza Arcivescovado 0, Ravenna, Emilia-Romagna, Italy'}
2025-12-13 21:21:18,388 WARNING FAILED to geocode 0800308997 — Ravenna, via Guerrini, 0 , piazza Arcivescovado 0
2025-12-13 21:21:18,392 INFO Processing [3/294] 0800161656
2025-12-13 21:21:18,393 INFO Geocoding [3/294] 0800161656 — Ravenna, via Paolo Costa, 10
2025-12-13 21:21:18,394 INFO Geocoded 0800161656 -> 44.4191519 12.2014068
2025-12-13 21:21:18,397 INFO Processing [4/294] 0800161745
2025-12-13 21:21:18,399 INFO Geocoding [4/294] 0800161745 — Ravenna, Via Di Roma, 0
2025-12-13 21:21:18,400 INFO Geocoded 0800161745 -> 44.4179146 12.2035804
2025-12-13 21:21:18,414 INFO Processing [5/294] 0800161718
2025-12-13 21:21:18,414 INFO Geocoding [5/294] 0800161718 — Ravenna, via G. Mazzini, 75
2025-12-13 21:21:18,415 INFO Trying Overpass for: street=via G. Mazzini housenumber=75 city=Ravenna
2025-12-13 21:21:24,289 INFO Nominatim query: {'street': 'via G. Mazzini', 'city': 'Ravenna', 'state': 'Emilia-Romagna', 'country': 'Italy'}
2025-12-13 21:21:44,327 INFO Nominatim query: {'q': 'via G. Mazzini, Ravenna, Emilia-Romagna, Italy'}
2025-12-13 21:22:04,349 INFO Nominatim query: {'q': 'Ravenna, Emilia-Romagna, Italy'}
2025-12-13 21:22:24,365 INFO Nominatim query: {'q': 'Ravenna, via G. Mazzini, 75, Ravenna, Emilia-Romagna, Italy'}
2025-12-13 21:22:44,398 WARNING FAILED to geocode 0800161718 — Ravenna, via G. Mazzini, 75
2025-12-13 21:22:44,400 INFO Processing [6/294] 0800161753
2025-12-13 21:22:44,400 INFO Geocoding [6/294] 0800161753 — Ravenna, via di Roma, 47
2025-12-13 21:22:44,401 INFO Trying Overpass for: street=via di Roma housenumber=47 city=Ravenna
2025-12-13 21:22:45,001 INFO Geocoded 0800161753 -> 44.4157928 12.2047522
2025-12-13 21:22:45,003 INFO Processing [7/294] 0800308260-bene complesso
2025-12-13 21:22:45,003 INFO Geocoding [7/294] 0800308260-bene complesso — Ravenna, SAN ZACCARIA, Via Dismano, 663
2025-12-13 21:22:45,004 INFO Trying Overpass for: street=Via Dismano housenumber=663 city=Ravenna
2025-12-13 21:22:45,703 INFO Nominatim query: {'street': 'Via Dismano', 'city': 'Ravenna', 'state': 'Emilia-Romagna', 'country': 'Italy'}
2025-12-13 21:23:05,720 INFO Nominatim query: {'q': 'Via Dismano, Ravenna, Emilia-Romagna, Italy'}
2025-12-13 21:23:25,762 INFO Nominatim query: {'q': 'Ravenna, Emilia-Romagna, Italy'}
2025-12-13 21:23:45,788 INFO Nominatim query: {'q': 'Ravenna, SAN ZACCARIA, Via Dismano, 663, Ravenna, Emilia-Romagna, Italy'}
2025-12-13 21:24:05,816 WARNING FAILED to geocode 0800308260-bene complesso — Ravenna, SAN ZACCARIA, Via Dismano, 663
2025-12-13 21:24:05,819 INFO Processing [8/294] 0800161652
2025-12-13 21:24:05,820 INFO Geocoding [8/294] 0800161652 — Ravenna, Via della Chiesa, 0
2025-12-13 21:24:05,821 INFO Trying Overpass for: street=Via della Chiesa housenumber=None city=Ravenna
2025-12-13 21:24:06,715 INFO Nominatim query: {'street': 'Via della Chiesa', 'city': 'Ravenna', 'state': 'Emilia-Romagna', 'country': 'Italy'}
2025-12-13 21:24:26,732 INFO Nominatim query: {'q': 'Via della Chiesa, Ravenna, Emilia-Romagna, Italy'}
2025-12-13 21:24:46,778 INFO Nominatim query: {'q': 'Ravenna, Emilia-Romagna, Italy'}
2025-12-13 21:25:06,795 INFO Nominatim query: {'q': 'Ravenna, Via della Chiesa, 0, Ravenna, Emilia-Romagna, Italy'}
2025-12-13 21:25:26,807 WARNING FAILED to geocode 0800161652 — Ravenna, Via della Chiesa, 0
2025-12-13 21:25:26,809 INFO Processing [9/294] 0800266225
2025-12-13 21:25:26,810 INFO Geocoding [9/294] 0800266225 — Ravenna, via Galla Placida, 2
2025-12-13 21:25:26,811 INFO Trying Overpass for: street=via Galla Placida housenumber=2 city=Ravenna
2025-12-13 21:25:28,678 INFO Nominatim query: {'street': 'via Galla Placida', 'city': 'Ravenna', 'state': 'Emilia-Romagna', 'country': 'Italy'}
2025-12-13 21:25:48,718 INFO Nominatim query: {'q': 'via Galla Placida, Ravenna, Emilia-Romagna, Italy'}
2025-12-13 21:26:08,739 INFO Nominatim query: {'q': 'Ravenna, Emilia-Romagna, Italy'}
2025-12-13 21:26:28,766 INFO Nominatim query: {'q': 'Ravenna, via Galla Placida, 2, Ravenna, Emilia-Romagna, Italy'}
2025-12-13 21:26:48,799 WARNING FAILED to geocode 0800266225 — Ravenna, via Galla Placida, 2
2025-12-13 21:26:48,800 INFO Processing [10/294] 0800161812
2025-12-13 21:26:48,800 INFO Geocoding [10/294] 0800161812 — Ravenna, via Casa Matha, 1/ 3, via IV Novembre, 37/ 39
2025-12-13 21:26:48,801 INFO Trying Overpass for: street=via Casa Matha housenumber=None city=Ravenna
2025-12-13 21:26:49,538 INFO Geocoded 0800161812 -> 44.4186502 12.1999931
2025-12-13 21:26:49,539 INFO Processing [11/294] 0800161757
2025-12-13 21:26:49,539 INFO Geocoding [11/294] 0800161757 — Ravenna, via di Roma, 0
2025-12-13 21:26:49,540 INFO Trying Overpass for: street=via di Roma housenumber=None city=Ravenna
2025-12-13 21:26:50,420 INFO Geocoded 0800161757 -> 44.4179146 12.2035804
2025-12-13 21:26:50,424 INFO Processing [12/294] 0800161768
2025-12-13 21:26:50,425 INFO Geocoding [12/294] 0800161768 — Ravenna, Vic. S. Nicandro, 0
2025-12-13 21:26:50,426 INFO Nominatim query: {'q': 'Ravenna, Emilia-Romagna, Italy'}
2025-12-13 21:27:10,448 INFO Nominatim query: {'q': 'Ravenna, Vic. San. Nicandro, 0, Ravenna, Emilia-Romagna, Italy'}
2025-12-13 21:27:30,505 WARNING FAILED to geocode 0800161768 — Ravenna, Vic. S. Nicandro, 0
2025-12-13 21:27:30,508 INFO Processing [13/294] 0800308997-bene individuo
2025-12-13 21:27:30,509 INFO Skipping 0800308997-bene individuo: no address
2025-12-13 21:27:30,511 INFO Processing [14/294] 0800319221
2025-12-13 21:27:30,512 INFO Geocoding [14/294] 0800319221 — Ravenna, Piazza del popolo, 0
2025-12-13 21:27:30,513 INFO Trying Overpass for: street=Piazza del popolo housenumber=None city=Ravenna
2025-12-13 21:27:35,374 INFO Geocoded 0800319221 -> 44.4178985 12.1992196
2025-12-13 21:27:35,375 INFO Processing [15/294] 0800161735
2025-12-13 21:27:35,376 INFO Geocoding [15/294] 0800161735 — Ravenna, via di Roma, 0
2025-12-13 21:27:35,376 INFO Geocoded 0800161735 -> 44.4179146 12.2035804
2025-12-13 21:27:35,377 INFO Processing [16/294] 0800161629
2025-12-13 21:27:35,378 INFO Geocoding [16/294] 0800161629 — Ravenna, Piazza Anita Garibaldi, 0
2025-12-13 21:27:35,378 INFO Trying Overpass for: street=Piazza Anita Garibaldi housenumber=None city=Ravenna
2025-12-13 21:27:41,093 INFO Geocoded 0800161629 -> 44.418002 12.2049025
2025-12-13 21:27:41,095 INFO Processing [17/294] 0800161647
2025-12-13 21:27:41,095 INFO Geocoding [17/294] 0800161647 — Ravenna, Via del Candiano
2025-12-13 21:27:41,096 INFO Trying Overpass for: street=Via del Candiano housenumber=None city=Ravenna
2025-12-13 21:27:42,002 INFO Nominatim query: {'street': 'Via del Candiano', 'city': 'Ravenna', 'state': 'Emilia-Romagna', 'country': 'Italy'}
2025-12-13 21:28:02,036 INFO Nominatim query: {'q': 'Via del Candiano, Ravenna, Emilia-Romagna, Italy'}
2025-12-13 21:28:22,048 INFO Nominatim query: {'q': 'Ravenna, Emilia-Romagna, Italy'}
2025-12-13 21:28:42,065 INFO Nominatim query: {'q': 'Ravenna, Via del Candiano, Ravenna, Emilia-Romagna, Italy'}
2025-12-13 21:29:02,166 WARNING FAILED to geocode 0800161647 — Ravenna, Via del Candiano
2025-12-13 21:29:02,169 INFO Processing [18/294] 0800161750
2025-12-13 21:29:02,170 INFO Geocoding [18/294] 0800161750 — Ravenna, via di Roma, 113 ,115
2025-12-13 21:29:02,171 INFO Trying Overpass for: street=via di Roma housenumber=113 city=Ravenna
2025-12-13 21:29:02,920 INFO Geocoded 0800161750 -> 44.4198316 12.2029809
2025-12-13 21:29:02,921 INFO Processing [19/294] 0800161793
2025-12-13 21:29:02,921 INFO Geocoding [19/294] 0800161793 — Ravenna, LONGANA, Via Ravegnana, 0
2025-12-13 21:29:02,922 INFO Trying Overpass for: street=Via Ravegnana housenumber=None city=Ravenna
2025-12-13 21:29:03,943 INFO Geocoded 0800161793 -> 44.3569717 12.1549945
2025-12-13 21:29:03,947 INFO Processing [20/294] 0800161622
2025-12-13 21:29:03,947 INFO Geocoding [20/294] 0800161622 — Ravenna, Via Guido Da Polenta, 0
2025-12-13 21:29:03,948 INFO Trying Overpass for: street=Via Guido Da Polenta housenumber=None city=Ravenna
2025-12-13 21:29:44,479 INFO Found 294 cultural_heritage_site elements
2025-12-13 21:29:44,480 INFO Processing [1/294] 0800161620-bene componente
2025-12-13 21:29:44,481 INFO Skipping 0800161620-bene componente: no address
2025-12-13 21:29:44,483 INFO Processing [2/294] 0800308997
2025-12-13 21:29:44,484 INFO Geocoding [2/294] 0800308997 — Ravenna, via Guerrini, 0 , piazza Arcivescovado 0
2025-12-13 21:29:44,485 INFO Trying Overpass for: street=via Guerrini housenumber=None city=Ravenna
2025-12-13 21:29:46,193 INFO Nominatim query: {'street': 'via Guerrini', 'city': 'Ravenna', 'state': 'Emilia-Romagna', 'country': 'Italy'}
2025-12-13 21:30:06,226 INFO Nominatim query: {'q': 'via Guerrini, Ravenna, Emilia-Romagna, Italy'}
2025-12-13 21:30:26,271 INFO Nominatim query: {'q': 'Ravenna, Emilia-Romagna, Italy'}
2025-12-13 21:30:46,284 INFO Nominatim query: {'q': 'Ravenna, via Guerrini, 0, piazza Arcivescovado 0, Ravenna, Emilia-Romagna, Italy'}
2025-12-13 21:31:06,346 WARNING FAILED to geocode 0800308997 — Ravenna, via Guerrini, 0 , piazza Arcivescovado 0
2025-12-13 21:31:06,348 INFO Processing [3/294] 0800161656
2025-12-13 21:31:06,349 INFO Geocoding [3/294] 0800161656 — Ravenna, via Paolo Costa, 10
2025-12-13 21:31:06,349 INFO Geocoded 0800161656 -> 44.4191519 12.2014068
2025-12-13 21:31:06,353 INFO Processing [4/294] 0800161745
2025-12-13 21:31:06,354 INFO Geocoding [4/294] 0800161745 — Ravenna, Via Di Roma, 0
2025-12-13 21:31:06,356 INFO Geocoded 0800161745 -> 44.4179146 12.2035804
2025-12-13 21:31:06,359 INFO Processing [5/294] 0800161718
2025-12-13 21:31:06,359 INFO Geocoding [5/294] 0800161718 — Ravenna, via G. Mazzini, 75
2025-12-13 21:31:06,360 INFO Trying Overpass for: street=via G. Mazzini housenumber=75 city=Ravenna
2025-12-13 21:31:06,993 INFO Nominatim query: {'street': 'via G. Mazzini', 'city': 'Ravenna', 'state': 'Emilia-Romagna', 'country': 'Italy'}
2025-12-13 21:31:27,014 INFO Nominatim query: {'q': 'via G. Mazzini, Ravenna, Emilia-Romagna, Italy'}
2025-12-13 21:31:47,041 INFO Nominatim query: {'q': 'Ravenna, Emilia-Romagna, Italy'}
2025-12-13 21:32:07,076 INFO Nominatim query: {'q': 'Ravenna, via G. Mazzini, 75, Ravenna, Emilia-Romagna, Italy'}
2025-12-13 21:32:27,097 WARNING FAILED to geocode 0800161718 — Ravenna, via G. Mazzini, 75
2025-12-13 21:32:27,100 INFO Processing [6/294] 0800161753
2025-12-13 21:32:27,101 INFO Geocoding [6/294] 0800161753 — Ravenna, via di Roma, 47
2025-12-13 21:32:27,102 INFO Geocoded 0800161753 -> 44.4157928 12.2047522
2025-12-13 21:32:27,109 INFO Processing [7/294] 0800308260-bene complesso
2025-12-13 21:32:27,110 INFO Geocoding [7/294] 0800308260-bene complesso — Ravenna, SAN ZACCARIA, Via Dismano, 663
2025-12-13 21:32:27,111 INFO Trying Overpass for: street=Via Dismano housenumber=663 city=Ravenna
2025-12-13 21:32:33,268 INFO Nominatim query: {'street': 'Via Dismano', 'city': 'Ravenna', 'state': 'Emilia-Romagna', 'country': 'Italy'}
2025-12-13 21:32:53,282 INFO Nominatim query: {'q': 'Via Dismano, Ravenna, Emilia-Romagna, Italy'}
2025-12-13 21:33:13,311 INFO Nominatim query: {'q': 'Ravenna, Emilia-Romagna, Italy'}
2025-12-13 21:33:33,343 INFO Nominatim query: {'q': 'Ravenna, SAN ZACCARIA, Via Dismano, 663, Ravenna, Emilia-Romagna, Italy'}
2025-12-13 21:33:53,361 WARNING FAILED to geocode 0800308260-bene complesso — Ravenna, SAN ZACCARIA, Via Dismano, 663
2025-12-13 21:33:53,363 INFO Processing [8/294] 0800161652
2025-12-13 21:33:53,363 INFO Geocoding [8/294] 0800161652 — Ravenna, Via della Chiesa, 0
2025-12-13 21:33:53,364 INFO Trying Overpass for: street=Via della Chiesa housenumber=None city=Ravenna
2025-12-13 21:33:54,221 INFO Nominatim query: {'street': 'Via della Chiesa', 'city': 'Ravenna', 'state': 'Emilia-Romagna', 'country': 'Italy'}
2025-12-13 21:34:14,263 INFO Nominatim query: {'q': 'Via della Chiesa, Ravenna, Emilia-Romagna, Italy'}
2025-12-13 21:34:34,285 INFO Nominatim query: {'q': 'Ravenna, Emilia-Romagna, Italy'}
2025-12-13 21:34:54,298 INFO Nominatim query: {'q': 'Ravenna, Via della Chiesa, 0, Ravenna, Emilia-Romagna, Italy'}
2025-12-13 21:35:14,355 WARNING FAILED to geocode 0800161652 — Ravenna, Via della Chiesa, 0
2025-12-13 21:35:14,357 INFO Processing [9/294] 0800266225
2025-12-13 21:35:14,357 INFO Geocoding [9/294] 0800266225 — Ravenna, via Galla Placida, 2
2025-12-13 21:35:14,358 INFO Trying Overpass for: street=via Galla Placida housenumber=2 city=Ravenna
2025-12-13 21:35:15,953 INFO Nominatim query: {'street': 'via Galla Placida', 'city': 'Ravenna', 'state': 'Emilia-Romagna', 'country': 'Italy'}
2025-12-13 21:35:35,963 INFO Nominatim query: {'q': 'via Galla Placida, Ravenna, Emilia-Romagna, Italy'}
2025-12-13 21:35:55,986 INFO Nominatim query: {'q': 'Ravenna, Emilia-Romagna, Italy'}
2025-12-13 21:35:57,628 INFO Geocoded 0800266225 -> 44.4161414 12.2017617
2025-12-13 21:35:57,629 INFO Processing [10/294] 0800161812
2025-12-13 21:35:57,629 INFO Geocoding [10/294] 0800161812 — Ravenna, via Casa Matha, 1/ 3, via IV Novembre, 37/ 39
2025-12-13 21:35:57,630 INFO Geocoded 0800161812 -> 44.4186502 12.1999931
2025-12-13 21:35:57,631 INFO Processing [11/294] 0800161757
2025-12-13 21:35:57,632 INFO Geocoding [11/294] 0800161757 — Ravenna, via di Roma, 0
2025-12-13 21:35:57,632 INFO Geocoded 0800161757 -> 44.4179146 12.2035804
2025-12-13 21:35:57,636 INFO Processing [12/294] 0800161768
2025-12-13 21:35:57,638 INFO Geocoding [12/294] 0800161768 — Ravenna, Vic. S. Nicandro, 0
2025-12-13 21:35:57,638 INFO Nominatim query: {'q': 'Ravenna, Emilia-Romagna, Italy'}
2025-12-13 21:35:59,100 INFO Geocoded 0800161768 -> 44.4161414 12.2017617
2025-12-13 21:35:59,103 INFO Processing [13/294] 0800308997-bene individuo
2025-12-13 21:35:59,104 INFO Skipping 0800308997-bene individuo: no address
2025-12-13 21:35:59,108 INFO Processing [14/294] 0800319221
2025-12-13 21:35:59,111 INFO Geocoding [14/294] 0800319221 — Ravenna, Piazza del popolo, 0
2025-12-13 21:35:59,113 INFO Geocoded 0800319221 -> 44.4178985 12.1992196
2025-12-13 21:35:59,117 INFO Processing [15/294] 0800161735
2025-12-13 21:35:59,118 INFO Geocoding [15/294] 0800161735 — Ravenna, via di Roma, 0
2025-12-13 21:35:59,119 INFO Geocoded 0800161735 -> 44.4179146 12.2035804
2025-12-13 21:35:59,123 INFO Processing [16/294] 0800161629
2025-12-13 21:35:59,124 INFO Geocoding [16/294] 0800161629 — Ravenna, Piazza Anita Garibaldi, 0
2025-12-13 21:35:59,124 INFO Geocoded 0800161629 -> 44.418002 12.2049025
2025-12-13 21:35:59,128 INFO Processing [17/294] 0800161647
2025-12-13 21:35:59,128 INFO Geocoding [17/294] 0800161647 — Ravenna, Via del Candiano
2025-12-13 21:35:59,129 INFO Trying Overpass for: street=Via del Candiano housenumber=None city=Ravenna
2025-12-13 21:35:59,914 INFO Nominatim query: {'street': 'Via del Candiano', 'city': 'Ravenna', 'state': 'Emilia-Romagna', 'country': 'Italy'}
2025-12-13 21:36:01,435 INFO Nominatim query: {'q': 'Via del Candiano, Ravenna, Emilia-Romagna, Italy'}
2025-12-13 21:36:03,016 INFO Nominatim query: {'q': 'Ravenna, Emilia-Romagna, Italy'}
2025-12-13 21:36:04,567 INFO Geocoded 0800161647 -> 44.4161414 12.2017617
2025-12-13 21:36:04,570 INFO Processing [18/294] 0800161750
2025-12-13 21:36:04,571 INFO Geocoding [18/294] 0800161750 — Ravenna, via di Roma, 113 ,115
2025-12-13 21:36:04,573 INFO Geocoded 0800161750 -> 44.4198316 12.2029809
2025-12-13 21:36:04,580 INFO Processing [19/294] 0800161793
2025-12-13 21:36:04,582 INFO Geocoding [19/294] 0800161793 — Ravenna, LONGANA, Via Ravegnana, 0
2025-12-13 21:36:04,583 INFO Geocoded 0800161793 -> 44.3569717 12.1549945
2025-12-13 21:36:04,593 INFO Processing [20/294] 0800161622
2025-12-13 21:36:04,594 INFO Geocoding [20/294] 0800161622 — Ravenna, Via Guido Da Polenta, 0
2025-12-13 21:36:04,594 INFO Trying Overpass for: street=Via Guido Da Polenta housenumber=None city=Ravenna
2025-12-13 21:36:06,162 INFO Geocoded 0800161622 -> 44.4162107 12.2004974
2025-12-13 21:36:06,163 INFO Processing [21/294] 0800266218
2025-12-13 21:36:06,164 INFO Geocoding [21/294] 0800266218 — Ravenna, via Dante Alighieri, 9
2025-12-13 21:36:06,164 INFO Trying Overpass for: street=via Dante Alighieri housenumber=9 city=Ravenna
2025-12-13 21:36:07,235 INFO Geocoded 0800266218 -> 44.4163953 12.2007743
2025-12-13 21:36:07,238 INFO Processing [22/294] 0800309000-bene individuo
2025-12-13 21:36:07,239 INFO Skipping 0800309000-bene individuo: no address
2025-12-13 21:36:07,242 INFO Processing [23/294] 0800161774
2025-12-13 21:36:07,244 INFO Geocoding [23/294] 0800161774 — Ravenna, Via S.Vitale, 17
2025-12-13 21:36:07,245 INFO Trying Overpass for: street=Via SanVitale housenumber=17 city=Ravenna
2025-12-13 21:36:10,168 INFO Nominatim query: {'street': 'Via SanVitale', 'city': 'Ravenna', 'state': 'Emilia-Romagna', 'country': 'Italy'}
2025-12-13 21:36:11,747 INFO Nominatim query: {'q': 'Via SanVitale, Ravenna, Emilia-Romagna, Italy'}
2025-12-13 21:36:13,273 INFO Nominatim query: {'q': 'Ravenna, Emilia-Romagna, Italy'}
2025-12-13 21:36:14,834 INFO Geocoded 0800161774 -> 44.4161414 12.2017617
2025-12-13 21:36:14,835 INFO Processing [24/294] 0800161628
2025-12-13 21:36:14,836 INFO Geocoding [24/294] 0800161628 — Ravenna, P.zza Anita Garibaldi, 0
2025-12-13 21:36:14,836 INFO Trying Overpass for: street=Piazza Anita Garibaldi housenumber=None city=Ravenna
2025-12-13 21:36:15,697 INFO Geocoded 0800161628 -> 44.418002 12.2049025
2025-12-13 21:36:15,700 INFO Processing [25/294] 0800161660
2025-12-13 21:36:15,701 INFO Geocoding [25/294] 0800161660 — Ravenna, Via Cura, 0
2025-12-13 21:36:15,702 INFO Trying Overpass for: street=Via Cura housenumber=None city=Ravenna
2025-12-13 21:36:16,554 INFO Geocoded 0800161660 -> 44.4182612 12.1938362
2025-12-13 21:36:16,556 INFO Processing [26/294] 0800161764
2025-12-13 21:36:16,556 INFO Geocoding [26/294] 0800161764 — Ravenna, via G. Rossi, 51, 53
2025-12-13 21:36:16,557 INFO Trying Overpass for: street=via G. Rossi housenumber=51 city=Ravenna
2025-12-13 21:36:17,725 INFO Nominatim query: {'street': 'via G. Rossi', 'city': 'Ravenna', 'state': 'Emilia-Romagna', 'country': 'Italy'}
2025-12-13 21:36:19,200 INFO Nominatim query: {'q': 'via G. Rossi, Ravenna, Emilia-Romagna, Italy'}
2025-12-13 21:36:20,842 INFO Nominatim query: {'q': 'Ravenna, Emilia-Romagna, Italy'}
2025-12-13 21:36:22,388 INFO Geocoded 0800161764 -> 44.4161414 12.2017617
2025-12-13 21:36:22,391 INFO Processing [27/294] 0800161769
2025-12-13 21:36:22,392 INFO Geocoding [27/294] 0800161769 — Ravenna, via San Vitale, 5
2025-12-13 21:36:22,392 INFO Trying Overpass for: street=via San Vitale housenumber=5 city=Ravenna
2025-12-13 21:36:23,346 INFO Geocoded 0800161769 -> 44.4195302 12.1976594
2025-12-13 21:36:23,347 INFO Processing [28/294] 0800161649
2025-12-13 21:36:23,347 INFO Geocoding [28/294] 0800161649 — Ravenna, via Cavour, 54
2025-12-13 21:36:23,348 INFO Trying Overpass for: street=via Cavour housenumber=54 city=Ravenna
2025-12-13 21:36:24,020 INFO Nominatim query: {'street': 'via Cavour', 'city': 'Ravenna', 'state': 'Emilia-Romagna', 'country': 'Italy'}
2025-12-13 21:36:25,476 INFO Geocoded 0800161649 -> 44.4190425 12.1968242
2025-12-13 21:36:25,477 INFO Processing [29/294] 0800161682
2025-12-13 21:36:25,478 INFO Geocoding [29/294] 0800161682 — Ravenna, via Romolo Gessi, 20
2025-12-13 21:36:25,478 INFO Trying Overpass for: street=via Romolo Gessi housenumber=20 city=Ravenna
2025-12-13 21:36:26,350 INFO Nominatim query: {'street': 'via Romolo Gessi', 'city': 'Ravenna', 'state': 'Emilia-Romagna', 'country': 'Italy'}
2025-12-13 21:36:27,824 INFO Geocoded 0800161682 -> 44.4157737 12.1981351
2025-12-13 21:36:27,828 INFO Processing [30/294] 0800161625
2025-12-13 21:36:27,829 INFO Geocoding [30/294] 0800161625 — Ravenna, Via Anastagi, 19
2025-12-13 21:36:27,830 INFO Trying Overpass for: street=Via Anastagi housenumber=19 city=Ravenna
2025-12-13 21:36:28,639 INFO Geocoded 0800161625 -> 44.4218789 12.2012371
2025-12-13 21:36:28,642 INFO Processing [31/294] 0800161780
2025-12-13 21:36:28,642 INFO Geocoding [31/294] 0800161780 — Ravenna, via Zagarelli Alle Mura, 32
2025-12-13 21:36:28,643 INFO Trying Overpass for: street=via Zagarelli Alle Mura housenumber=32 city=Ravenna
2025-12-13 21:36:29,325 INFO Geocoded 0800161780 -> 44.4123546 12.2032743
2025-12-13 21:36:29,328 INFO Processing [32/294] 0800266223
2025-12-13 21:36:29,329 INFO Geocoding [32/294] 0800266223 — Ravenna, via Paolo Costa, 49
2025-12-13 21:36:29,330 INFO Trying Overpass for: street=via Paolo Costa housenumber=49 city=Ravenna
2025-12-13 21:36:30,132 INFO Geocoded 0800266223 -> 44.419053 12.2025974
2025-12-13 21:36:30,136 INFO Processing [33/294] 0800308266
2025-12-13 21:36:30,138 INFO Geocoding [33/294] 0800308266 — Ravenna, Via Zignani, 44
2025-12-13 21:36:30,139 INFO Trying Overpass for: street=Via Zignani housenumber=44 city=Ravenna
2025-12-13 21:36:31,008 INFO Nominatim query: {'street': 'Via Zignani', 'city': 'Ravenna', 'state': 'Emilia-Romagna', 'country': 'Italy'}
2025-12-13 21:36:32,477 INFO Nominatim query: {'q': 'Via Zignani, Ravenna, Emilia-Romagna, Italy'}
2025-12-13 21:36:33,956 INFO Nominatim query: {'q': 'Ravenna, Emilia-Romagna, Italy'}
2025-12-13 21:36:35,451 INFO Geocoded 0800308266 -> 44.4161414 12.2017617
2025-12-13 21:36:35,453 INFO Processing [34/294] 0800161709
2025-12-13 21:36:35,453 INFO Geocoding [34/294] 0800161709 — Ravenna, via G. Mazzini, 49, 51, 53, 55
2025-12-13 21:36:35,454 INFO Trying Overpass for: street=via G. Mazzini housenumber=49 city=Ravenna
2025-12-13 21:36:36,138 INFO Nominatim query: {'street': 'via G. Mazzini', 'city': 'Ravenna', 'state': 'Emilia-Romagna', 'country': 'Italy'}
2025-12-13 21:36:37,630 INFO Nominatim query: {'q': 'via G. Mazzini, Ravenna, Emilia-Romagna, Italy'}
2025-12-13 21:36:39,218 INFO Nominatim query: {'q': 'Ravenna, Emilia-Romagna, Italy'}
2025-12-13 21:36:40,703 INFO Geocoded 0800161709 -> 44.4161414 12.2017617
2025-12-13 21:36:40,704 INFO Processing [35/294] 0800319248-bene individuo
2025-12-13 21:36:40,704 INFO Geocoding [35/294] 0800319248-bene individuo — Ravenna, CLASSE, Via Romea, 0
2025-12-13 21:36:40,704 INFO Trying Overpass for: street=Via Romea housenumber=None city=Ravenna
2025-12-13 21:36:48,224 INFO Geocoded 0800319248-bene individuo -> 44.445266 12.209909
2025-12-13 21:36:48,225 INFO Processing [36/294] 0800161639
2025-12-13 21:36:48,226 INFO Geocoding [36/294] 0800161639 — Ravenna, Via Baccarini
2025-12-13 21:36:48,226 INFO Trying Overpass for: street=Via Baccarini housenumber=None city=Ravenna
2025-12-13 21:36:49,281 INFO Nominatim query: {'street': 'Via Baccarini', 'city': 'Ravenna', 'state': 'Emilia-Romagna', 'country': 'Italy'}
2025-12-13 21:36:50,935 INFO Geocoded 0800161639 -> 44.4130715 12.2003968
2025-12-13 21:36:50,937 INFO Processing [37/294] 0800161767
2025-12-13 21:36:50,937 INFO Geocoding [37/294] 0800161767 — Ravenna, Via G. Ghiselli, 32
2025-12-13 21:36:50,938 INFO Trying Overpass for: street=Via G. Ghiselli housenumber=32 city=Ravenna
2025-12-13 21:36:51,717 INFO Nominatim query: {'street': 'Via G. Ghiselli', 'city': 'Ravenna', 'state': 'Emilia-Romagna', 'country': 'Italy'}
2025-12-13 21:36:53,305 INFO Nominatim query: {'q': 'Via G. Ghiselli, Ravenna, Emilia-Romagna, Italy'}
2025-12-13 21:36:55,234 INFO Nominatim query: {'q': 'Ravenna, Emilia-Romagna, Italy'}
2025-12-13 21:36:58,009 INFO Geocoded 0800161767 -> 44.4161414 12.2017617
2025-12-13 21:36:58,013 INFO Processing [38/294] 0800161786
2025-12-13 21:36:58,014 INFO Geocoding [38/294] 0800161786 — Ravenna, via Bagnolo Salara, 65
2025-12-13 21:36:58,017 INFO Trying Overpass for: street=via Bagnolo Salara housenumber=65 city=Ravenna
2025-12-13 21:36:59,755 INFO Nominatim query: {'street': 'via Bagnolo Salara', 'city': 'Ravenna', 'state': 'Emilia-Romagna', 'country': 'Italy'}
2025-12-13 21:37:02,903 INFO Nominatim query: {'q': 'via Bagnolo Salara, Ravenna, Emilia-Romagna, Italy'}
2025-12-13 21:37:05,383 INFO Nominatim query: {'q': 'Ravenna, Emilia-Romagna, Italy'}
2025-12-13 21:37:07,260 INFO Geocoded 0800161786 -> 44.4161414 12.2017617
2025-12-13 21:37:07,270 INFO Processing [39/294] 0800308999
2025-12-13 21:37:07,278 INFO Geocoding [39/294] 0800308999 — Ravenna, vicolo Genocchi, 9
2025-12-13 21:37:07,283 INFO Trying Overpass for: street=vicolo Genocchi housenumber=9 city=Ravenna
2025-12-13 21:37:09,479 INFO Nominatim query: {'street': 'vicolo Genocchi', 'city': 'Ravenna', 'state': 'Emilia-Romagna', 'country': 'Italy'}
2025-12-13 21:37:11,214 INFO Nominatim query: {'q': 'vicolo Genocchi, Ravenna, Emilia-Romagna, Italy'}
2025-12-13 21:37:13,192 INFO Nominatim query: {'q': 'Ravenna, Emilia-Romagna, Italy'}
2025-12-13 21:37:15,087 INFO Geocoded 0800308999 -> 44.4161414 12.2017617
2025-12-13 21:37:15,088 INFO Processing [40/294] 0800161766
2025-12-13 21:37:15,089 INFO Geocoding [40/294] 0800161766 — Ravenna, Via G. Rossi, 6
2025-12-13 21:37:15,089 INFO Trying Overpass for: street=Via G. Rossi housenumber=6 city=Ravenna
2025-12-13 21:37:16,486 INFO Nominatim query: {'street': 'Via G. Rossi', 'city': 'Ravenna', 'state': 'Emilia-Romagna', 'country': 'Italy'}
2025-12-13 21:37:18,239 INFO Nominatim query: {'q': 'Via G. Rossi, Ravenna, Emilia-Romagna, Italy'}
2025-12-13 21:37:19,942 INFO Nominatim query: {'q': 'Ravenna, Emilia-Romagna, Italy'}
2025-12-13 21:37:21,514 INFO Geocoded 0800161766 -> 44.4161414 12.2017617
2025-12-13 21:37:21,519 INFO Processing [41/294] 0800266222
2025-12-13 21:37:21,519 INFO Geocoding [41/294] 0800266222 — Ravenna, Via del Cimitero, 0
2025-12-13 21:37:21,521 INFO Trying Overpass for: street=Via del Cimitero housenumber=None city=Ravenna
2025-12-13 21:37:22,431 INFO Geocoded 0800266222 -> 44.4368255 12.2335321
2025-12-13 21:37:22,435 INFO Processing [42/294] 0800266240
2025-12-13 21:37:22,435 INFO Geocoding [42/294] 0800266240 — Ravenna, PIANGIPANE, via Mezzoli, 45
2025-12-13 21:37:22,436 INFO Trying Overpass for: street=via Mezzoli housenumber=45 city=Ravenna
2025-12-13 21:37:23,772 INFO Nominatim query: {'street': 'via Mezzoli', 'city': 'Ravenna', 'state': 'Emilia-Romagna', 'country': 'Italy'}
2025-12-13 21:37:25,539 INFO Geocoded 0800266240 -> 44.4202356 12.0876422
2025-12-13 21:37:25,542 INFO Processing [43/294] 0800161644
2025-12-13 21:37:25,543 INFO Geocoding [43/294] 0800161644 — Ravenna, Via Battistero, 0, all'interno del giardino del Duomo fra via G. Rasponi e via R. Gessi
2025-12-13 21:37:25,543 INFO Trying Overpass for: street=Via Battistero housenumber=None city=Ravenna
2025-12-13 21:37:26,311 INFO Geocoded 0800161644 -> 44.4156662 12.1974887
2025-12-13 21:37:26,314 INFO Processing [44/294] 0800266233
2025-12-13 21:37:26,315 INFO Geocoding [44/294] 0800266233 — Ravenna, Via Mura S. Vitale
2025-12-13 21:37:26,315 INFO Trying Overpass for: street=Via Mura San. Vitale housenumber=None city=Ravenna
2025-12-13 21:37:30,521 INFO Nominatim query: {'street': 'Via Mura San. Vitale', 'city': 'Ravenna', 'state': 'Emilia-Romagna', 'country': 'Italy'}
2025-12-13 21:37:32,082 INFO Geocoded 0800266233 -> 44.4200266 12.1947607
2025-12-13 21:37:32,083 INFO Processing [45/294] 0800161763
2025-12-13 21:37:32,084 INFO Geocoding [45/294] 0800161763 — Ravenna, Via Girolamo Rossi, 0
2025-12-13 21:37:32,084 INFO Trying Overpass for: street=Via Girolamo Rossi housenumber=None city=Ravenna
2025-12-13 21:37:34,071 INFO Geocoded 0800161763 -> 44.4200553 12.2012274
2025-12-13 21:37:34,073 INFO Processing [46/294] 0800161784
2025-12-13 21:37:34,074 INFO Geocoding [46/294] 0800161784 — Ravenna, S.S. Adriatica, 16
2025-12-13 21:37:34,075 INFO Nominatim query: {'q': 'Ravenna, Emilia-Romagna, Italy'}
2025-12-13 21:37:35,689 INFO Geocoded 0800161784 -> 44.4161414 12.2017617
2025-12-13 21:37:35,691 INFO Processing [47/294] 0800161672
2025-12-13 21:37:35,691 INFO Geocoding [47/294] 0800161672 — Ravenna, piazza Duomo, 3/ 2
2025-12-13 21:37:35,692 INFO Trying Overpass for: street=piazza Duomo housenumber=None city=Ravenna
2025-12-13 21:37:42,614 INFO Geocoded 0800161672 -> 44.4154629 12.1960428
2025-12-13 21:37:42,615 INFO Processing [48/294] 0800161794
2025-12-13 21:37:42,616 INFO Geocoding [48/294] 0800161794 — Ravenna, MADONNA DELL'ALBERO, Via Cella,0
2025-12-13 21:37:42,616 INFO Trying Overpass for: street=Via Cella housenumber=None city=Ravenna
2025-12-13 21:37:43,521 INFO Geocoded 0800161794 -> 44.3601333 12.1816153
2025-12-13 21:37:43,523 INFO Processing [49/294] 0800161770
2025-12-13 21:37:43,524 INFO Geocoding [49/294] 0800161770 — Ravenna
2025-12-13 21:37:43,526 INFO Nominatim query: {'q': 'Ravenna, Emilia-Romagna, Italy'}
2025-12-13 21:37:45,050 INFO Geocoded 0800161770 -> 44.4161414 12.2017617
2025-12-13 21:37:45,051 INFO Processing [50/294] 0800161713
2025-12-13 21:37:45,051 INFO Geocoding [50/294] 0800161713 — Ravenna, Via Mazzini, 0
2025-12-13 21:37:45,052 INFO Trying Overpass for: street=Via Mazzini housenumber=None city=Ravenna
2025-12-13 21:37:46,041 INFO Nominatim query: {'street': 'Via Mazzini', 'city': 'Ravenna', 'state': 'Emilia-Romagna', 'country': 'Italy'}
2025-12-13 21:37:47,557 INFO Geocoded 0800161713 -> 44.4133761 12.2012144
2025-12-13 21:37:47,559 INFO Processing [51/294] 0800161676
2025-12-13 21:37:47,560 INFO Geocoding [51/294] 0800161676 — Ravenna, Via Fiume Abbandonato, 0
2025-12-13 21:37:47,561 INFO Trying Overpass for: street=Via Fiume Abbandonato housenumber=None city=Ravenna
2025-12-13 21:37:50,387 INFO Nominatim query: {'street': 'Via Fiume Abbandonato', 'city': 'Ravenna', 'state': 'Emilia-Romagna', 'country': 'Italy'}
2025-12-13 21:37:51,966 INFO Geocoded 0800161676 -> 44.3934038 12.1716884
2025-12-13 21:37:51,968 INFO Processing [52/294] 0800161708
2025-12-13 21:37:51,969 INFO Geocoding [52/294] 0800161708 — Ravenna, via G. Mazzini, 64
2025-12-13 21:37:51,969 INFO Trying Overpass for: street=via G. Mazzini housenumber=64 city=Ravenna
2025-12-13 21:37:52,933 INFO Nominatim query: {'street': 'via G. Mazzini', 'city': 'Ravenna', 'state': 'Emilia-Romagna', 'country': 'Italy'}
2025-12-13 21:37:54,499 INFO Nominatim query: {'q': 'via G. Mazzini, Ravenna, Emilia-Romagna, Italy'}
2025-12-13 21:37:56,201 INFO Nominatim query: {'q': 'Ravenna, Emilia-Romagna, Italy'}
2025-12-13 21:37:57,697 INFO Geocoded 0800161708 -> 44.4161414 12.2017617
2025-12-13 21:37:57,699 INFO Processing [53/294] 0800161619
2025-12-13 21:37:57,699 INFO Geocoding [53/294] 0800161619 — Ravenna, Piazza S.Francesco, 0
2025-12-13 21:37:57,700 INFO Trying Overpass for: street=Piazza SanFrancesco housenumber=None city=Ravenna
2025-12-13 21:37:58,655 INFO Nominatim query: {'street': 'Piazza SanFrancesco', 'city': 'Ravenna', 'state': 'Emilia-Romagna', 'country': 'Italy'}
2025-12-13 21:38:00,222 INFO Nominatim query: {'q': 'Piazza SanFrancesco, Ravenna, Emilia-Romagna, Italy'}
2025-12-13 21:38:02,014 INFO Nominatim query: {'q': 'Ravenna, Emilia-Romagna, Italy'}
2025-12-13 21:38:03,627 INFO Geocoded 0800161619 -> 44.4161414 12.2017617
2025-12-13 21:38:03,629 INFO Processing [54/294] 0800161687
2025-12-13 21:38:03,629 INFO Geocoding [54/294] 0800161687 — Ravenna, Via G. Guaccimanni, 0
2025-12-13 21:38:03,630 INFO Trying Overpass for: street=Via G. Guaccimanni housenumber=None city=Ravenna
2025-12-13 21:38:04,560 INFO Nominatim query: {'street': 'Via G. Guaccimanni', 'city': 'Ravenna', 'state': 'Emilia-Romagna', 'country': 'Italy'}
2025-12-13 21:38:06,164 INFO Nominatim query: {'q': 'Via G. Guaccimanni, Ravenna, Emilia-Romagna, Italy'}
2025-12-13 21:38:07,795 INFO Nominatim query: {'q': 'Ravenna, Emilia-Romagna, Italy'}
2025-12-13 21:38:09,361 INFO Geocoded 0800161687 -> 44.4161414 12.2017617
2025-12-13 21:38:09,362 INFO Processing [55/294] 0800161705
2025-12-13 21:38:09,363 INFO Geocoding [55/294] 0800161705 — Ravenna, Via G. Mazzini, 42
2025-12-13 21:38:09,363 INFO Trying Overpass for: street=Via G. Mazzini housenumber=42 city=Ravenna
2025-12-13 21:38:10,231 INFO Nominatim query: {'street': 'Via G. Mazzini', 'city': 'Ravenna', 'state': 'Emilia-Romagna', 'country': 'Italy'}
2025-12-13 21:38:11,954 INFO Nominatim query: {'q': 'Via G. Mazzini, Ravenna, Emilia-Romagna, Italy'}
2025-12-13 21:38:13,599 INFO Nominatim query: {'q': 'Ravenna, Emilia-Romagna, Italy'}
2025-12-13 21:38:15,305 INFO Geocoded 0800161705 -> 44.4161414 12.2017617
2025-12-13 21:38:15,308 INFO Processing [56/294] 0800161737
2025-12-13 21:38:15,309 INFO Geocoding [56/294] 0800161737 — Ravenna, Via Di Roma, 67
2025-12-13 21:38:15,310 INFO Trying Overpass for: street=Via Di Roma housenumber=67 city=Ravenna
2025-12-13 21:38:16,137 INFO Geocoded 0800161737 -> 44.4171364 12.2040723
2025-12-13 21:38:16,140 INFO Processing [57/294] 0800161748
2025-12-13 21:38:16,141 INFO Geocoding [57/294] 0800161748 — Italia, Emilia Romagna, RA, Ravenna
2025-12-13 21:38:16,142 INFO Nominatim query: {'q': 'Italy, Emilia-Romagna, Italy'}
2025-12-13 21:38:17,624 INFO Nominatim query: {'q': 'Italy, Emilia Romagna, RA, Ravenna, Ravenna, Emilia-Romagna, Italy'}
2025-12-13 21:38:19,093 WARNING FAILED to geocode 0800161748 — Italia, Emilia Romagna, RA, Ravenna
2025-12-13 21:38:19,095 INFO Processing [58/294] 0800206008-bene individuo
2025-12-13 21:38:19,095 INFO Skipping 0800206008-bene individuo: no address
2025-12-13 21:38:19,098 INFO Processing [59/294] 0800161733
2025-12-13 21:38:19,098 INFO Geocoding [59/294] 0800161733 — Ravenna, via C. Ricci, 12,14 ,16,18
2025-12-13 21:38:19,099 INFO Trying Overpass for: street=via C. Ricci housenumber=12 city=Ravenna
2025-12-13 21:38:20,264 INFO Nominatim query: {'street': 'via C. Ricci', 'city': 'Ravenna', 'state': 'Emilia-Romagna', 'country': 'Italy'}
2025-12-13 21:38:22,064 INFO Nominatim query: {'q': 'via C. Ricci, Ravenna, Emilia-Romagna, Italy'}
2025-12-13 21:38:24,567 INFO Nominatim query: {'q': 'Ravenna, Emilia-Romagna, Italy'}
2025-12-13 21:38:26,059 INFO Geocoded 0800161733 -> 44.4161414 12.2017617
2025-12-13 21:38:26,062 INFO Processing [60/294] 0800161661
2025-12-13 21:38:26,063 INFO Geocoding [60/294] 0800161661 — Ravenna, Via Cura, 0
2025-12-13 21:38:26,064 INFO Geocoded 0800161661 -> 44.4182612 12.1938362
2025-12-13 21:38:26,068 INFO Processing [61/294] 0800308274-bene individuo
2025-12-13 21:38:26,070 INFO Geocoding [61/294] 0800308274-bene individuo — Ravenna, SAN PIETRO IN TRENTO, Via Traversara, angolo via Bezzi, 67
2025-12-13 21:38:26,071 INFO Trying Overpass for: street=Via Traversara housenumber=None city=Ravenna
2025-12-13 21:38:26,923 INFO Nominatim query: {'street': 'Via Traversara', 'city': 'Ravenna', 'state': 'Emilia-Romagna', 'country': 'Italy'}
2025-12-13 21:38:28,371 INFO Nominatim query: {'q': 'Via Traversara, Ravenna, Emilia-Romagna, Italy'}
2025-12-13 21:38:29,894 INFO Nominatim query: {'q': 'Ravenna, Emilia-Romagna, Italy'}
2025-12-13 21:38:31,514 INFO Geocoded 0800308274-bene individuo -> 44.4161414 12.2017617
2025-12-13 21:38:31,517 INFO Processing [62/294] 0800161730
2025-12-13 21:38:31,518 INFO Geocoding [62/294] 0800161730 — Ravenna, via IV Novembre, 45/ 43
2025-12-13 21:38:31,519 INFO Trying Overpass for: street=via IV Novembre housenumber=None city=Ravenna
2025-12-13 21:38:33,066 INFO Geocoded 0800161730 -> 44.4187752 12.199383
2025-12-13 21:38:33,070 INFO Processing [63/294] 0800161797
2025-12-13 21:38:33,071 INFO Geocoding [63/294] 0800161797 — Ravenna, MARINA DI RAVENNA, via D'Allaggio, 53
2025-12-13 21:38:33,072 INFO Trying Overpass for: street=via D'Allaggio housenumber=53 city=Ravenna
2025-12-13 21:38:33,864 INFO Nominatim query: {'street': "via D'Allaggio", 'city': 'Ravenna', 'state': 'Emilia-Romagna', 'country': 'Italy'}
2025-12-13 21:38:35,311 INFO Nominatim query: {'q': "via D'Allaggio, Ravenna, Emilia-Romagna, Italy"}
2025-12-13 21:38:36,712 INFO Nominatim query: {'q': 'Ravenna, Emilia-Romagna, Italy'}
2025-12-13 21:38:38,201 INFO Geocoded 0800161797 -> 44.4161414 12.2017617
2025-12-13 21:38:38,204 INFO Processing [64/294] 0800308279
2025-12-13 21:38:38,205 INFO Geocoding [64/294] 0800308279 — Ravenna, FOSSO GHIAIA, Via Fosso Ghiaia, 0, all'interno della pineta, parco primo maggio
2025-12-13 21:38:38,206 INFO Trying Overpass for: street=Via Fosso Ghiaia housenumber=None city=Ravenna
2025-12-13 21:38:43,639 INFO Geocoded 0800308279 -> 44.3427021 12.181619
2025-12-13 21:38:43,642 INFO Processing [65/294] 0800266247
2025-12-13 21:38:43,642 INFO Geocoding [65/294] 0800266247 — Ravenna, via Torri, 0
2025-12-13 21:38:43,643 INFO Trying Overpass for: street=via Torri housenumber=None city=Ravenna
2025-12-13 21:38:45,460 INFO Geocoded 0800266247 -> 44.4942768 12.1070846
2025-12-13 21:38:45,463 INFO Processing [66/294] 0800161690
2025-12-13 21:38:45,464 INFO Geocoding [66/294] 0800161690 — Ravenna, via Guaccimanni, 27
2025-12-13 21:38:45,466 INFO Trying Overpass for: street=via Guaccimanni housenumber=27 city=Ravenna
2025-12-13 21:38:48,814 INFO Nominatim query: {'street': 'via Guaccimanni', 'city': 'Ravenna', 'state': 'Emilia-Romagna', 'country': 'Italy'}
2025-12-13 21:38:50,250 INFO Geocoded 0800161690 -> 44.4157906 12.2031660
2025-12-13 21:38:50,252 INFO Processing [67/294] 0800161621
2025-12-13 21:38:50,252 INFO Geocoding [67/294] 0800161621 — Ravenna, Piazza S.Francesco, 0
2025-12-13 21:38:50,253 INFO Geocoded 0800161621 -> 44.4161414 12.2017617
2025-12-13 21:38:50,255 INFO Processing [68/294] 0800161633
2025-12-13 21:38:50,256 INFO Geocoding [68/294] 0800161633 — Ravenna, Vicolo degli Ariani, 0
2025-12-13 21:38:50,256 INFO Trying Overpass for: street=Vicolo degli Ariani housenumber=None city=Ravenna
2025-12-13 21:38:51,221 INFO Geocoded 0800161633 -> 44.4185674 12.2020594
2025-12-13 21:38:51,223 INFO Processing [69/294] 0800308254-bene componente
2025-12-13 21:38:51,224 INFO Skipping 0800308254-bene componente: no address
2025-12-13 21:38:51,227 INFO Processing [70/294] 0800161679
2025-12-13 21:38:51,228 INFO Geocoding [70/294] 0800161679 — Ravenna, via Gamba, 3
2025-12-13 21:38:51,228 INFO Trying Overpass for: street=via Gamba housenumber=3 city=Ravenna
2025-12-13 21:38:55,732 INFO Geocoded 0800161679 -> 44.4202322 12.1982536
2025-12-13 21:38:55,735 INFO Processing [71/294] 0800308281
2025-12-13 21:38:55,735 INFO Geocoding [71/294] 0800308281 — Ravenna, SAN PIETRO IN VINCOLI, Via Gambellara, 1
2025-12-13 21:38:55,736 INFO Trying Overpass for: street=Via Gambellara housenumber=1 city=Ravenna
2025-12-13 21:38:59,734 INFO Nominatim query: {'street': 'Via Gambellara', 'city': 'Ravenna', 'state': 'Emilia-Romagna', 'country': 'Italy'}
2025-12-13 21:39:01,199 INFO Geocoded 0800308281 -> 44.3439453 12.1394354
2025-12-13 21:39:01,204 INFO Processing [72/294] 0800161799
2025-12-13 21:39:01,205 INFO Geocoding [72/294] 0800161799 — Ravenna, Via Massa, 88
2025-12-13 21:39:01,207 INFO Trying Overpass for: street=Via Massa housenumber=88 city=Ravenna
2025-12-13 21:39:01,792 INFO Nominatim query: {'street': 'Via Massa', 'city': 'Ravenna', 'state': 'Emilia-Romagna', 'country': 'Italy'}
2025-12-13 21:39:03,273 INFO Nominatim query: {'q': 'Via Massa, Ravenna, Emilia-Romagna, Italy'}
2025-12-13 21:39:04,843 INFO Nominatim query: {'q': 'Ravenna, Emilia-Romagna, Italy'}
2025-12-13 21:39:06,312 INFO Geocoded 0800161799 -> 44.4161414 12.2017617
2025-12-13 21:39:06,314 INFO Processing [73/294] 0800161683
2025-12-13 21:39:06,315 INFO Geocoding [73/294] 0800161683 — Ravenna, via Romolo Gessi 0, via Mentana 33/35
2025-12-13 21:39:06,317 INFO Trying Overpass for: street=via Romolo Gessi housenumber=None city=Ravenna
2025-12-13 21:39:14,134 INFO Geocoded 0800161683 -> 44.4157162 12.1981838
2025-12-13 21:39:14,136 INFO Processing [74/294] 0800161702
2025-12-13 21:39:14,137 INFO Geocoding [74/294] 0800161702 — Ravenna, via Mariani, 7/ 9
2025-12-13 21:39:14,138 INFO Trying Overpass for: street=via Mariani housenumber=None city=Ravenna
2025-12-13 21:39:15,084 INFO Nominatim query: {'street': 'via Mariani', 'city': 'Ravenna', 'state': 'Emilia-Romagna', 'country': 'Italy'}
2025-12-13 21:39:16,597 INFO Geocoded 0800161702 -> 44.4172272 12.2017926
2025-12-13 21:39:16,598 INFO Processing [75/294] 0800308267
2025-12-13 21:39:16,599 INFO Geocoding [75/294] 0800308267 — Ravenna, Via Zignani, 44
2025-12-13 21:39:16,599 INFO Geocoded 0800308267 -> 44.4161414 12.2017617
2025-12-13 21:39:16,602 INFO Processing [76/294] 0800266232
2025-12-13 21:39:16,602 INFO Geocoding [76/294] 0800266232 — Ravenna, via San Vitale, 28, 30
2025-12-13 21:39:16,603 INFO Trying Overpass for: street=via San Vitale housenumber=28 city=Ravenna
2025-12-13 21:39:17,649 INFO Geocoded 0800266232 -> 44.4196258 12.1970013
2025-12-13 21:39:17,651 INFO Processing [77/294] 0800266229
2025-12-13 21:39:17,652 INFO Geocoding [77/294] 0800266229 — Ravenna, Via S.Mama, 175, 177, 179
2025-12-13 21:39:17,652 INFO Trying Overpass for: street=Via SanMama housenumber=175 city=Ravenna
2025-12-13 21:39:22,993 INFO Nominatim query: {'street': 'Via SanMama', 'city': 'Ravenna', 'state': 'Emilia-Romagna', 'country': 'Italy'}
2025-12-13 21:39:24,461 INFO Nominatim query: {'q': 'Via SanMama, Ravenna, Emilia-Romagna, Italy'}
2025-12-13 21:39:25,962 INFO Nominatim query: {'q': 'Ravenna, Emilia-Romagna, Italy'}
2025-12-13 21:39:27,451 INFO Geocoded 0800266229 -> 44.4161414 12.2017617
2025-12-13 21:39:27,452 INFO Processing [78/294] 0800161658
2025-12-13 21:39:27,453 INFO Geocoding [78/294] 0800161658 — Ravenna, via Paolo Costa, 8
2025-12-13 21:39:27,453 INFO Trying Overpass for: street=via Paolo Costa housenumber=8 city=Ravenna
2025-12-13 21:39:28,859 INFO Geocoded 0800161658 -> 44.419134 12.2011494
2025-12-13 21:39:28,860 INFO Processing [79/294] 0800161688
2025-12-13 21:39:28,860 INFO Geocoding [79/294] 0800161688 — Ravenna, via Guaccimanni, 62
2025-12-13 21:39:28,861 INFO Trying Overpass for: street=via Guaccimanni housenumber=62 city=Ravenna
2025-12-13 21:39:29,703 INFO Nominatim query: {'street': 'via Guaccimanni', 'city': 'Ravenna', 'state': 'Emilia-Romagna', 'country': 'Italy'}
2025-12-13 21:39:31,192 INFO Geocoded 0800161688 -> 44.4157906 12.2031660
2025-12-13 21:39:31,194 INFO Processing [80/294] 0800161699
2025-12-13 21:39:31,194 INFO Geocoding [80/294] 0800161699 — Ravenna, Via A. Mariani, 21
2025-12-13 21:39:31,194 INFO Trying Overpass for: street=Via A. Mariani housenumber=21 city=Ravenna
2025-12-13 21:39:32,944 INFO Nominatim query: {'street': 'Via A. Mariani', 'city': 'Ravenna', 'state': 'Emilia-Romagna', 'country': 'Italy'}
2025-12-13 21:39:34,505 INFO Nominatim query: {'q': 'Via A. Mariani, Ravenna, Emilia-Romagna, Italy'}
2025-12-13 21:39:36,128 INFO Nominatim query: {'q': 'Ravenna, Emilia-Romagna, Italy'}
2025-12-13 21:39:37,698 INFO Geocoded 0800161699 -> 44.4161414 12.2017617
2025-12-13 21:39:37,705 INFO Processing [81/294] 0800161714
2025-12-13 21:39:37,710 INFO Geocoding [81/294] 0800161714 — Ravenna, Via Mazzini, 0
2025-12-13 21:39:37,716 INFO Geocoded 0800161714 -> 44.4133761 12.2012144
2025-12-13 21:39:37,725 INFO Processing [82/294] 0800319221-bene componente
2025-12-13 21:39:37,727 INFO Skipping 0800319221-bene componente: no address
2025-12-13 21:39:37,741 INFO Processing [83/294] 0800266238
2025-12-13 21:39:37,742 INFO Geocoding [83/294] 0800266238 — Ravenna, PIANGIPANE, via Braccesca, 44
2025-12-13 21:39:37,742 INFO Trying Overpass for: street=via Braccesca housenumber=44 city=Ravenna
2025-12-13 21:39:40,871 INFO Geocoded 0800266238 -> 44.4142197 12.09383
2025-12-13 21:39:40,876 INFO Processing [84/294] 0800161662
2025-12-13 21:39:40,877 INFO Geocoding [84/294] 0800161662 — Ravenna, Via Cura, 0
2025-12-13 21:39:40,878 INFO Geocoded 0800161662 -> 44.4182612 12.1938362
2025-12-13 21:39:40,884 INFO Processing [85/294] 0800206008
2025-12-13 21:39:40,885 INFO Geocoding [85/294] 0800206008 — Ravenna, via Mariani, 0
2025-12-13 21:39:40,886 INFO Trying Overpass for: street=via Mariani housenumber=None city=Ravenna
2025-12-13 21:39:42,542 INFO Nominatim query: {'street': 'via Mariani', 'city': 'Ravenna', 'state': 'Emilia-Romagna', 'country': 'Italy'}
2025-12-13 21:39:44,009 INFO Geocoded 0800206008 -> 44.4172272 12.2017926
2025-12-13 21:39:44,012 INFO Processing [86/294] 0800161654
2025-12-13 21:39:44,013 INFO Geocoding [86/294] 0800161654 — Ravenna, via P. Costa, 1, via XIII Giugno, 15 /17
2025-12-13 21:39:44,015 INFO Trying Overpass for: street=via P. Costa housenumber=1 city=Ravenna
2025-12-13 21:39:50,245 INFO Nominatim query: {'street': 'via P. Costa', 'city': 'Ravenna', 'state': 'Emilia-Romagna', 'country': 'Italy'}
2025-12-13 21:39:51,904 INFO Nominatim query: {'q': 'via P. Costa, Ravenna, Emilia-Romagna, Italy'}
2025-12-13 21:39:53,694 INFO Nominatim query: {'q': 'Ravenna, Emilia-Romagna, Italy'}
2025-12-13 21:39:55,172 INFO Geocoded 0800161654 -> 44.4161414 12.2017617
2025-12-13 21:39:55,174 INFO Processing [87/294] 0800161796
2025-12-13 21:39:55,175 INFO Geocoding [87/294] 0800161796 — Ravenna, MADONNA DELL'ALBERO, via Ravegnana, 479
2025-12-13 21:39:55,176 INFO Trying Overpass for: street=via Ravegnana housenumber=479 city=Ravenna
2025-12-13 21:39:55,844 INFO Geocoded 0800161796 -> 44.3833523 12.1923863
2025-12-13 21:39:55,846 INFO Processing [88/294] 0800161632
2025-12-13 21:39:55,847 INFO Geocoding [88/294] 0800161632 — Emilia-Romagna, RA, Ravenna
2025-12-13 21:39:55,848 INFO Nominatim query: {'q': 'Emilia-Romagna, Emilia-Romagna, Italy'}
2025-12-13 21:39:57,347 INFO Geocoded 0800161632 -> 44.4403718 12.2923064
2025-12-13 21:39:57,349 INFO Processing [89/294] 0800161706
2025-12-13 21:39:57,349 INFO Geocoding [89/294] 0800161706 — Ravenna, via Mazzini, 30/ 32/ 34
2025-12-13 21:39:57,350 INFO Trying Overpass for: street=via Mazzini housenumber=None city=Ravenna
2025-12-13 21:39:59,213 INFO Nominatim query: {'street': 'via Mazzini', 'city': 'Ravenna', 'state': 'Emilia-Romagna', 'country': 'Italy'}
2025-12-13 21:40:00,767 INFO Geocoded 0800161706 -> 44.4133761 12.2012144
2025-12-13 21:40:00,768 INFO Processing [90/294] 0800161775
2025-12-13 21:40:00,768 INFO Geocoding [90/294] 0800161775 — Ravenna, Via Tombesi Dall'Ova, 14
2025-12-13 21:40:00,768 INFO Trying Overpass for: street=Via Tombesi Dall'Ova housenumber=14 city=Ravenna
2025-12-13 21:40:14,887 INFO Geocoded 0800161775 -> 44.4149746 12.2014104
2025-12-13 21:40:14,890 INFO Processing [91/294] 0800266235
2025-12-13 21:40:14,890 INFO Geocoding [91/294] 0800266235 — Ravenna, COCCOLIA, via Ravegnana, 731
2025-12-13 21:40:14,891 INFO Trying Overpass for: street=via Ravegnana housenumber=731 city=Ravenna
2025-12-13 21:40:15,575 INFO Nominatim query: {'street': 'via Ravegnana', 'city': 'Ravenna', 'state': 'Emilia-Romagna', 'country': 'Italy'}
2025-12-13 21:40:17,046 INFO Geocoded 0800266235 -> 44.4020871 12.1964898
2025-12-13 21:40:17,050 INFO Processing [92/294] 0800161635
2025-12-13 21:40:17,051 INFO Geocoding [92/294] 0800161635 — Ravenna, Via Bastione, 0
2025-12-13 21:40:17,053 INFO Trying Overpass for: street=Via Bastione housenumber=None city=Ravenna
2025-12-13 21:40:18,630 INFO Geocoded 0800161635 -> 44.4116469 12.2008539
2025-12-13 21:40:18,634 INFO Processing [93/294] 0800161759
2025-12-13 21:40:18,637 INFO Geocoding [93/294] 0800161759 — Ravenna, via N. Rondinelli, 4, 6
2025-12-13 21:40:18,640 INFO Trying Overpass for: street=via N. Rondinelli housenumber=4 city=Ravenna
2025-12-13 21:40:20,209 INFO Nominatim query: {'street': 'via N. Rondinelli', 'city': 'Ravenna', 'state': 'Emilia-Romagna', 'country': 'Italy'}
2025-12-13 21:40:22,036 INFO Nominatim query: {'q': 'via N. Rondinelli, Ravenna, Emilia-Romagna, Italy'}
2025-12-13 21:40:23,837 INFO Nominatim query: {'q': 'Ravenna, Emilia-Romagna, Italy'}
2025-12-13 21:40:25,503 INFO Geocoded 0800161759 -> 44.4161414 12.2017617
2025-12-13 21:40:25,505 INFO Processing [94/294] 0800161618
2025-12-13 21:40:25,507 INFO Geocoding [94/294] 0800161618 — Ravenna, Via G. da Polenta, 0
2025-12-13 21:40:25,508 INFO Trying Overpass for: street=Via G. da Polenta housenumber=None city=Ravenna
2025-12-13 21:40:27,256 INFO Nominatim query: {'street': 'Via G. da Polenta', 'city': 'Ravenna', 'state': 'Emilia-Romagna', 'country': 'Italy'}
2025-12-13 21:40:28,770 INFO Nominatim query: {'q': 'Via G. da Polenta, Ravenna, Emilia-Romagna, Italy'}
2025-12-13 21:40:30,592 INFO Nominatim query: {'q': 'Ravenna, Emilia-Romagna, Italy'}
2025-12-13 21:40:32,190 INFO Geocoded 0800161618 -> 44.4161414 12.2017617
2025-12-13 21:40:32,191 INFO Processing [95/294] 0800308254
2025-12-13 21:40:32,192 INFO Geocoding [95/294] 0800308254 — Ravenna, Via Pietro Alighieri, 4
2025-12-13 21:40:32,192 INFO Trying Overpass for: street=Via Pietro Alighieri housenumber=4 city=Ravenna
2025-12-13 21:40:33,128 INFO Geocoded 0800308254 -> 44.4212391 12.1986667
2025-12-13 21:40:33,130 INFO Processing [96/294] 0800161747
2025-12-13 21:40:33,130 INFO Geocoding [96/294] 0800161747 — Ravenna, Via Di Roma, 0
2025-12-13 21:40:33,131 INFO Geocoded 0800161747 -> 44.4179146 12.2035804
2025-12-13 21:40:33,133 INFO Processing [97/294] 0800161738
2025-12-13 21:40:33,134 INFO Geocoding [97/294] 0800161738 — Ravenna, via di Roma, 108
2025-12-13 21:40:33,134 INFO Trying Overpass for: street=via di Roma housenumber=108 city=Ravenna
2025-12-13 21:40:34,654 INFO Geocoded 0800161738 -> 44.4156956 12.2045014
2025-12-13 21:40:34,655 INFO Processing [98/294] 0800161626
2025-12-13 21:40:34,656 INFO Geocoding [98/294] 0800161626 — Ravenna, P.zza Anita Garibaldi, 0
2025-12-13 21:40:34,656 INFO Geocoded 0800161626 -> 44.418002 12.2049025
2025-12-13 21:40:34,661 INFO Processing [99/294] 0800266221
2025-12-13 21:40:34,662 INFO Geocoding [99/294] 0800266221 — Ravenna, via C. Cattaneo, 34
2025-12-13 21:40:34,664 INFO Trying Overpass for: street=via C. Cattaneo housenumber=34 city=Ravenna
2025-12-13 21:40:40,868 INFO Nominatim query: {'street': 'via C. Cattaneo', 'city': 'Ravenna', 'state': 'Emilia-Romagna', 'country': 'Italy'}
2025-12-13 21:40:42,417 INFO Nominatim query: {'q': 'via C. Cattaneo, Ravenna, Emilia-Romagna, Italy'}
2025-12-13 21:40:44,011 INFO Nominatim query: {'q': 'Ravenna, Emilia-Romagna, Italy'}
2025-12-13 21:40:45,567 INFO Geocoded 0800266221 -> 44.4161414 12.2017617
2025-12-13 21:40:45,570 INFO Processing [100/294] 0800161807
2025-12-13 21:40:45,570 INFO Geocoding [100/294] 0800161807 — Ravenna, Via Sale, 102
2025-12-13 21:40:45,571 INFO Trying Overpass for: street=Via Sale housenumber=102 city=Ravenna
2025-12-13 21:40:54,277 INFO Nominatim query: {'street': 'Via Sale', 'city': 'Ravenna', 'state': 'Emilia-Romagna', 'country': 'Italy'}
2025-12-13 21:40:55,691 INFO Nominatim query: {'q': 'Via Sale, Ravenna, Emilia-Romagna, Italy'}
2025-12-13 21:40:57,252 INFO Nominatim query: {'q': 'Ravenna, Emilia-Romagna, Italy'}
2025-12-13 21:40:58,801 INFO Geocoded 0800161807 -> 44.4161414 12.2017617
2025-12-13 21:40:58,804 INFO Processing [101/294] 0800161809
2025-12-13 21:40:58,805 INFO Geocoding [101/294] 0800161809 — Ravenna, SAN PIETRO IN TRENTO, via Alturie, 30
2025-12-13 21:40:58,806 INFO Trying Overpass for: street=via Alturie housenumber=30 city=Ravenna
2025-12-13 21:41:00,457 INFO Nominatim query: {'street': 'via Alturie', 'city': 'Ravenna', 'state': 'Emilia-Romagna', 'country': 'Italy'}
2025-12-13 21:41:02,069 INFO Nominatim query: {'q': 'via Alturie, Ravenna, Emilia-Romagna, Italy'}
2025-12-13 21:41:03,549 INFO Nominatim query: {'q': 'Ravenna, Emilia-Romagna, Italy'}
2025-12-13 21:41:05,149 INFO Geocoded 0800161809 -> 44.4161414 12.2017617
2025-12-13 21:41:05,153 INFO Processing [102/294] 0800161743
2025-12-13 21:41:05,154 INFO Geocoding [102/294] 0800161743 — Ravenna, Via Di Roma, 13
2025-12-13 21:41:05,155 INFO Trying Overpass for: street=Via Di Roma housenumber=13 city=Ravenna
2025-12-13 21:41:05,880 INFO Geocoded 0800161743 -> 44.4137584 12.2062623
2025-12-13 21:41:05,883 INFO Processing [103/294] 0800161772
2025-12-13 21:41:05,884 INFO Geocoding [103/294] 0800161772 — Ravenna, Via S.Vitale, 17
2025-12-13 21:41:05,884 INFO Geocoded 0800161772 -> 44.4161414 12.2017617
2025-12-13 21:41:05,890 INFO Processing [104/294] 0800309000
2025-12-13 21:41:05,891 INFO Geocoding [104/294] 0800309000 — Ravenna, RAVENNA, via Alberoni, 12
2025-12-13 21:41:05,892 INFO Trying Overpass for: street=via Alberoni housenumber=12 city=Ravenna
2025-12-13 21:41:06,676 INFO Nominatim query: {'street': 'via Alberoni', 'city': 'Ravenna', 'state': 'Emilia-Romagna', 'country': 'Italy'}
2025-12-13 21:41:08,178 INFO Geocoded 0800309000 -> 44.4162155 12.2064413
2025-12-13 21:41:08,180 INFO Processing [105/294] 0800161782
2025-12-13 21:41:08,181 INFO Geocoding [105/294] 0800161782 — Ravenna, via Zirardini, 14
2025-12-13 21:41:08,182 INFO Trying Overpass for: street=via Zirardini housenumber=14 city=Ravenna
2025-12-13 21:41:12,053 INFO Nominatim query: {'street': 'via Zirardini', 'city': 'Ravenna', 'state': 'Emilia-Romagna', 'country': 'Italy'}
2025-12-13 21:41:13,508 INFO Geocoded 0800161782 -> 44.4081745 12.2486868
2025-12-13 21:41:13,510 INFO Processing [106/294] 0800266254
2025-12-13 21:41:13,511 INFO Geocoding [106/294] 0800266254 — Ravenna, via Montecatini, 3
2025-12-13 21:41:13,513 INFO Trying Overpass for: street=via Montecatini housenumber=3 city=Ravenna
2025-12-13 21:41:17,818 INFO Geocoded 0800266254 -> 44.4265013 12.2152229
2025-12-13 21:41:17,819 INFO Processing [107/294] 0800161746
2025-12-13 21:41:17,820 INFO Geocoding [107/294] 0800161746 — Italia, Emilia Romagna, RA, Ravenna
2025-12-13 21:41:17,821 INFO Nominatim query: {'q': 'Italy, Emilia-Romagna, Italy'}
2025-12-13 21:41:19,342 INFO Nominatim query: {'q': 'Italy, Emilia Romagna, RA, Ravenna, Ravenna, Emilia-Romagna, Italy'}
2025-12-13 21:41:20,864 WARNING FAILED to geocode 0800161746 — Italia, Emilia Romagna, RA, Ravenna
2025-12-13 21:41:20,866 INFO Processing [108/294] 0800161777
2025-12-13 21:41:20,866 INFO Geocoding [108/294] 0800161777 — Ravenna, via XIII Giugno, 0
2025-12-13 21:41:20,867 INFO Trying Overpass for: street=via XIII Giugno housenumber=None city=Ravenna
2025-12-13 21:41:21,680 INFO Nominatim query: {'street': 'via XIII Giugno', 'city': 'Ravenna', 'state': 'Emilia-Romagna', 'country': 'Italy'}
2025-12-13 21:41:23,258 INFO Nominatim query: {'q': 'via XIII Giugno, Ravenna, Emilia-Romagna, Italy'}
2025-12-13 21:41:24,862 INFO Nominatim query: {'q': 'Ravenna, Emilia-Romagna, Italy'}
2025-12-13 21:41:26,441 INFO Geocoded 0800161777 -> 44.4161414 12.2017617
2025-12-13 21:41:26,444 INFO Processing [109/294] 0800161648
2025-12-13 21:41:26,445 INFO Geocoding [109/294] 0800161648 — Ravenna, Via Castel S. Pietro, 0
2025-12-13 21:41:26,446 INFO Trying Overpass for: street=Via Castel San. Pietro housenumber=None city=Ravenna
2025-12-13 21:41:27,247 INFO Nominatim query: {'street': 'Via Castel San. Pietro', 'city': 'Ravenna', 'state': 'Emilia-Romagna', 'country': 'Italy'}
2025-12-13 21:41:28,877 INFO Geocoded 0800161648 -> 44.4107523 12.2019899
2025-12-13 21:41:28,879 INFO Processing [110/294] 0800308268
2025-12-13 21:41:28,880 INFO Geocoding [110/294] 0800308268 — Ravenna, Via Zignani, 44
2025-12-13 21:41:28,881 INFO Geocoded 0800308268 -> 44.4161414 12.2017617
2025-12-13 21:41:28,884 INFO Processing [111/294] 0800161677
2025-12-13 21:41:28,886 INFO Geocoding [111/294] 0800161677 — Ravenna, Via Galla Placidia, 0
2025-12-13 21:41:28,887 INFO Trying Overpass for: street=Via Galla Placidia housenumber=None city=Ravenna
2025-12-13 21:41:29,706 INFO Geocoded 0800161677 -> 44.4213171 12.1971941
2025-12-13 21:41:29,708 INFO Processing [112/294] 0800161698
2025-12-13 21:41:29,708 INFO Geocoding [112/294] 0800161698 — Ravenna, via Mariani, 5
2025-12-13 21:41:29,709 INFO Trying Overpass for: street=via Mariani housenumber=5 city=Ravenna
2025-12-13 21:41:30,695 INFO Nominatim query: {'street': 'via Mariani', 'city': 'Ravenna', 'state': 'Emilia-Romagna', 'country': 'Italy'}
2025-12-13 21:41:32,460 INFO Geocoded 0800161698 -> 44.4172272 12.2017926
2025-12-13 21:41:32,463 INFO Processing [113/294] 0800161703
2025-12-13 21:41:32,464 INFO Geocoding [113/294] 0800161703 — Ravenna, Via A. Mariani, 46
2025-12-13 21:41:32,465 INFO Trying Overpass for: street=Via A. Mariani housenumber=46 city=Ravenna
2025-12-13 21:41:33,438 INFO Nominatim query: {'street': 'Via A. Mariani', 'city': 'Ravenna', 'state': 'Emilia-Romagna', 'country': 'Italy'}
2025-12-13 21:41:35,097 INFO Nominatim query: {'q': 'Via A. Mariani, Ravenna, Emilia-Romagna, Italy'}
2025-12-13 21:41:37,539 INFO Nominatim query: {'q': 'Ravenna, Emilia-Romagna, Italy'}
2025-12-13 21:41:39,364 INFO Geocoded 0800161703 -> 44.4161414 12.2017617
2025-12-13 21:41:39,368 INFO Processing [114/294] 0800161685
2025-12-13 21:41:39,369 INFO Geocoding [114/294] 0800161685 — Ravenna, via Guaccimanni, 40/ 40A/ 42
2025-12-13 21:41:39,371 INFO Trying Overpass for: street=via Guaccimanni housenumber=None city=Ravenna
2025-12-13 21:41:40,304 INFO Nominatim query: {'street': 'via Guaccimanni', 'city': 'Ravenna', 'state': 'Emilia-Romagna', 'country': 'Italy'}
2025-12-13 21:41:41,793 INFO Geocoded 0800161685 -> 44.4157906 12.2031660
2025-12-13 21:41:41,800 INFO Processing [115/294] 0800161655
2025-12-13 21:41:41,801 INFO Geocoding [115/294] 0800161655 — Ravenna, via Paolo Costa, 22/ 24
2025-12-13 21:41:41,802 INFO Trying Overpass for: street=via Paolo Costa housenumber=None city=Ravenna
2025-12-13 21:41:43,437 INFO Geocoded 0800161655 -> 44.4190397 12.2031214
2025-12-13 21:41:43,445 INFO Processing [116/294] 0800266231
2025-12-13 21:41:43,447 INFO Geocoding [116/294] 0800266231 — Ravenna, via San Vitale, 21
2025-12-13 21:41:43,450 INFO Trying Overpass for: street=via San Vitale housenumber=21 city=Ravenna
2025-12-13 21:41:44,840 INFO Geocoded 0800266231 -> 44.4453596 12.1783393
2025-12-13 21:41:44,842 INFO Processing [117/294] 0800161726
2025-12-13 21:41:44,843 INFO Geocoding [117/294] 0800161726 — Ravenna, Via Oberdan, 6
2025-12-13 21:41:44,843 INFO Trying Overpass for: street=Via Oberdan housenumber=6 city=Ravenna
2025-12-13 21:41:45,915 INFO Nominatim query: {'street': 'Via Oberdan', 'city': 'Ravenna', 'state': 'Emilia-Romagna', 'country': 'Italy'}
2025-12-13 21:41:47,526 INFO Geocoded 0800161726 -> 44.4162304 12.1948771
2025-12-13 21:41:47,531 INFO Processing [118/294] 0800161643
2025-12-13 21:41:47,532 INFO Geocoding [118/294] 0800161643 — Ravenna, Via Battistero, 0
2025-12-13 21:41:47,533 INFO Trying Overpass for: street=Via Battistero housenumber=None city=Ravenna
2025-12-13 21:41:52,328 INFO Geocoded 0800161643 -> 44.4156662 12.1974887
2025-12-13 21:41:52,329 INFO Processing [119/294] 0800161781
2025-12-13 21:41:52,329 INFO Geocoding [119/294] 0800161781 — Ravenna, via Zagarelli alle Mura, 2/a
2025-12-13 21:41:52,330 INFO Trying Overpass for: street=via Zagarelli alle Mura housenumber=None city=Ravenna
2025-12-13 21:41:53,219 INFO Geocoded 0800161781 -> 44.4123719 12.2061048
2025-12-13 21:41:53,222 INFO Processing [120/294] 0800308253
2025-12-13 21:41:53,223 INFO Geocoding [120/294] 0800308253 — Ravenna, Via Pietro Alighieri, 6 - 8
2025-12-13 21:41:53,223 INFO Trying Overpass for: street=Via Pietro Alighieri housenumber=None city=Ravenna
2025-12-13 21:41:54,352 INFO Geocoded 0800308253 -> 44.4205504 12.2005826
2025-12-13 21:41:54,353 INFO Processing [121/294] 0800308257-bene componente
2025-12-13 21:41:54,354 INFO Geocoding [121/294] 0800308257-bene componente — Ravenna, Via Guaccimanni, 0
2025-12-13 21:41:54,354 INFO Trying Overpass for: street=Via Guaccimanni housenumber=None city=Ravenna
2025-12-13 21:41:55,365 INFO Nominatim query: {'street': 'Via Guaccimanni', 'city': 'Ravenna', 'state': 'Emilia-Romagna', 'country': 'Italy'}
2025-12-13 21:41:56,864 INFO Geocoded 0800308257-bene componente -> 44.4157906 12.2031660
2025-12-13 21:41:56,868 INFO Processing [122/294] 0800161804
2025-12-13 21:41:56,869 INFO Geocoding [122/294] 0800161804 — Ravenna, via Nigrisoli, 62
2025-12-13 21:41:56,871 INFO Trying Overpass for: street=via Nigrisoli housenumber=62 city=Ravenna
2025-12-13 21:41:57,908 INFO Nominatim query: {'street': 'via Nigrisoli', 'city': 'Ravenna', 'state': 'Emilia-Romagna', 'country': 'Italy'}
2025-12-13 21:41:59,374 INFO Geocoded 0800161804 -> 44.4126971 12.1913677
2025-12-13 21:41:59,378 INFO Processing [123/294] 0800161795
2025-12-13 21:41:59,379 INFO Geocoding [123/294] 0800161795 — Ravenna, Via Argine destrofiume Ronco, 0
2025-12-13 21:41:59,380 INFO Trying Overpass for: street=Via Argine destrofiume Ronco housenumber=None city=Ravenna
2025-12-13 21:42:00,751 INFO Nominatim query: {'street': 'Via Argine destrofiume Ronco', 'city': 'Ravenna', 'state': 'Emilia-Romagna', 'country': 'Italy'}
2025-12-13 21:42:02,345 INFO Nominatim query: {'q': 'Via Argine destrofiume Ronco, Ravenna, Emilia-Romagna, Italy'}
2025-12-13 21:42:03,813 INFO Nominatim query: {'q': 'Ravenna, Emilia-Romagna, Italy'}
2025-12-13 21:42:05,448 INFO Geocoded 0800161795 -> 44.4161414 12.2017617
2025-12-13 21:42:05,449 INFO Processing [124/294] 0800161631
2025-12-13 21:42:05,450 INFO Geocoding [124/294] 0800161631 — Ravenna, P.zza Arcivescovado, 1
2025-12-13 21:42:05,450 INFO Trying Overpass for: street=Piazza Arcivescovado housenumber=1 city=Ravenna
2025-12-13 21:42:06,259 INFO Geocoded 0800161631 -> 44.415209 12.1976094
2025-12-13 21:42:06,261 INFO Processing [125/294] 0800266237
2025-12-13 21:42:06,262 INFO Geocoding [125/294] 0800266237 — Ravenna, MARINA DI RAVENNA, via d'Allaggio
2025-12-13 21:42:06,263 INFO Trying Overpass for: street=via d'Allaggio housenumber=None city=Ravenna
2025-12-13 21:42:07,089 INFO Nominatim query: {'street': "via d'Allaggio", 'city': 'Ravenna', 'state': 'Emilia-Romagna', 'country': 'Italy'}
2025-12-13 21:42:08,571 INFO Nominatim query: {'q': "via d'Allaggio, Ravenna, Emilia-Romagna, Italy"}
2025-12-13 21:42:10,068 INFO Nominatim query: {'q': 'Ravenna, Emilia-Romagna, Italy'}
2025-12-13 21:42:11,690 INFO Geocoded 0800266237 -> 44.4161414 12.2017617
2025-12-13 21:42:11,695 INFO Processing [126/294] 0800161664
2025-12-13 21:42:11,696 INFO Geocoding [126/294] 0800161664 — Ravenna, via Massimo d'Azeglio, 10/ 12
2025-12-13 21:42:11,699 INFO Trying Overpass for: street=via Massimo d'Azeglio housenumber=None city=Ravenna
2025-12-13 21:42:12,631 INFO Geocoded 0800161664 -> 44.4173154 12.1960133
2025-12-13 21:42:12,633 INFO Processing [127/294] 0800161772-bene componente
2025-12-13 21:42:12,633 INFO Skipping 0800161772-bene componente: no address
2025-12-13 21:42:12,639 INFO Processing [128/294] 0800161622-bene componente
2025-12-13 21:42:12,644 INFO Skipping 0800161622-bene componente: no address
2025-12-13 21:42:12,650 INFO Processing [129/294] 0800161805
2025-12-13 21:42:12,651 INFO Geocoding [129/294] 0800161805 — Ravenna, via Argine sinistro del Montone, 149
2025-12-13 21:42:12,651 INFO Trying Overpass for: street=via Argine sinistro del Montone housenumber=149 city=Ravenna
2025-12-13 21:42:13,659 INFO Nominatim query: {'street': 'via Argine sinistro del Montone', 'city': 'Ravenna', 'state': 'Emilia-Romagna', 'country': 'Italy'}
2025-12-13 21:42:15,830 INFO Nominatim query: {'q': 'via Argine sinistro del Montone, Ravenna, Emilia-Romagna, Italy'}
2025-12-13 21:42:17,394 INFO Nominatim query: {'q': 'Ravenna, Emilia-Romagna, Italy'}
2025-12-13 21:42:18,934 INFO Geocoded 0800161805 -> 44.4161414 12.2017617
2025-12-13 21:42:18,938 INFO Processing [130/294] 0800161689
2025-12-13 21:42:18,939 INFO Geocoding [130/294] 0800161689 — Ravenna, Via Guaccimanni, 29
2025-12-13 21:42:18,942 INFO Trying Overpass for: street=Via Guaccimanni housenumber=29 city=Ravenna
2025-12-13 21:42:19,689 INFO Nominatim query: {'street': 'Via Guaccimanni', 'city': 'Ravenna', 'state': 'Emilia-Romagna', 'country': 'Italy'}
2025-12-13 21:42:21,156 INFO Geocoded 0800161689 -> 44.4157906 12.2031660
2025-12-13 21:42:21,160 INFO Processing [131/294] 0800161755
2025-12-13 21:42:21,162 INFO Geocoding [131/294] 0800161755 — Ravenna, Via Di Roma, 116
2025-12-13 21:42:21,163 INFO Trying Overpass for: street=Via Di Roma housenumber=116 city=Ravenna
2025-12-13 21:42:22,038 INFO Geocoded 0800161755 -> 44.4161869 12.2042761
2025-12-13 21:42:22,041 INFO Processing [132/294] 0800266224
2025-12-13 21:42:22,042 INFO Geocoding [132/294] 0800266224 — Ravenna, Via Guido Da Polenta, 4
2025-12-13 21:42:22,043 INFO Trying Overpass for: street=Via Guido Da Polenta housenumber=4 city=Ravenna
2025-12-13 21:42:22,949 INFO Geocoded 0800266224 -> 44.4161896 12.2003242
2025-12-13 21:42:22,951 INFO Processing [133/294] 0800161779
2025-12-13 21:42:22,951 INFO Geocoding [133/294] 0800161779 — Ravenna, piazza XX Settembre, 5
2025-12-13 21:42:22,952 INFO Trying Overpass for: street=piazza XX Settembre housenumber=5 city=Ravenna
2025-12-13 21:42:23,855 INFO Nominatim query: {'street': 'piazza XX Settembre', 'city': 'Ravenna', 'state': 'Emilia-Romagna', 'country': 'Italy'}
2025-12-13 21:42:25,345 INFO Geocoded 0800161779 -> 44.4176313 12.1986317
2025-12-13 21:42:25,346 INFO Processing [134/294] 0800308248
2025-12-13 21:42:25,347 INFO Geocoding [134/294] 0800308248 — Ravenna, Via di Classe Fuori, 0
2025-12-13 21:42:25,347 INFO Trying Overpass for: street=Via di Classe Fuori housenumber=None city=Ravenna
2025-12-13 21:42:26,144 INFO Nominatim query: {'street': 'Via di Classe Fuori', 'city': 'Ravenna', 'state': 'Emilia-Romagna', 'country': 'Italy'}
2025-12-13 21:42:27,679 INFO Geocoded 0800308248 -> 44.3914542 12.2523379
2025-12-13 21:42:27,681 INFO Processing [135/294] 0800161650
2025-12-13 21:42:27,682 INFO Geocoding [135/294] 0800161650 — Ravenna, via Cavour, 10
2025-12-13 21:42:27,683 INFO Trying Overpass for: street=via Cavour housenumber=10 city=Ravenna
2025-12-13 21:42:29,729 INFO Nominatim query: {'street': 'via Cavour', 'city': 'Ravenna', 'state': 'Emilia-Romagna', 'country': 'Italy'}
2025-12-13 21:42:31,259 INFO Geocoded 0800161650 -> 44.4190425 12.1968242
2025-12-13 21:42:31,261 INFO Processing [136/294] 0800308272
2025-12-13 21:42:31,262 INFO Geocoding [136/294] 0800308272 — Ravenna, Via Del Borgo, 1
2025-12-13 21:42:31,263 INFO Trying Overpass for: street=Via Del Borgo housenumber=1 city=Ravenna
2025-12-13 21:42:32,222 INFO Geocoded 0800308272 -> 44.3560702 12.1543025
2025-12-13 21:42:32,225 INFO Processing [137/294] 0800161813
2025-12-13 21:42:32,225 INFO Geocoding [137/294] 0800161813 — Ravenna, via di Roma, 0
2025-12-13 21:42:32,226 INFO Geocoded 0800161813 -> 44.4179146 12.2035804
2025-12-13 21:42:32,229 INFO Processing [138/294] 0800161732
2025-12-13 21:42:32,231 INFO Geocoding [138/294] 0800161732 — Ravenna, Via C. Ricci, 0
2025-12-13 21:42:32,232 INFO Trying Overpass for: street=Via C. Ricci housenumber=None city=Ravenna
2025-12-13 21:42:33,075 INFO Nominatim query: {'street': 'Via C. Ricci', 'city': 'Ravenna', 'state': 'Emilia-Romagna', 'country': 'Italy'}
2025-12-13 21:42:34,645 INFO Nominatim query: {'q': 'Via C. Ricci, Ravenna, Emilia-Romagna, Italy'}
2025-12-13 21:42:36,233 INFO Nominatim query: {'q': 'Ravenna, Emilia-Romagna, Italy'}
2025-12-13 21:42:37,734 INFO Geocoded 0800161732 -> 44.4161414 12.2017617
2025-12-13 21:42:37,736 INFO Processing [139/294] 0800161657
2025-12-13 21:42:37,736 INFO Geocoding [139/294] 0800161657 — Ravenna, Ponte Marino, 2
2025-12-13 21:42:37,736 INFO Nominatim query: {'q': 'Ravenna, Emilia-Romagna, Italy'}
2025-12-13 21:42:39,278 INFO Geocoded 0800161657 -> 44.4161414 12.2017617
2025-12-13 21:42:39,280 INFO Processing [140/294] 0800161744
2025-12-13 21:42:39,280 INFO Geocoding [140/294] 0800161744 — Ravenna, Via Di Roma, 0
2025-12-13 21:42:39,281 INFO Geocoded 0800161744 -> 44.4179146 12.2035804
2025-12-13 21:42:39,283 INFO Processing [141/294] 0800161624
2025-12-13 21:42:39,284 INFO Geocoding [141/294] 0800161624 — Ravenna, Via Pietro Alighieri, 4, 6, 8
2025-12-13 21:42:39,285 INFO Trying Overpass for: street=Via Pietro Alighieri housenumber=4 city=Ravenna
2025-12-13 21:42:40,264 INFO Geocoded 0800161624 -> 44.4212391 12.1986667
2025-12-13 21:42:40,265 INFO Processing [142/294] 0800161754
2025-12-13 21:42:40,266 INFO Geocoding [142/294] 0800161754 — Ravenna, Via Di Roma, 68
2025-12-13 21:42:40,266 INFO Trying Overpass for: street=Via Di Roma housenumber=68 city=Ravenna
2025-12-13 21:42:41,083 INFO Geocoded 0800161754 -> 44.4143243 12.2052363
2025-12-13 21:42:41,086 INFO Processing [143/294] 0800161634
2025-12-13 21:42:41,087 INFO Geocoding [143/294] 0800161634 — Ravenna, piazzetta degli Ariani, 0
2025-12-13 21:42:41,089 INFO Nominatim query: {'q': 'Ravenna, Emilia-Romagna, Italy'}
2025-12-13 21:42:42,715 INFO Geocoded 0800161634 -> 44.4161414 12.2017617
2025-12-13 21:42:42,717 INFO Processing [144/294] 0800161725
2025-12-13 21:42:42,717 INFO Geocoding [144/294] 0800161725 — Ravenna, P.zza Duomo, 4
2025-12-13 21:42:42,718 INFO Trying Overpass for: street=Piazza Duomo housenumber=4 city=Ravenna
2025-12-13 21:42:47,507 INFO Geocoded 0800161725 -> 44.4159807 12.1958255
2025-12-13 21:42:47,508 INFO Processing [145/294] 0800161776
2025-12-13 21:42:47,509 INFO Geocoding [145/294] 0800161776 — Ravenna, via XIII Giugno, 8
2025-12-13 21:42:47,510 INFO Trying Overpass for: street=via XIII Giugno housenumber=8 city=Ravenna
2025-12-13 21:42:53,545 INFO Nominatim query: {'street': 'via XIII Giugno', 'city': 'Ravenna', 'state': 'Emilia-Romagna', 'country': 'Italy'}
2025-12-13 21:42:55,107 INFO Nominatim query: {'q': 'via XIII Giugno, Ravenna, Emilia-Romagna, Italy'}
2025-12-13 21:42:56,703 INFO Nominatim query: {'q': 'Ravenna, Emilia-Romagna, Italy'}
2025-12-13 21:42:58,764 INFO Geocoded 0800161776 -> 44.4161414 12.2017617
2025-12-13 21:42:58,768 INFO Processing [146/294] 0800161751
2025-12-13 21:42:58,770 INFO Geocoding [146/294] 0800161751 — Ravenna, via di Roma, 202
2025-12-13 21:42:58,772 INFO Trying Overpass for: street=via di Roma housenumber=202 city=Ravenna
2025-12-13 21:42:59,664 INFO Geocoded 0800161751 -> 44.4197583 12.2027891
2025-12-13 21:42:59,668 INFO Processing [147/294] 0800319232
2025-12-13 21:42:59,670 INFO Geocoding [147/294] 0800319232 — Ravenna, Piazza del Popolo, 23
2025-12-13 21:42:59,671 INFO Trying Overpass for: street=Piazza del Popolo housenumber=23 city=Ravenna
2025-12-13 21:43:00,538 INFO Geocoded 0800319232 -> 44.4177433 12.2003747
2025-12-13 21:43:00,539 INFO Processing [148/294] 0800161723
2025-12-13 21:43:00,540 INFO Geocoding [148/294] 0800161723 — Ravenna, Via Monti, 0
2025-12-13 21:43:00,540 INFO Trying Overpass for: street=Via Monti housenumber=None city=Ravenna
2025-12-13 21:43:01,688 INFO Nominatim query: {'street': 'Via Monti', 'city': 'Ravenna', 'state': 'Emilia-Romagna', 'country': 'Italy'}
2025-12-13 21:43:03,267 INFO Geocoded 0800161723 -> 44.4504896 12.2147229
2025-12-13 21:43:03,270 INFO Processing [149/294] 0800319246-bene individuo
2025-12-13 21:43:03,270 INFO Geocoding [149/294] 0800319246-bene individuo — Ravenna, Piazza del Popolo, 0
2025-12-13 21:43:03,271 INFO Trying Overpass for: street=Piazza del Popolo housenumber=None city=Ravenna
2025-12-13 21:43:05,383 INFO Geocoded 0800319246-bene individuo -> 44.4178985 12.1992196
2025-12-13 21:43:05,389 INFO Processing [150/294] 0800308256-bene componente
2025-12-13 21:43:05,390 INFO Geocoding [150/294] 0800308256-bene componente — Ravenna, Via Guaccimanni, 44
2025-12-13 21:43:05,391 INFO Trying Overpass for: street=Via Guaccimanni housenumber=44 city=Ravenna
2025-12-13 21:43:07,071 INFO Nominatim query: {'street': 'Via Guaccimanni', 'city': 'Ravenna', 'state': 'Emilia-Romagna', 'country': 'Italy'}
2025-12-13 21:43:08,585 INFO Geocoded 0800308256-bene componente -> 44.4157906 12.2031660
2025-12-13 21:43:08,588 INFO Processing [151/294] 0800161760
2025-12-13 21:43:08,592 INFO Geocoding [151/294] 0800161760 — Ravenna, via Rondinelli, 0
2025-12-13 21:43:08,598 INFO Trying Overpass for: street=via Rondinelli housenumber=None city=Ravenna
2025-12-13 21:43:09,754 INFO Nominatim query: {'street': 'via Rondinelli', 'city': 'Ravenna', 'state': 'Emilia-Romagna', 'country': 'Italy'}
2025-12-13 21:43:11,297 INFO Geocoded 0800161760 -> 44.4135805 12.1981074
2025-12-13 21:43:11,303 INFO Processing [152/294] 0800161728
2025-12-13 21:43:11,305 INFO Geocoding [152/294] 0800161728 — Ravenna, via XIII Giugno, 2/ 4, piazza del Popolo
2025-12-13 21:43:11,307 INFO Trying Overpass for: street=via XIII Giugno housenumber=None city=Ravenna
2025-12-13 21:43:12,674 INFO Nominatim query: {'street': 'via XIII Giugno', 'city': 'Ravenna', 'state': 'Emilia-Romagna', 'country': 'Italy'}
2025-12-13 21:43:14,210 INFO Nominatim query: {'q': 'via XIII Giugno, Ravenna, Emilia-Romagna, Italy'}
2025-12-13 21:43:15,780 INFO Nominatim query: {'q': 'Ravenna, Emilia-Romagna, Italy'}
2025-12-13 21:43:17,375 INFO Geocoded 0800161728 -> 44.4161414 12.2017617
2025-12-13 21:43:17,376 INFO Processing [153/294] 0800161668
2025-12-13 21:43:17,377 INFO Geocoding [153/294] 0800161668 — Ravenna, Via M. Dente, 0
2025-12-13 21:43:17,378 INFO Trying Overpass for: street=Via M. Dente housenumber=None city=Ravenna
2025-12-13 21:43:18,391 INFO Nominatim query: {'street': 'Via M. Dente', 'city': 'Ravenna', 'state': 'Emilia-Romagna', 'country': 'Italy'}
2025-12-13 21:43:19,880 INFO Nominatim query: {'q': 'Via M. Dente, Ravenna, Emilia-Romagna, Italy'}
2025-12-13 21:43:21,487 INFO Nominatim query: {'q': 'Ravenna, Emilia-Romagna, Italy'}
2025-12-13 21:43:23,145 INFO Geocoded 0800161668 -> 44.4161414 12.2017617
2025-12-13 21:43:23,151 INFO Processing [154/294] 0800161691
2025-12-13 21:43:23,152 INFO Geocoding [154/294] 0800161691 — Ravenna, via Guaccimanni, 54
2025-12-13 21:43:23,153 INFO Trying Overpass for: street=via Guaccimanni housenumber=54 city=Ravenna
2025-12-13 21:43:23,852 INFO Nominatim query: {'street': 'via Guaccimanni', 'city': 'Ravenna', 'state': 'Emilia-Romagna', 'country': 'Italy'}
2025-12-13 21:43:25,387 INFO Geocoded 0800161691 -> 44.4157906 12.2031660
2025-12-13 21:43:25,389 INFO Processing [155/294] 0800161802
2025-12-13 21:43:25,390 INFO Geocoding [155/294] 0800161802 — Ravenna, CASALBORSETTI
2025-12-13 21:43:25,391 INFO Nominatim query: {'q': 'Ravenna, Emilia-Romagna, Italy'}
2025-12-13 21:43:27,044 INFO Geocoded 0800161802 -> 44.4161414 12.2017617
2025-12-13 21:43:27,047 INFO Processing [156/294] 0800161695
2025-12-13 21:43:27,048 INFO Geocoding [156/294] 0800161695 — Ravenna, Piazza Kennedy, 0
2025-12-13 21:43:27,049 INFO Trying Overpass for: street=Piazza Kennedy housenumber=None city=Ravenna
2025-12-13 21:43:27,756 INFO Nominatim query: {'street': 'Piazza Kennedy', 'city': 'Ravenna', 'state': 'Emilia-Romagna', 'country': 'Italy'}
2025-12-13 21:43:29,253 INFO Geocoded 0800161695 -> 44.4168581 12.1974394
2025-12-13 21:43:29,256 INFO Processing [157/294] 0800308271
2025-12-13 21:43:29,257 INFO Geocoding [157/294] 0800308271 — Ravenna, MANDRIOLE, Via Mandriole, 122
2025-12-13 21:43:29,258 INFO Trying Overpass for: street=Via Mandriole housenumber=122 city=Ravenna
2025-12-13 21:43:29,874 INFO Nominatim query: {'street': 'Via Mandriole', 'city': 'Ravenna', 'state': 'Emilia-Romagna', 'country': 'Italy'}
2025-12-13 21:43:31,335 INFO Nominatim query: {'q': 'Via Mandriole, Ravenna, Emilia-Romagna, Italy'}
2025-12-13 21:43:32,814 INFO Nominatim query: {'q': 'Ravenna, Emilia-Romagna, Italy'}
2025-12-13 21:43:34,416 INFO Geocoded 0800308271 -> 44.4161414 12.2017617
2025-12-13 21:43:34,419 INFO Processing [158/294] 0800161765
2025-12-13 21:43:34,419 INFO Geocoding [158/294] 0800161765 — Ravenna, Via G. Rossi, 2
2025-12-13 21:43:34,420 INFO Trying Overpass for: street=Via G. Rossi housenumber=2 city=Ravenna
2025-12-13 21:43:35,301 INFO Nominatim query: {'street': 'Via G. Rossi', 'city': 'Ravenna', 'state': 'Emilia-Romagna', 'country': 'Italy'}
2025-12-13 21:43:36,810 INFO Nominatim query: {'q': 'Via G. Rossi, Ravenna, Emilia-Romagna, Italy'}
2025-12-13 21:43:38,349 INFO Nominatim query: {'q': 'Ravenna, Emilia-Romagna, Italy'}
2025-12-13 21:43:39,930 INFO Geocoded 0800161765 -> 44.4161414 12.2017617
2025-12-13 21:43:39,933 INFO Processing [159/294] 0800161640
2025-12-13 21:43:39,933 INFO Geocoding [159/294] 0800161640 — Ravenna, Via C.B. Barbiani,0
2025-12-13 21:43:39,935 INFO Trying Overpass for: street=Via C.B. Barbiani housenumber=None city=Ravenna
2025-12-13 21:43:40,617 INFO Nominatim query: {'street': 'Via C.B. Barbiani', 'city': 'Ravenna', 'state': 'Emilia-Romagna', 'country': 'Italy'}
2025-12-13 21:43:42,258 INFO Nominatim query: {'q': 'Via C.B. Barbiani, Ravenna, Emilia-Romagna, Italy'}
2025-12-13 21:43:43,904 INFO Nominatim query: {'q': 'Ravenna, Emilia-Romagna, Italy'}
2025-12-13 21:43:45,465 INFO Geocoded 0800161640 -> 44.4161414 12.2017617
2025-12-13 21:43:45,475 INFO Processing [160/294] 0800161696
2025-12-13 21:43:45,477 INFO Geocoding [160/294] 0800161696 — Ravenna, P.zza Mameli, 0
2025-12-13 21:43:45,481 INFO Trying Overpass for: street=Piazza Mameli housenumber=None city=Ravenna
2025-12-13 21:43:46,257 INFO Nominatim query: {'street': 'Piazza Mameli', 'city': 'Ravenna', 'state': 'Emilia-Romagna', 'country': 'Italy'}
2025-12-13 21:43:47,780 INFO Geocoded 0800161696 -> 44.4190553 12.2053327
2025-12-13 21:43:47,782 INFO Processing [161/294] 0800161680
2025-12-13 21:43:47,783 INFO Geocoding [161/294] 0800161680 — Ravenna, via Romolo Gessi, 18
2025-12-13 21:43:47,783 INFO Trying Overpass for: street=via Romolo Gessi housenumber=18 city=Ravenna
2025-12-13 21:43:48,553 INFO Nominatim query: {'street': 'via Romolo Gessi', 'city': 'Ravenna', 'state': 'Emilia-Romagna', 'country': 'Italy'}
2025-12-13 21:43:50,198 INFO Geocoded 0800161680 -> 44.4157737 12.1981351
2025-12-13 21:43:50,200 INFO Processing [162/294] 0800161740
2025-12-13 21:43:50,200 INFO Geocoding [162/294] 0800161740 — Ravenna, via di Roma, 69
2025-12-13 21:43:50,201 INFO Trying Overpass for: street=via di Roma housenumber=69 city=Ravenna
2025-12-13 21:43:51,806 INFO Geocoded 0800161740 -> 44.4172839 12.2039997
2025-12-13 21:43:51,808 INFO Processing [163/294] 0800161798
2025-12-13 21:43:51,808 INFO Geocoding [163/294] 0800161798 — Ravenna, Via Chiesa, 1
2025-12-13 21:43:51,809 INFO Trying Overpass for: street=Via Chiesa housenumber=1 city=Ravenna
2025-12-13 21:43:52,638 INFO Geocoded 0800161798 -> 44.5158582 12.1066965
2025-12-13 21:43:52,640 INFO Processing [164/294] 0800161711
2025-12-13 21:43:52,640 INFO Geocoding [164/294] 0800161711 — Ravenna, via G. Mazzini, 65
2025-12-13 21:43:52,641 INFO Trying Overpass for: street=via G. Mazzini housenumber=65 city=Ravenna
2025-12-13 21:43:53,282 INFO Nominatim query: {'street': 'via G. Mazzini', 'city': 'Ravenna', 'state': 'Emilia-Romagna', 'country': 'Italy'}
2025-12-13 21:43:54,883 INFO Nominatim query: {'q': 'via G. Mazzini, Ravenna, Emilia-Romagna, Italy'}
2025-12-13 21:43:56,579 INFO Nominatim query: {'q': 'Ravenna, Emilia-Romagna, Italy'}
2025-12-13 21:43:58,093 INFO Geocoded 0800161711 -> 44.4161414 12.2017617
2025-12-13 21:43:58,095 INFO Processing [165/294] 0800161670
2025-12-13 21:43:58,096 INFO Geocoding [165/294] 0800161670 — Ravenna, Via A. Diaz, 4, 6 , 8
2025-12-13 21:43:58,097 INFO Trying Overpass for: street=Via A. Diaz housenumber=4 city=Ravenna
2025-12-13 21:43:58,761 INFO Nominatim query: {'street': 'Via A. Diaz', 'city': 'Ravenna', 'state': 'Emilia-Romagna', 'country': 'Italy'}
2025-12-13 21:44:00,279 INFO Nominatim query: {'q': 'Via A. Diaz, Ravenna, Emilia-Romagna, Italy'}
2025-12-13 21:44:01,922 INFO Nominatim query: {'q': 'Ravenna, Emilia-Romagna, Italy'}
2025-12-13 21:44:03,428 INFO Geocoded 0800161670 -> 44.4161414 12.2017617
2025-12-13 21:44:03,431 INFO Processing [166/294] 0800161701
2025-12-13 21:44:03,432 INFO Geocoding [166/294] 0800161701 — Ravenna, Via Mariani, 26
2025-12-13 21:44:03,433 INFO Trying Overpass for: street=Via Mariani housenumber=26 city=Ravenna
2025-12-13 21:44:04,208 INFO Nominatim query: {'street': 'Via Mariani', 'city': 'Ravenna', 'state': 'Emilia-Romagna', 'country': 'Italy'}
2025-12-13 21:44:06,487 INFO Geocoded 0800161701 -> 44.4172272 12.2017926
2025-12-13 21:44:06,489 INFO Processing [167/294] 0800161645
2025-12-13 21:44:06,490 INFO Geocoding [167/294] 0800161645 — Ravenna, via Cairoli, 10/ 12/16
2025-12-13 21:44:06,491 INFO Trying Overpass for: street=via Cairoli housenumber=None city=Ravenna
2025-12-13 21:44:07,231 INFO Nominatim query: {'street': 'via Cairoli', 'city': 'Ravenna', 'state': 'Emilia-Romagna', 'country': 'Italy'}
2025-12-13 21:44:08,728 INFO Geocoded 0800161645 -> 44.4170790 12.1993977
2025-12-13 21:44:08,730 INFO Processing [168/294] 0800161692
2025-12-13 21:44:08,731 INFO Geocoding [168/294] 0800161692 — Ravenna, via Guerrini, 11
2025-12-13 21:44:08,732 INFO Trying Overpass for: street=via Guerrini housenumber=11 city=Ravenna
2025-12-13 21:44:09,466 INFO Nominatim query: {'street': 'via Guerrini', 'city': 'Ravenna', 'state': 'Emilia-Romagna', 'country': 'Italy'}
2025-12-13 21:44:10,945 INFO Geocoded 0800161692 -> 44.4157687 12.1987216
2025-12-13 21:44:10,946 INFO Processing [169/294] 0800319233
2025-12-13 21:44:10,947 INFO Geocoding [169/294] 0800319233 — Ravenna, via Galla Placidia, 0
2025-12-13 21:44:10,947 INFO Trying Overpass for: street=via Galla Placidia housenumber=None city=Ravenna
2025-12-13 21:44:11,672 INFO Geocoded 0800319233 -> 44.4213171 12.1971941
2025-12-13 21:44:11,676 INFO Processing [170/294] 0800161787
2025-12-13 21:44:11,677 INFO Geocoding [170/294] 0800161787 — Ravenna, via Strada Provinciale Bagnolo, 0
2025-12-13 21:44:11,678 INFO Trying Overpass for: street=via Strada Provinciale Bagnolo housenumber=None city=Ravenna
2025-12-13 21:44:12,528 INFO Nominatim query: {'street': 'via Strada Provinciale Bagnolo', 'city': 'Ravenna', 'state': 'Emilia-Romagna', 'country': 'Italy'}
2025-12-13 21:44:14,034 INFO Nominatim query: {'q': 'via Strada Provinciale Bagnolo, Ravenna, Emilia-Romagna, Italy'}
2025-12-13 21:44:15,604 INFO Nominatim query: {'q': 'Ravenna, Emilia-Romagna, Italy'}
2025-12-13 21:44:17,184 INFO Geocoded 0800161787 -> 44.4161414 12.2017617
2025-12-13 21:44:17,186 INFO Processing [171/294] 0800161757-bene componente
2025-12-13 21:44:17,187 INFO Skipping 0800161757-bene componente: no address
2025-12-13 21:44:17,191 INFO Processing [172/294] 0800266242
2025-12-13 21:44:17,192 INFO Geocoding [172/294] 0800266242 — Ravenna, SAN BARTOLO, via Argine Destro Ronco, 98
2025-12-13 21:44:17,194 INFO Trying Overpass for: street=via Argine Destro Ronco housenumber=98 city=Ravenna
2025-12-13 21:44:17,716 INFO Geocoded 0800266242 -> 44.3615418 12.1640316
2025-12-13 21:44:17,719 INFO Processing [173/294] 0800308275
2025-12-13 21:44:17,719 INFO Geocoding [173/294] 0800308275 — Ravenna, SANTO STEFANO - CARRAIE, via Cella, 0, Carraia Ginanni
2025-12-13 21:44:17,720 INFO Trying Overpass for: street=via Cella housenumber=None city=Ravenna
2025-12-13 21:44:18,849 INFO Geocoded 0800308275 -> 44.3601333 12.1816153
2025-12-13 21:44:18,851 INFO Processing [174/294] 0800319247-bene individuo
2025-12-13 21:44:18,852 INFO Geocoding [174/294] 0800319247-bene individuo — Ravenna, via Nino Bixio, 23
2025-12-13 21:44:18,853 INFO Trying Overpass for: street=via Nino Bixio housenumber=23 city=Ravenna
2025-12-13 21:44:19,482 INFO Nominatim query: {'street': 'via Nino Bixio', 'city': 'Ravenna', 'state': 'Emilia-Romagna', 'country': 'Italy'}
2025-12-13 21:44:21,143 INFO Geocoded 0800319247-bene individuo -> 44.4137504 12.1948266
2025-12-13 21:44:21,144 INFO Processing [175/294] 0800161761
2025-12-13 21:44:21,145 INFO Geocoding [175/294] 0800161761 — Ravenna, Via Girolamo Rossi, 0
2025-12-13 21:44:21,145 INFO Geocoded 0800161761 -> 44.4200553 12.2012274
2025-12-13 21:44:21,149 INFO Processing [176/294] 0800319300
2025-12-13 21:44:21,150 INFO Geocoding [176/294] 0800319300 — Ravenna, Piazza del popolo, 0
2025-12-13 21:44:21,152 INFO Geocoded 0800319300 -> 44.4178985 12.1992196
2025-12-13 21:44:21,158 INFO Processing [177/294] 0800161637
2025-12-13 21:44:21,158 INFO Geocoding [177/294] 0800161637 — Ravenna
2025-12-13 21:44:21,159 INFO Geocoded 0800161637 -> 44.4161414 12.2017617
2025-12-13 21:44:21,163 INFO Processing [178/294] 0800161669
2025-12-13 21:44:21,165 INFO Geocoding [178/294] 0800161669 — Ravenna, Via Tombesi Dall'Ova, 0
2025-12-13 21:44:21,166 INFO Trying Overpass for: street=Via Tombesi Dall'Ova housenumber=None city=Ravenna
2025-12-13 21:44:21,962 INFO Geocoded 0800161669 -> 44.4149318 12.2036117
2025-12-13 21:44:21,963 INFO Processing [179/294] 0800161642
2025-12-13 21:44:21,963 INFO Geocoding [179/294] 0800161642 — Ravenna, P.zza Duomo, 0
2025-12-13 21:44:21,964 INFO Trying Overpass for: street=Piazza Duomo housenumber=None city=Ravenna
2025-12-13 21:44:22,736 INFO Geocoded 0800161642 -> 44.4154629 12.1960428
2025-12-13 21:44:22,738 INFO Processing [180/294] 0800161758
2025-12-13 21:44:22,738 INFO Geocoding [180/294] 0800161758 — Ravenna, via di Roma, 0
2025-12-13 21:44:22,739 INFO Geocoded 0800161758 -> 44.4179146 12.2035804
2025-12-13 21:44:22,747 INFO Processing [181/294] 0800161726-bene complesso
2025-12-13 21:44:22,748 INFO Skipping 0800161726-bene complesso: no address
2025-12-13 21:44:22,750 INFO Processing [182/294] 0800308262
2025-12-13 21:44:22,751 INFO Geocoding [182/294] 0800308262 — Ravenna, SAN ZACCARIA, Via Dismano, 0
2025-12-13 21:44:22,751 INFO Trying Overpass for: street=Via Dismano housenumber=None city=Ravenna
2025-12-13 21:44:23,869 INFO Geocoded 0800308262 -> 44.4016144 12.207177
2025-12-13 21:44:23,872 INFO Processing [183/294] 0800161684
2025-12-13 21:44:23,875 INFO Geocoding [183/294] 0800161684 — Emilia-Romagna, RA, Ravenna
2025-12-13 21:44:23,876 INFO Geocoded 0800161684 -> 44.4403718 12.2923064
2025-12-13 21:44:23,884 INFO Processing [184/294] 0800161736
2025-12-13 21:44:23,885 INFO Geocoding [184/294] 0800161736 — Ravenna, Via Di Roma, 102
2025-12-13 21:44:23,888 INFO Trying Overpass for: street=Via Di Roma housenumber=102 city=Ravenna
2025-12-13 21:44:25,548 INFO Geocoded 0800161736 -> 44.4152614 12.2047199
2025-12-13 21:44:25,549 INFO Processing [185/294] 0800161742
2025-12-13 21:44:25,550 INFO Geocoding [185/294] 0800161742 — Ravenna, Via Di Roma, 0
2025-12-13 21:44:25,551 INFO Geocoded 0800161742 -> 44.4179146 12.2035804
2025-12-13 21:44:25,555 INFO Processing [186/294] 0800161719
2025-12-13 21:44:25,558 INFO Geocoding [186/294] 0800161719 — Ravenna, Via G. Mazzini, 44
2025-12-13 21:44:25,559 INFO Trying Overpass for: street=Via G. Mazzini housenumber=44 city=Ravenna
2025-12-13 21:44:33,965 INFO Nominatim query: {'street': 'Via G. Mazzini', 'city': 'Ravenna', 'state': 'Emilia-Romagna', 'country': 'Italy'}
2025-12-13 21:44:35,449 INFO Nominatim query: {'q': 'Via G. Mazzini, Ravenna, Emilia-Romagna, Italy'}
2025-12-13 21:44:37,216 INFO Nominatim query: {'q': 'Ravenna, Emilia-Romagna, Italy'}
2025-12-13 21:44:38,775 INFO Geocoded 0800161719 -> 44.4161414 12.2017617
2025-12-13 21:44:38,780 INFO Processing [187/294] 0800266230
2025-12-13 21:44:38,781 INFO Geocoding [187/294] 0800266230 — Ravenna, via San Vitale, 34, 36,38, 40, 42, via M. Fanti, 19
2025-12-13 21:44:38,782 INFO Trying Overpass for: street=via San Vitale housenumber=34 city=Ravenna
2025-12-13 21:44:45,646 INFO Geocoded 0800266230 -> 44.4197925 12.1964832
2025-12-13 21:44:45,648 INFO Processing [188/294] 0800319236
2025-12-13 21:44:45,662 INFO Geocoding [188/294] 0800319236 — Ravenna, via Castello, 74
2025-12-13 21:44:45,663 INFO Trying Overpass for: street=via Castello housenumber=74 city=Ravenna
2025-12-13 21:44:46,407 INFO Nominatim query: {'street': 'via Castello', 'city': 'Ravenna', 'state': 'Emilia-Romagna', 'country': 'Italy'}
2025-12-13 21:44:47,996 INFO Nominatim query: {'q': 'via Castello, Ravenna, Emilia-Romagna, Italy'}
2025-12-13 21:44:50,159 INFO Nominatim query: {'q': 'Ravenna, Emilia-Romagna, Italy'}
2025-12-13 21:44:52,006 INFO Geocoded 0800319236 -> 44.4161414 12.2017617
2025-12-13 21:44:52,010 INFO Processing [189/294] 0800266245
2025-12-13 21:44:52,013 INFO Geocoding [189/294] 0800266245 — Ravenna, SAN PIETRO IN VINCOLI
2025-12-13 21:44:52,015 INFO Nominatim query: {'q': 'Ravenna, Emilia-Romagna, Italy'}
2025-12-13 21:44:54,054 INFO Geocoded 0800266245 -> 44.4161414 12.2017617
2025-12-13 21:44:54,062 INFO Processing [190/294] 0800161624-bene complesso
2025-12-13 21:44:54,073 INFO Skipping 0800161624-bene complesso: no address
2025-12-13 21:44:54,083 INFO Processing [191/294] 0800161620
2025-12-13 21:44:54,095 INFO Geocoding [191/294] 0800161620 — Ravenna, Piazza S.Francesco, 0
2025-12-13 21:44:54,097 INFO Geocoded 0800161620 -> 44.4161414 12.2017617
2025-12-13 21:44:54,115 INFO Processing [192/294] 0800161619-bene complesso
2025-12-13 21:44:54,142 INFO Skipping 0800161619-bene complesso: no address
2025-12-13 21:44:54,165 INFO Processing [193/294] 0800266239
2025-12-13 21:44:54,168 INFO Geocoding [193/294] 0800266239 — Ravenna, PIANGIPANE, via Galassa, 10
2025-12-13 21:44:54,216 INFO Trying Overpass for: street=via Galassa housenumber=10 city=Ravenna
2025-12-13 21:44:55,354 INFO Geocoded 0800266239 -> 44.4063703 12.089004
2025-12-13 21:44:55,356 INFO Processing [194/294] 0800161803
2025-12-13 21:44:55,356 INFO Geocoding [194/294] 0800161803 — Ravenna, Via O. Guerrini
2025-12-13 21:44:55,357 INFO Trying Overpass for: street=Via O. Guerrini housenumber=None city=Ravenna
2025-12-13 21:44:56,155 INFO Nominatim query: {'street': 'Via O. Guerrini', 'city': 'Ravenna', 'state': 'Emilia-Romagna', 'country': 'Italy'}
2025-12-13 21:44:57,703 INFO Nominatim query: {'q': 'Via O. Guerrini, Ravenna, Emilia-Romagna, Italy'}
2025-12-13 21:44:59,432 INFO Nominatim query: {'q': 'Ravenna, Emilia-Romagna, Italy'}
2025-12-13 21:45:01,039 INFO Geocoded 0800161803 -> 44.4161414 12.2017617
2025-12-13 21:45:01,042 INFO Processing [195/294] 0800308264-bene individuo
2025-12-13 21:45:01,043 INFO Geocoding [195/294] 0800308264-bene individuo — Ravenna, Via Trava, 2
2025-12-13 21:45:01,045 INFO Trying Overpass for: street=Via Trava housenumber=2 city=Ravenna
2025-12-13 21:45:02,038 INFO Nominatim query: {'street': 'Via Trava', 'city': 'Ravenna', 'state': 'Emilia-Romagna', 'country': 'Italy'}
2025-12-13 21:45:03,640 INFO Nominatim query: {'q': 'Via Trava, Ravenna, Emilia-Romagna, Italy'}
2025-12-13 21:45:05,835 INFO Nominatim query: {'q': 'Ravenna, Emilia-Romagna, Italy'}
2025-12-13 21:45:07,391 INFO Geocoded 0800308264-bene individuo -> 44.4161414 12.2017617
2025-12-13 21:45:07,394 INFO Processing [196/294] 0800161716
2025-12-13 21:45:07,395 INFO Geocoding [196/294] 0800161716 — Ravenna, Via Mazzini, 0
2025-12-13 21:45:07,396 INFO Geocoded 0800161716 -> 44.4133761 12.2012144
2025-12-13 21:45:07,402 INFO Processing [197/294] 0800161638
2025-12-13 21:45:07,403 INFO Geocoding [197/294] 0800161638 — Ravenna
2025-12-13 21:45:07,404 INFO Geocoded 0800161638 -> 44.4161414 12.2017617
2025-12-13 21:45:07,411 INFO Processing [198/294] 0800161663
2025-12-13 21:45:07,413 INFO Geocoding [198/294] 0800161663 — Ravenna, via Massimo d'Azeglio, 2
2025-12-13 21:45:07,414 INFO Trying Overpass for: street=via Massimo d'Azeglio housenumber=2 city=Ravenna
2025-12-13 21:45:08,609 INFO Geocoded 0800161663 -> 44.4168957 12.1964801
2025-12-13 21:45:08,611 INFO Processing [199/294] 0800308270
2025-12-13 21:45:08,612 INFO Geocoding [199/294] 0800308270 — Ravenna, CAMERLONA, Via S. Egidio, 0
2025-12-13 21:45:08,613 INFO Trying Overpass for: street=Via San. Egidio housenumber=None city=Ravenna
2025-12-13 21:45:09,896 INFO Nominatim query: {'street': 'Via San. Egidio', 'city': 'Ravenna', 'state': 'Emilia-Romagna', 'country': 'Italy'}
2025-12-13 21:45:11,445 INFO Nominatim query: {'q': 'Via San. Egidio, Ravenna, Emilia-Romagna, Italy'}
2025-12-13 21:45:12,944 INFO Nominatim query: {'q': 'Ravenna, Emilia-Romagna, Italy'}
2025-12-13 21:45:14,898 INFO Geocoded 0800308270 -> 44.4161414 12.2017617
2025-12-13 21:45:14,900 INFO Processing [200/294] 0800266226
2025-12-13 21:45:14,901 INFO Geocoding [200/294] 0800266226 — Ravenna, via Pasolini, 9
2025-12-13 21:45:14,902 INFO Trying Overpass for: street=via Pasolini housenumber=9 city=Ravenna
2025-12-13 21:45:16,005 INFO Nominatim query: {'street': 'via Pasolini', 'city': 'Ravenna', 'state': 'Emilia-Romagna', 'country': 'Italy'}
2025-12-13 21:45:17,563 INFO Geocoded 0800266226 -> 44.4086083 12.2475551
2025-12-13 21:45:17,565 INFO Processing [201/294] 0800161792
2025-12-13 21:45:17,566 INFO Geocoding [201/294] 0800161792 — Ravenna, GHIBULLO, via Ravegnana, 655
2025-12-13 21:45:17,566 INFO Trying Overpass for: street=via Ravegnana housenumber=655 city=Ravenna
2025-12-13 21:45:18,872 INFO Geocoded 0800161792 -> 44.3360859 12.1258896
2025-12-13 21:45:18,874 INFO Processing [202/294] 0800319300-bene componente
2025-12-13 21:45:18,875 INFO Skipping 0800319300-bene componente: no address
2025-12-13 21:45:18,878 INFO Processing [203/294] 0800308263
2025-12-13 21:45:18,879 INFO Geocoding [203/294] 0800308263 — Ravenna, fraz. Gambellara, Via Gambellara, 79
2025-12-13 21:45:18,880 INFO Trying Overpass for: street=Via Gambellara housenumber=79 city=Ravenna
2025-12-13 21:45:19,508 INFO Geocoded 0800308263 -> 44.3310383 12.1380768
2025-12-13 21:45:19,511 INFO Processing [204/294] 0800161700
2025-12-13 21:45:19,511 INFO Geocoding [204/294] 0800161700 — Ravenna, Via Mariani, 24
2025-12-13 21:45:19,512 INFO Trying Overpass for: street=Via Mariani housenumber=24 city=Ravenna
2025-12-13 21:45:20,428 INFO Nominatim query: {'street': 'Via Mariani', 'city': 'Ravenna', 'state': 'Emilia-Romagna', 'country': 'Italy'}
2025-12-13 21:45:21,987 INFO Geocoded 0800161700 -> 44.4172272 12.2017926
2025-12-13 21:45:21,989 INFO Processing [205/294] 0800266241
2025-12-13 21:45:21,989 INFO Geocoding [205/294] 0800266241 — Ravenna, via Baiona, 0
2025-12-13 21:45:21,990 INFO Trying Overpass for: street=via Baiona housenumber=None city=Ravenna
2025-12-13 21:45:30,976 INFO Geocoded 0800266241 -> 44.4586862 12.2340828
2025-12-13 21:45:30,982 INFO Processing [206/294] 0800266236
2025-12-13 21:45:30,983 INFO Geocoding [206/294] 0800266236 — Ravenna, MANDRIOLE, strada Comunale
2025-12-13 21:45:30,986 INFO Trying Overpass for: street=strada Comunale housenumber=None city=Ravenna
2025-12-13 21:45:33,717 INFO Nominatim query: {'street': 'strada Comunale', 'city': 'Ravenna', 'state': 'Emilia-Romagna', 'country': 'Italy'}
2025-12-13 21:45:35,216 INFO Nominatim query: {'q': 'strada Comunale, Ravenna, Emilia-Romagna, Italy'}
2025-12-13 21:45:36,850 INFO Nominatim query: {'q': 'Ravenna, Emilia-Romagna, Italy'}
2025-12-13 21:45:38,383 INFO Geocoded 0800266236 -> 44.4161414 12.2017617
2025-12-13 21:45:38,386 INFO Processing [207/294] 0800161811
2025-12-13 21:45:38,386 INFO Geocoding [207/294] 0800161811 — Ravenna, SANTERNO, via Palazza, 0
2025-12-13 21:45:38,387 INFO Trying Overpass for: street=via Palazza housenumber=None city=Ravenna
2025-12-13 21:45:39,487 INFO Nominatim query: {'street': 'via Palazza', 'city': 'Ravenna', 'state': 'Emilia-Romagna', 'country': 'Italy'}
2025-12-13 21:45:40,986 INFO Nominatim query: {'q': 'via Palazza, Ravenna, Emilia-Romagna, Italy'}
2025-12-13 21:45:42,620 INFO Nominatim query: {'q': 'Ravenna, Emilia-Romagna, Italy'}
2025-12-13 21:45:44,119 INFO Geocoded 0800161811 -> 44.4161414 12.2017617
2025-12-13 21:45:44,121 INFO Processing [208/294] 0800266220
2025-12-13 21:45:44,121 INFO Geocoding [208/294] 0800266220 — Ravenna, via Carlo Cattaneo, 22
2025-12-13 21:45:44,122 INFO Trying Overpass for: street=via Carlo Cattaneo housenumber=22 city=Ravenna
2025-12-13 21:45:44,817 INFO Geocoded 0800266220 -> 44.4186256 12.1955935
2025-12-13 21:45:44,820 INFO Processing [209/294] 0800161644-bene individuo
2025-12-13 21:45:44,821 INFO Skipping 0800161644-bene individuo: no address
2025-12-13 21:45:44,829 INFO Processing [210/294] 0800161694
2025-12-13 21:45:44,830 INFO Geocoding [210/294] 0800161694 — Ravenna, via delle Industrie, 0
2025-12-13 21:45:44,833 INFO Trying Overpass for: street=via delle Industrie housenumber=None city=Ravenna
2025-12-13 21:45:45,538 INFO Geocoded 0800161694 -> 44.4328054 12.2253643
2025-12-13 21:45:45,540 INFO Processing [211/294] 0800161762
2025-12-13 21:45:45,540 INFO Geocoding [211/294] 0800161762 — Ravenna, Via Girolamo Rossi, 0
2025-12-13 21:45:45,541 INFO Geocoded 0800161762 -> 44.4200553 12.2012274
2025-12-13 21:45:45,546 INFO Processing [212/294] 0800161771
2025-12-13 21:45:45,548 INFO Geocoding [212/294] 0800161771 — Ravenna, Via S.Vitale, 17
2025-12-13 21:45:45,550 INFO Geocoded 0800161771 -> 44.4161414 12.2017617
2025-12-13 21:45:45,558 INFO Processing [213/294] 0800308265-bene individuo
2025-12-13 21:45:45,561 INFO Geocoding [213/294] 0800308265-bene individuo — Ravenna, RONCALCECI, Via Babini, 246
2025-12-13 21:45:45,562 INFO Trying Overpass for: street=Via Babini housenumber=246 city=Ravenna
2025-12-13 21:45:46,236 INFO Nominatim query: {'street': 'Via Babini', 'city': 'Ravenna', 'state': 'Emilia-Romagna', 'country': 'Italy'}
2025-12-13 21:45:47,713 INFO Geocoded 0800308265-bene individuo -> 44.3471527 12.1324064
2025-12-13 21:45:47,715 INFO Processing [214/294] 0800161665
2025-12-13 21:45:47,716 INFO Geocoding [214/294] 0800161665 — Ravenna, via Massimo d'Azeglio, 38
2025-12-13 21:45:47,717 INFO Trying Overpass for: street=via Massimo d'Azeglio housenumber=38 city=Ravenna
2025-12-13 21:45:48,391 INFO Geocoded 0800161665 -> 44.4180807 12.1942878
2025-12-13 21:45:48,395 INFO Processing [215/294] 0800161630
2025-12-13 21:45:48,396 INFO Geocoding [215/294] 0800161630 — Ravenna, P.zza Arcivescovado, 1
2025-12-13 21:45:48,397 INFO Geocoded 0800161630 -> 44.415209 12.1976094
2025-12-13 21:45:48,403 INFO Processing [216/294] 0800161681
2025-12-13 21:45:48,404 INFO Geocoding [216/294] 0800161681 — Ravenna, via Romolo Gessi, 14/ 16
2025-12-13 21:45:48,406 INFO Trying Overpass for: street=via Romolo Gessi housenumber=None city=Ravenna
2025-12-13 21:45:51,874 INFO Geocoded 0800161681 -> 44.4157162 12.1981838
2025-12-13 21:45:51,875 INFO Processing [217/294] 0800319231
2025-12-13 21:45:51,875 INFO Geocoding [217/294] 0800319231 — Ravenna, via Diaz, 2
2025-12-13 21:45:51,876 INFO Trying Overpass for: street=via Diaz housenumber=2 city=Ravenna
2025-12-13 21:45:52,668 INFO Nominatim query: {'street': 'via Diaz', 'city': 'Ravenna', 'state': 'Emilia-Romagna', 'country': 'Italy'}
2025-12-13 21:45:54,158 INFO Geocoded 0800319231 -> 44.4181732 12.2019424
2025-12-13 21:45:54,160 INFO Processing [218/294] 0800161741
2025-12-13 21:45:54,161 INFO Geocoding [218/294] 0800161741 — Ravenna, Via Di Roma, 0
2025-12-13 21:45:54,161 INFO Geocoded 0800161741 -> 44.4179146 12.2035804
2025-12-13 21:45:54,165 INFO Processing [219/294] 0800161686
2025-12-13 21:45:54,167 INFO Geocoding [219/294] 0800161686 — Ravenna, via Guaccimanni, 11
2025-12-13 21:45:54,168 INFO Trying Overpass for: street=via Guaccimanni housenumber=11 city=Ravenna
2025-12-13 21:45:54,947 INFO Nominatim query: {'street': 'via Guaccimanni', 'city': 'Ravenna', 'state': 'Emilia-Romagna', 'country': 'Italy'}
2025-12-13 21:45:56,457 INFO Geocoded 0800161686 -> 44.4157906 12.2031660
2025-12-13 21:45:56,459 INFO Processing [220/294] 0800308269
2025-12-13 21:45:56,460 INFO Geocoding [220/294] 0800308269 — Ravenna, FILETTO, Via Roncalcesi, 0, 1,4 Km. dall'incrocio con via Nuova
2025-12-13 21:45:56,461 INFO Trying Overpass for: street=Via Roncalcesi housenumber=None city=Ravenna
2025-12-13 21:45:57,123 INFO Nominatim query: {'street': 'Via Roncalcesi', 'city': 'Ravenna', 'state': 'Emilia-Romagna', 'country': 'Italy'}
2025-12-13 21:45:58,588 INFO Nominatim query: {'q': 'Via Roncalcesi, Ravenna, Emilia-Romagna, Italy'}
2025-12-13 21:46:00,082 INFO Nominatim query: {'q': 'Ravenna, Emilia-Romagna, Italy'}
2025-12-13 21:46:01,585 INFO Geocoded 0800308269 -> 44.4161414 12.2017617
2025-12-13 21:46:01,587 INFO Processing [221/294] 0800161810
2025-12-13 21:46:01,588 INFO Geocoding [221/294] 0800161810 — Ravenna, SANTO STEFANO - CARRAIE, via Cella, 0, Carraia Ginanni
2025-12-13 21:46:01,589 INFO Geocoded 0800161810 -> 44.3601333 12.1816153
2025-12-13 21:46:01,592 INFO Processing [222/294] 0800308261
2025-12-13 21:46:01,593 INFO Geocoding [222/294] 0800308261 — Ravenna, SAN ZACCARIA, Via Dismano, 663
2025-12-13 21:46:01,596 INFO Trying Overpass for: street=Via Dismano housenumber=663 city=Ravenna
2025-12-13 21:46:02,088 INFO Nominatim query: {'street': 'Via Dismano', 'city': 'Ravenna', 'state': 'Emilia-Romagna', 'country': 'Italy'}
2025-12-13 21:46:03,633 INFO Geocoded 0800308261 -> 44.3396858 12.2126471
2025-12-13 21:46:03,637 INFO Processing [223/294] 0800266219
2025-12-13 21:46:03,638 INFO Geocoding [223/294] 0800266219 — Ravenna, via Canale Molinetto, 90/ 92
2025-12-13 21:46:03,640 INFO Trying Overpass for: street=via Canale Molinetto housenumber=None city=Ravenna
2025-12-13 21:46:04,768 INFO Nominatim query: {'street': 'via Canale Molinetto', 'city': 'Ravenna', 'state': 'Emilia-Romagna', 'country': 'Italy'}
2025-12-13 21:46:07,078 INFO Geocoded 0800266219 -> 44.4344235 12.2650348
2025-12-13 21:46:07,079 INFO Processing [224/294] 0800266244
2025-12-13 21:46:07,080 INFO Geocoding [224/294] 0800266244 — Ravenna, SAVARNA, via Basilica, 158
2025-12-13 21:46:07,081 INFO Trying Overpass for: street=via Basilica housenumber=158 city=Ravenna
2025-12-13 21:46:07,670 INFO Nominatim query: {'street': 'via Basilica', 'city': 'Ravenna', 'state': 'Emilia-Romagna', 'country': 'Italy'}
2025-12-13 21:46:09,288 INFO Geocoded 0800266244 -> 44.4988073 12.0885292
2025-12-13 21:46:09,290 INFO Processing [225/294] 0800161739
2025-12-13 21:46:09,290 INFO Geocoding [225/294] 0800161739 — Ravenna, via di Roma, 118
2025-12-13 21:46:09,291 INFO Trying Overpass for: street=via di Roma housenumber=118 city=Ravenna
2025-12-13 21:46:10,324 INFO Geocoded 0800161739 -> 44.4163462 12.2042227
2025-12-13 21:46:10,325 INFO Processing [226/294] 0800161659
2025-12-13 21:46:10,326 INFO Geocoding [226/294] 0800161659 — Ravenna, via Paola Costa, 7
2025-12-13 21:46:10,327 INFO Trying Overpass for: street=via Paola Costa housenumber=7 city=Ravenna
2025-12-13 21:46:11,603 INFO Nominatim query: {'street': 'via Paola Costa', 'city': 'Ravenna', 'state': 'Emilia-Romagna', 'country': 'Italy'}
2025-12-13 21:46:13,195 INFO Nominatim query: {'q': 'via Paola Costa, Ravenna, Emilia-Romagna, Italy'}
2025-12-13 21:46:14,997 INFO Nominatim query: {'q': 'Ravenna, Emilia-Romagna, Italy'}
2025-12-13 21:46:16,577 INFO Geocoded 0800161659 -> 44.4161414 12.2017617
2025-12-13 21:46:16,579 INFO Processing [227/294] 0800161651
2025-12-13 21:46:16,579 INFO Geocoding [227/294] 0800161651 — Ravenna, Via Cavour, 0
2025-12-13 21:46:16,581 INFO Trying Overpass for: street=Via Cavour housenumber=None city=Ravenna
2025-12-13 21:46:17,374 INFO Geocoded 0800161651 -> 44.4192517 12.1961854
2025-12-13 21:46:17,376 INFO Processing [228/294] 0800161806
2025-12-13 21:46:17,377 INFO Geocoding [228/294] 0800161806 — Ravenna, Strada Provinciale Faentina, 362
2025-12-13 21:46:17,378 INFO Trying Overpass for: street=Strada Provinciale Faentina housenumber=362 city=Ravenna
2025-12-13 21:46:17,872 INFO Nominatim query: {'street': 'Strada Provinciale Faentina', 'city': 'Ravenna', 'state': 'Emilia-Romagna', 'country': 'Italy'}
2025-12-13 21:46:19,365 INFO Nominatim query: {'q': 'Strada Provinciale Faentina, Ravenna, Emilia-Romagna, Italy'}
2025-12-13 21:46:20,912 INFO Nominatim query: {'q': 'Ravenna, Emilia-Romagna, Italy'}
2025-12-13 21:46:22,606 INFO Geocoded 0800161806 -> 44.4161414 12.2017617
2025-12-13 21:46:22,609 INFO Processing [229/294] 0800161731
2025-12-13 21:46:22,610 INFO Geocoding [229/294] 0800161731 — Ravenna, via C. Ricci, 20,22 ,24
2025-12-13 21:46:22,611 INFO Trying Overpass for: street=via C. Ricci housenumber=20 city=Ravenna
2025-12-13 21:46:23,294 INFO Nominatim query: {'street': 'via C. Ricci', 'city': 'Ravenna', 'state': 'Emilia-Romagna', 'country': 'Italy'}
2025-12-13 21:46:24,910 INFO Nominatim query: {'q': 'via C. Ricci, Ravenna, Emilia-Romagna, Italy'}
2025-12-13 21:46:26,567 INFO Nominatim query: {'q': 'Ravenna, Emilia-Romagna, Italy'}
2025-12-13 21:46:28,081 INFO Geocoded 0800161731 -> 44.4161414 12.2017617
2025-12-13 21:46:28,085 INFO Processing [230/294] 0800161729
2025-12-13 21:46:28,086 INFO Geocoding [230/294] 0800161729 — Ravenna, Via Porta Gaza, 0
2025-12-13 21:46:28,086 INFO Trying Overpass for: street=Via Porta Gaza housenumber=None city=Ravenna
2025-12-13 21:46:29,054 INFO Geocoded 0800161729 -> 44.413645 12.1958459
2025-12-13 21:46:29,056 INFO Processing [231/294] 0800319340-bene individuo
2025-12-13 21:46:29,057 INFO Geocoding [231/294] 0800319340-bene individuo — Ravenna, Piazza Kennedy, 14,15,16,17
2025-12-13 21:46:29,058 INFO Trying Overpass for: street=Piazza Kennedy housenumber=14 city=Ravenna
2025-12-13 21:46:29,920 INFO Nominatim query: {'street': 'Piazza Kennedy', 'city': 'Ravenna', 'state': 'Emilia-Romagna', 'country': 'Italy'}
2025-12-13 21:46:31,442 INFO Geocoded 0800319340-bene individuo -> 44.4168581 12.1974394
2025-12-13 21:46:31,447 INFO Processing [232/294] 0800161674
2025-12-13 21:46:31,448 INFO Geocoding [232/294] 0800161674 — Ravenna, P.zza Duomo
2025-12-13 21:46:31,449 INFO Trying Overpass for: street=Piazza Duomo housenumber=None city=Ravenna
2025-12-13 21:46:32,225 INFO Geocoded 0800161674 -> 44.4154629 12.1960428
2025-12-13 21:46:32,229 INFO Processing [233/294] 0800161778
2025-12-13 21:46:32,230 INFO Geocoding [233/294] 0800161778 — Ravenna, via XIII Giugno, 3
2025-12-13 21:46:32,231 INFO Trying Overpass for: street=via XIII Giugno housenumber=3 city=Ravenna
2025-12-13 21:46:33,071 INFO Nominatim query: {'street': 'via XIII Giugno', 'city': 'Ravenna', 'state': 'Emilia-Romagna', 'country': 'Italy'}
2025-12-13 21:46:34,647 INFO Nominatim query: {'q': 'via XIII Giugno, Ravenna, Emilia-Romagna, Italy'}
2025-12-13 21:46:36,214 INFO Nominatim query: {'q': 'Ravenna, Emilia-Romagna, Italy'}
2025-12-13 21:46:38,223 INFO Geocoded 0800161778 -> 44.4161414 12.2017617
2025-12-13 21:46:38,235 INFO Processing [234/294] 0800161710
2025-12-13 21:46:38,237 INFO Geocoding [234/294] 0800161710 — Ravenna, Via Mazzini, 7
2025-12-13 21:46:38,267 INFO Trying Overpass for: street=Via Mazzini housenumber=7 city=Ravenna
2025-12-13 21:46:39,269 INFO Nominatim query: {'street': 'Via Mazzini', 'city': 'Ravenna', 'state': 'Emilia-Romagna', 'country': 'Italy'}
2025-12-13 21:46:40,848 INFO Geocoded 0800161710 -> 44.4133761 12.2012144
2025-12-13 21:46:40,852 INFO Processing [235/294] 0800161715
2025-12-13 21:46:40,853 INFO Geocoding [235/294] 0800161715 — Ravenna, Via Mazzini,0
2025-12-13 21:46:40,856 INFO Trying Overpass for: street=Via Mazzini housenumber=None city=Ravenna
2025-12-13 21:46:45,505 INFO Nominatim query: {'street': 'Via Mazzini', 'city': 'Ravenna', 'state': 'Emilia-Romagna', 'country': 'Italy'}
2025-12-13 21:46:47,242 INFO Geocoded 0800161715 -> 44.4133761 12.2012144
2025-12-13 21:46:47,244 INFO Processing [236/294] 0800308253-bene componente
2025-12-13 21:46:47,245 INFO Skipping 0800308253-bene componente: no address
2025-12-13 21:46:47,249 INFO Processing [237/294] 0800161641
2025-12-13 21:46:47,250 INFO Geocoding [237/294] 0800161641 — Ravenna, P.zza Duomo, 0
2025-12-13 21:46:47,252 INFO Geocoded 0800161641 -> 44.4154629 12.1960428
2025-12-13 21:46:47,258 INFO Processing [238/294] 0800161707
2025-12-13 21:46:47,260 INFO Geocoding [238/294] 0800161707 — Ravenna, via Mazzini, 72
2025-12-13 21:46:47,262 INFO Trying Overpass for: street=via Mazzini housenumber=72 city=Ravenna
2025-12-13 21:46:47,871 INFO Nominatim query: {'street': 'via Mazzini', 'city': 'Ravenna', 'state': 'Emilia-Romagna', 'country': 'Italy'}
2025-12-13 21:46:49,393 INFO Geocoded 0800161707 -> 44.4133761 12.2012144
2025-12-13 21:46:49,395 INFO Processing [239/294] 0800319234
2025-12-13 21:46:49,395 INFO Geocoding [239/294] 0800319234 — Ravenna, FILETTO, via Roncalceci, 195
2025-12-13 21:46:49,397 INFO Trying Overpass for: street=via Roncalceci housenumber=195 city=Ravenna
2025-12-13 21:46:52,038 INFO Nominatim query: {'street': 'via Roncalceci', 'city': 'Ravenna', 'state': 'Emilia-Romagna', 'country': 'Italy'}
2025-12-13 21:46:53,503 INFO Nominatim query: {'q': 'via Roncalceci, Ravenna, Emilia-Romagna, Italy'}
2025-12-13 21:46:55,145 INFO Geocoded 0800319234 -> 44.3573178 12.1094839
2025-12-13 21:46:55,147 INFO Processing [240/294] 0800161717
2025-12-13 21:46:55,147 INFO Geocoding [240/294] 0800161717 — Ravenna, via Mazzini, 76/ 78
2025-12-13 21:46:55,147 INFO Trying Overpass for: street=via Mazzini housenumber=None city=Ravenna
2025-12-13 21:46:55,879 INFO Nominatim query: {'street': 'via Mazzini', 'city': 'Ravenna', 'state': 'Emilia-Romagna', 'country': 'Italy'}
2025-12-13 21:46:57,380 INFO Geocoded 0800161717 -> 44.4133761 12.2012144
2025-12-13 21:46:57,383 INFO Processing [241/294] 0800266228
2025-12-13 21:46:57,383 INFO Geocoding [241/294] 0800266228 — Ravenna, via Salara, 33/ 31
2025-12-13 21:46:57,384 INFO Trying Overpass for: street=via Salara housenumber=None city=Ravenna
2025-12-13 21:46:58,121 INFO Geocoded 0800266228 -> 44.4199965 12.1984319
2025-12-13 21:46:58,123 INFO Processing [242/294] 0800308999-bene individuo
2025-12-13 21:46:58,124 INFO Skipping 0800308999-bene individuo: no address
2025-12-13 21:46:58,127 INFO Processing [243/294] 0800161771-bene componente
2025-12-13 21:46:58,128 INFO Skipping 0800161771-bene componente: no address
2025-12-13 21:46:58,132 INFO Processing [244/294] 0800161678
2025-12-13 21:46:58,132 INFO Geocoding [244/294] 0800161678 — Ravenna, Via Galla Placidia, 0
2025-12-13 21:46:58,133 INFO Geocoded 0800161678 -> 44.4213171 12.1971941
2025-12-13 21:46:58,136 INFO Processing [245/294] 0800161724
2025-12-13 21:46:58,137 INFO Geocoding [245/294] 0800161724 — Ravenna, Via Morigia, 1
2025-12-13 21:46:58,138 INFO Trying Overpass for: street=Via Morigia housenumber=1 city=Ravenna
2025-12-13 21:46:58,816 INFO Nominatim query: {'street': 'Via Morigia', 'city': 'Ravenna', 'state': 'Emilia-Romagna', 'country': 'Italy'}
2025-12-13 21:47:00,406 INFO Geocoded 0800161724 -> 44.4185410 12.1963069
2025-12-13 21:47:00,409 INFO Processing [246/294] 0800266227
2025-12-13 21:47:00,409 INFO Geocoding [246/294] 0800266227 — Ravenna, piazzetta degli Ariani, 0
2025-12-13 21:47:00,410 INFO Geocoded 0800266227 -> 44.4161414 12.2017617
2025-12-13 21:47:00,417 INFO Processing [247/294] 0800319235
2025-12-13 21:47:00,419 INFO Geocoding [247/294] 0800319235 — Ravenna, via Barleti, 5, 7, 9
2025-12-13 21:47:00,421 INFO Trying Overpass for: street=via Barleti housenumber=5 city=Ravenna
2025-12-13 21:47:01,688 INFO Nominatim query: {'street': 'via Barleti', 'city': 'Ravenna', 'state': 'Emilia-Romagna', 'country': 'Italy'}
2025-12-13 21:47:03,486 INFO Geocoded 0800319235 -> 44.3679462 12.0810017
2025-12-13 21:47:03,489 INFO Processing [248/294] 0800161788
2025-12-13 21:47:03,490 INFO Geocoding [248/294] 0800161788 — Ravenna, via Dismano, 749/ 747
2025-12-13 21:47:03,491 INFO Trying Overpass for: street=via Dismano housenumber=None city=Ravenna
2025-12-13 21:47:04,269 INFO Geocoded 0800161788 -> 44.4016144 12.207177
2025-12-13 21:47:04,271 INFO Processing [249/294] 0800161734
2025-12-13 21:47:04,271 INFO Geocoding [249/294] 0800161734 — Ravenna, via Rocca di Brancaleone, 0
2025-12-13 21:47:04,272 INFO Trying Overpass for: street=via Rocca di Brancaleone housenumber=None city=Ravenna
2025-12-13 21:47:05,203 INFO Nominatim query: {'street': 'via Rocca di Brancaleone', 'city': 'Ravenna', 'state': 'Emilia-Romagna', 'country': 'Italy'}
2025-12-13 21:47:25,235 INFO Nominatim query: {'q': 'via Rocca di Brancaleone, Ravenna, Emilia-Romagna, Italy'}
2025-12-13 21:47:45,249 INFO Nominatim query: {'q': 'Ravenna, Emilia-Romagna, Italy'}
2025-12-13 21:48:05,266 INFO Nominatim query: {'q': 'Ravenna, via Rocca di Brancaleone, 0, Ravenna, Emilia-Romagna, Italy'}
2025-12-13 21:48:25,298 WARNING FAILED to geocode 0800161734 — Ravenna, via Rocca di Brancaleone, 0
2025-12-13 21:48:25,299 INFO Processing [250/294] 0800161623
2025-12-13 21:48:25,300 INFO Geocoding [250/294] 0800161623 — Ravenna, via Dante Alighieri, 2,4(P ),6
2025-12-13 21:48:25,300 INFO Trying Overpass for: street=via Dante Alighieri housenumber=2 city=Ravenna
2025-12-13 21:48:26,080 INFO Geocoded 0800161623 -> 44.4166311 12.2008181
2025-12-13 21:48:26,082 INFO Processing [251/294] 0800308276
2025-12-13 21:48:26,082 INFO Geocoding [251/294] 0800308276 — Ravenna, SANTO STEFANO - CARRAIE, via Cella, 0, Carraia Ginanni
2025-12-13 21:48:26,083 INFO Geocoded 0800308276 -> 44.3601333 12.1816153
2025-12-13 21:48:26,085 INFO Processing [252/294] 0800309001
2025-12-13 21:48:26,086 INFO Geocoding [252/294] 0800309001 — Ravenna, vicolo Capannetti, 5
2025-12-13 21:48:26,086 INFO Trying Overpass for: street=vicolo Capannetti housenumber=5 city=Ravenna
2025-12-13 21:48:26,796 INFO Geocoded 0800309001 -> 44.4091605 12.2010159
2025-12-13 21:48:26,798 INFO Processing [253/294] 0800161800
2025-12-13 21:48:26,799 INFO Geocoding [253/294] 0800161800 — Ravenna, strada comunale Carrarone Chiesa, 0
2025-12-13 21:48:26,799 INFO Trying Overpass for: street=strada comunale Carrarone Chiesa housenumber=None city=Ravenna
2025-12-13 21:48:27,950 INFO Nominatim query: {'street': 'strada comunale Carrarone Chiesa', 'city': 'Ravenna', 'state': 'Emilia-Romagna', 'country': 'Italy'}
2025-12-13 21:48:47,961 INFO Nominatim query: {'q': 'strada comunale Carrarone Chiesa, Ravenna, Emilia-Romagna, Italy'}
2025-12-13 21:49:08,003 INFO Nominatim query: {'q': 'Ravenna, Emilia-Romagna, Italy'}
2025-12-13 21:49:28,073 INFO Nominatim query: {'q': 'Ravenna, strada comunale Carrarone Chiesa, 0, Ravenna, Emilia-Romagna, Italy'}
2025-12-13 21:49:48,112 WARNING FAILED to geocode 0800161800 — Ravenna, strada comunale Carrarone Chiesa, 0
2025-12-13 21:49:48,116 INFO Processing [254/294] 0800161808
2025-12-13 21:49:48,116 INFO Geocoding [254/294] 0800161808 — Ravenna, SAN PIETRO IN TRENTO, via Ramona, 55
2025-12-13 21:49:48,118 INFO Trying Overpass for: street=via Ramona housenumber=55 city=Ravenna
2025-12-13 21:49:48,710 INFO Nominatim query: {'street': 'via Ramona', 'city': 'Ravenna', 'state': 'Emilia-Romagna', 'country': 'Italy'}
2025-12-13 21:50:08,733 INFO Nominatim query: {'q': 'via Ramona, Ravenna, Emilia-Romagna, Italy'}
2025-12-13 21:50:28,763 INFO Nominatim query: {'q': 'Ravenna, Emilia-Romagna, Italy'}
2025-12-13 21:50:48,775 INFO Nominatim query: {'q': 'Ravenna, SAN PIETRO IN TRENTO, via Ramona, 55, Ravenna, Emilia-Romagna, Italy'}
2025-12-13 21:51:08,796 WARNING FAILED to geocode 0800161808 — Ravenna, SAN PIETRO IN TRENTO, via Ramona, 55
2025-12-13 21:51:08,799 INFO Processing [255/294] 0800161627
2025-12-13 21:51:08,800 INFO Geocoding [255/294] 0800161627 — Ravenna, P.zza Anita Garibaldi, 0
2025-12-13 21:51:08,800 INFO Geocoded 0800161627 -> 44.418002 12.2049025
2025-12-13 21:51:08,802 INFO Processing [256/294] 0800308277-bene componente
2025-12-13 21:51:08,803 INFO Geocoding [256/294] 0800308277-bene componente — Ravenna, SANTO STEFANO - CARRAIE, via Cella, 0, Carraia Ginanni
2025-12-13 21:51:08,805 INFO Geocoded 0800308277-bene componente -> 44.3601333 12.1816153
2025-12-13 21:51:08,809 INFO Processing [257/294] 0800161673
2025-12-13 21:51:08,810 INFO Geocoding [257/294] 0800161673 — Ravenna, P.zza Duomo, 0
2025-12-13 21:51:08,811 INFO Geocoded 0800161673 -> 44.4154629 12.1960428
2025-12-13 21:51:08,814 INFO Processing [258/294] 0800161756
2025-12-13 21:51:08,816 INFO Geocoding [258/294] 0800161756 — Ravenna, via di Roma, 0
2025-12-13 21:51:08,817 INFO Geocoded 0800161756 -> 44.4179146 12.2035804
2025-12-13 21:51:08,818 INFO Processing [259/294] 0800161720
2025-12-13 21:51:08,819 INFO Geocoding [259/294] 0800161720 — Ravenna, Via Mazzini, 57
2025-12-13 21:51:08,820 INFO Trying Overpass for: street=Via Mazzini housenumber=57 city=Ravenna
2025-12-13 21:51:09,717 INFO Nominatim query: {'street': 'Via Mazzini', 'city': 'Ravenna', 'state': 'Emilia-Romagna', 'country': 'Italy'}
2025-12-13 21:51:11,597 INFO Geocoded 0800161720 -> 44.4133761 12.2012144
2025-12-13 21:51:11,600 INFO Processing [260/294] 0800161675
2025-12-13 21:51:11,601 INFO Geocoding [260/294] 0800161675 — Ravenna, via Ercolana, 29/ 31/ 33
2025-12-13 21:51:11,602 INFO Trying Overpass for: street=via Ercolana housenumber=None city=Ravenna
2025-12-13 21:51:12,639 INFO Geocoded 0800161675 -> 44.4153195 12.1939154
2025-12-13 21:51:12,641 INFO Processing [261/294] 0800161712
2025-12-13 21:51:12,642 INFO Geocoding [261/294] 0800161712 — Ravenna, via G. Mazzini, 84
2025-12-13 21:51:12,642 INFO Trying Overpass for: street=via G. Mazzini housenumber=84 city=Ravenna
2025-12-13 21:51:13,574 INFO Nominatim query: {'street': 'via G. Mazzini', 'city': 'Ravenna', 'state': 'Emilia-Romagna', 'country': 'Italy'}
2025-12-13 21:51:15,419 INFO Nominatim query: {'q': 'via G. Mazzini, Ravenna, Emilia-Romagna, Italy'}
2025-12-13 21:51:17,065 INFO Nominatim query: {'q': 'Ravenna, Emilia-Romagna, Italy'}
2025-12-13 21:51:18,583 INFO Geocoded 0800161712 -> 44.4161414 12.2017617
2025-12-13 21:51:18,585 INFO Processing [262/294] 0800161623-bene componente
2025-12-13 21:51:18,586 INFO Skipping 0800161623-bene componente: no address
2025-12-13 21:51:18,591 INFO Processing [263/294] 0800308273-bene individuo
2025-12-13 21:51:18,593 INFO Geocoding [263/294] 0800308273-bene individuo — Ravenna, Via Santerno, 0
2025-12-13 21:51:18,595 INFO Trying Overpass for: street=Via Santerno housenumber=None city=Ravenna
2025-12-13 21:51:19,352 INFO Geocoded 0800308273-bene individuo -> 44.4654777 12.0885656
2025-12-13 21:51:19,354 INFO Processing [264/294] 0800161785
2025-12-13 21:51:19,355 INFO Geocoding [264/294] 0800161785 — Ravenna, via Petrosa, 0
2025-12-13 21:51:19,355 INFO Trying Overpass for: street=via Petrosa housenumber=None city=Ravenna
2025-12-13 21:51:20,186 INFO Nominatim query: {'street': 'via Petrosa', 'city': 'Ravenna', 'state': 'Emilia-Romagna', 'country': 'Italy'}
2025-12-13 21:51:21,782 INFO Nominatim query: {'q': 'via Petrosa, Ravenna, Emilia-Romagna, Italy'}
2025-12-13 21:51:23,288 INFO Nominatim query: {'q': 'Ravenna, Emilia-Romagna, Italy'}
2025-12-13 21:51:24,842 INFO Geocoded 0800161785 -> 44.4161414 12.2017617
2025-12-13 21:51:24,843 INFO Processing [265/294] 0800161697
2025-12-13 21:51:24,844 INFO Geocoding [265/294] 0800161697 — Ravenna, Via A. Mariani, 22
2025-12-13 21:51:24,844 INFO Trying Overpass for: street=Via A. Mariani housenumber=22 city=Ravenna
2025-12-13 21:51:25,661 INFO Nominatim query: {'street': 'Via A. Mariani', 'city': 'Ravenna', 'state': 'Emilia-Romagna', 'country': 'Italy'}
2025-12-13 21:51:27,231 INFO Nominatim query: {'q': 'Via A. Mariani, Ravenna, Emilia-Romagna, Italy'}
2025-12-13 21:51:28,865 INFO Nominatim query: {'q': 'Ravenna, Emilia-Romagna, Italy'}
2025-12-13 21:51:30,481 INFO Geocoded 0800161697 -> 44.4161414 12.2017617
2025-12-13 21:51:30,483 INFO Processing [266/294] 0800266246
2025-12-13 21:51:30,484 INFO Geocoding [266/294] 0800266246 — Ravenna, SAN PIETRO IN VINCOLI, via del Sale Vecchia, 18
2025-12-13 21:51:30,485 INFO Trying Overpass for: street=via del Sale Vecchia housenumber=18 city=Ravenna
2025-12-13 21:51:31,279 INFO Nominatim query: {'street': 'via del Sale Vecchia', 'city': 'Ravenna', 'state': 'Emilia-Romagna', 'country': 'Italy'}
2025-12-13 21:51:32,843 INFO Nominatim query: {'q': 'via del Sale Vecchia, Ravenna, Emilia-Romagna, Italy'}
2025-12-13 21:51:34,501 INFO Nominatim query: {'q': 'Ravenna, Emilia-Romagna, Italy'}
2025-12-13 21:51:36,111 INFO Geocoded 0800266246 -> 44.4161414 12.2017617
2025-12-13 21:51:36,115 INFO Processing [267/294] 0800161749
2025-12-13 21:51:36,116 INFO Geocoding [267/294] 0800161749 — Ravenna, Via Di Roma, 108
2025-12-13 21:51:36,118 INFO Trying Overpass for: street=Via Di Roma housenumber=108 city=Ravenna
2025-12-13 21:51:36,718 INFO Geocoded 0800161749 -> 44.4156956 12.2045014
2025-12-13 21:51:36,719 INFO Processing [268/294] 0800161693
2025-12-13 21:51:36,719 INFO Geocoding [268/294] 0800161693 — Ravenna, via Guerrini, 15
2025-12-13 21:51:36,720 INFO Trying Overpass for: street=via Guerrini housenumber=15 city=Ravenna
2025-12-13 21:51:37,447 INFO Nominatim query: {'street': 'via Guerrini', 'city': 'Ravenna', 'state': 'Emilia-Romagna', 'country': 'Italy'}
2025-12-13 21:51:38,903 INFO Geocoded 0800161693 -> 44.4157687 12.1987216
2025-12-13 21:51:38,907 INFO Processing [269/294] 0800161783
2025-12-13 21:51:38,908 INFO Geocoding [269/294] 0800161783 — Ravenna, S.S. Adriatica, 16
2025-12-13 21:51:38,909 INFO Geocoded 0800161783 -> 44.4161414 12.2017617
2025-12-13 21:51:38,915 INFO Processing [270/294] 0800161667
2025-12-13 21:51:38,917 INFO Geocoding [270/294] 0800161667 — Ravenna, Via M. Dente, 0
2025-12-13 21:51:38,919 INFO Geocoded 0800161667 -> 44.4161414 12.2017617
2025-12-13 21:51:38,925 INFO Processing [271/294] 0800161722
2025-12-13 21:51:38,926 INFO Geocoding [271/294] 0800161722 — Ravenna, Via Monti, 0
2025-12-13 21:51:38,927 INFO Geocoded 0800161722 -> 44.4504896 12.2147229
2025-12-13 21:51:38,937 INFO Processing [272/294] 0800161752
2025-12-13 21:51:38,939 INFO Geocoding [272/294] 0800161752 — Ravenna, Via Di Roma, 98
2025-12-13 21:51:38,941 INFO Trying Overpass for: street=Via Di Roma housenumber=98 city=Ravenna
2025-12-13 21:51:39,477 INFO Geocoded 0800161752 -> 44.415089 12.2048173
2025-12-13 21:51:39,480 INFO Processing [273/294] 0800319415
2025-12-13 21:51:39,481 INFO Geocoding [273/294] 0800319415 — Ravenna, via Dismano, 747
2025-12-13 21:51:39,482 INFO Trying Overpass for: street=via Dismano housenumber=747 city=Ravenna
2025-12-13 21:51:39,958 INFO Nominatim query: {'street': 'via Dismano', 'city': 'Ravenna', 'state': 'Emilia-Romagna', 'country': 'Italy'}
2025-12-13 21:51:41,496 INFO Geocoded 0800319415 -> 44.3416156 12.2128106
2025-12-13 21:51:41,500 INFO Processing [274/294] 0800161653
2025-12-13 21:51:41,502 INFO Geocoding [274/294] 0800161653 — Ravenna, via Paolo Costa, 2
2025-12-13 21:51:41,504 INFO Trying Overpass for: street=via Paolo Costa housenumber=2 city=Ravenna
2025-12-13 21:51:44,340 INFO Geocoded 0800161653 -> 44.4191432 12.200469
2025-12-13 21:51:44,342 INFO Processing [275/294] 0800266248
2025-12-13 21:51:44,343 INFO Geocoding [275/294] 0800266248 — Ravenna, via Villanova, 96
2025-12-13 21:51:44,343 INFO Trying Overpass for: street=via Villanova housenumber=96 city=Ravenna
2025-12-13 21:51:44,945 INFO Geocoded 0800266248 -> 44.3805146 12.1176101
2025-12-13 21:51:44,947 INFO Processing [276/294] 0800161791
2025-12-13 21:51:44,948 INFO Geocoding [276/294] 0800161791 — Ravenna, FILETTO, Via Roncalceci, 0
2025-12-13 21:51:44,949 INFO Trying Overpass for: street=Via Roncalceci housenumber=None city=Ravenna
2025-12-13 21:51:46,320 INFO Geocoded 0800161791 -> 44.3452707 12.1000114
2025-12-13 21:51:46,321 INFO Processing [277/294] 0800161671
2025-12-13 21:51:46,322 INFO Geocoding [277/294] 0800161671 — Ravenna, via Diaz, 15/ 13
2025-12-13 21:51:46,322 INFO Trying Overpass for: street=via Diaz housenumber=None city=Ravenna
2025-12-13 21:51:47,257 INFO Nominatim query: {'street': 'via Diaz', 'city': 'Ravenna', 'state': 'Emilia-Romagna', 'country': 'Italy'}
2025-12-13 21:51:48,775 INFO Geocoded 0800161671 -> 44.4181732 12.2019424
2025-12-13 21:51:48,777 INFO Processing [278/294] 0800161727
2025-12-13 21:51:48,778 INFO Geocoding [278/294] 0800161727 — Ravenna, via Ponte Marino, 7,9
2025-12-13 21:51:48,779 INFO Trying Overpass for: street=via Ponte Marino housenumber=7 city=Ravenna
2025-12-13 21:51:49,553 INFO Geocoded 0800161727 -> 44.4192708 12.1995285
2025-12-13 21:51:49,556 INFO Processing [279/294] 0800308258
2025-12-13 21:51:49,557 INFO Geocoding [279/294] 0800308258 — Ravenna, PIANGIPANE, Via Galassa, 10
2025-12-13 21:51:49,559 INFO Trying Overpass for: street=Via Galassa housenumber=10 city=Ravenna
2025-12-13 21:51:50,355 INFO Geocoded 0800308258 -> 44.4063703 12.089004
2025-12-13 21:51:50,357 INFO Processing [280/294] 0800309001-bene individuo
2025-12-13 21:51:50,358 INFO Skipping 0800309001-bene individuo: no address
2025-12-13 21:51:50,361 INFO Processing [281/294] 0800161621-bene componente
2025-12-13 21:51:50,362 INFO Skipping 0800161621-bene componente: no address
2025-12-13 21:51:50,368 INFO Processing [282/294] 0800308255
2025-12-13 21:51:50,369 INFO Geocoding [282/294] 0800308255 — Ravenna, Via Guaccimanni, 44
2025-12-13 21:51:50,370 INFO Geocoded 0800308255 -> 44.4157906 12.2031660
2025-12-13 21:51:50,374 INFO Processing [283/294] 0800308278
2025-12-13 21:51:50,374 INFO Geocoding [283/294] 0800308278 — Ravenna, MARINA ROMEA, Via Fossatone, 0, all'interno della pineta San Vitale, in prossimità della Cà Vecchia
2025-12-13 21:51:50,376 INFO Trying Overpass for: street=Via Fossatone housenumber=None city=Ravenna
2025-12-13 21:51:51,262 INFO Nominatim query: {'street': 'Via Fossatone', 'city': 'Ravenna', 'state': 'Emilia-Romagna', 'country': 'Italy'}
2025-12-13 21:51:52,721 INFO Geocoded 0800308278 -> 44.5083539 12.2270273
2025-12-13 21:51:52,722 INFO Processing [284/294] 0800161704
2025-12-13 21:51:52,722 INFO Geocoding [284/294] 0800161704 — Ravenna, via Salara, 40, 42
2025-12-13 21:51:52,723 INFO Trying Overpass for: street=via Salara housenumber=40 city=Ravenna
2025-12-13 21:51:53,524 INFO Geocoded 0800161704 -> 44.4205809 12.1989204
2025-12-13 21:51:53,526 INFO Processing [285/294] 0800161721
2025-12-13 21:51:53,526 INFO Geocoding [285/294] 0800161721 — Ravenna, Via Monti, 0
2025-12-13 21:51:53,526 INFO Geocoded 0800161721 -> 44.4504896 12.2147229
2025-12-13 21:51:53,530 INFO Processing [286/294] 0800266243
2025-12-13 21:51:53,531 INFO Geocoding [286/294] 0800266243 — Ravenna, SANTERNO, via Santerno, 284
2025-12-13 21:51:53,533 INFO Trying Overpass for: street=via Santerno housenumber=284 city=Ravenna
2025-12-13 21:51:54,140 INFO Nominatim query: {'street': 'via Santerno', 'city': 'Ravenna', 'state': 'Emilia-Romagna', 'country': 'Italy'}
2025-12-13 21:51:55,638 INFO Geocoded 0800266243 -> 44.4633892 12.0864934
2025-12-13 21:51:55,640 INFO Processing [287/294] 0800161789
2025-12-13 21:51:55,640 INFO Geocoding [287/294] 0800161789 — Ravenna, via Dismano, 749
2025-12-13 21:51:55,641 INFO Trying Overpass for: street=via Dismano housenumber=749 city=Ravenna
2025-12-13 21:51:56,455 INFO Nominatim query: {'street': 'via Dismano', 'city': 'Ravenna', 'state': 'Emilia-Romagna', 'country': 'Italy'}
2025-12-13 21:51:58,020 INFO Geocoded 0800161789 -> 44.3416156 12.2128106
2025-12-13 21:51:58,021 INFO Processing [288/294] 0800161801
2025-12-13 21:51:58,022 INFO Geocoding [288/294] 0800161801 — Ravenna, Via Stradone, 46
2025-12-13 21:51:58,022 INFO Trying Overpass for: street=Via Stradone housenumber=46 city=Ravenna
2025-12-13 21:51:58,910 INFO Geocoded 0800161801 -> 44.4026479 12.2454835
2025-12-13 21:51:58,912 INFO Processing [289/294] 0800266234
2025-12-13 21:51:58,914 INFO Geocoding [289/294] 0800266234 — Ravenna, piazza XX Settembre, 7
2025-12-13 21:51:58,916 INFO Trying Overpass for: street=piazza XX Settembre housenumber=7 city=Ravenna
2025-12-13 21:51:59,824 INFO Nominatim query: {'street': 'piazza XX Settembre', 'city': 'Ravenna', 'state': 'Emilia-Romagna', 'country': 'Italy'}
2025-12-13 21:52:01,436 INFO Geocoded 0800266234 -> 44.4176313 12.1986317
2025-12-13 21:52:01,437 INFO Processing [290/294] 0800161756-bene complesso
2025-12-13 21:52:01,438 INFO Skipping 0800161756-bene complesso: no address
2025-12-13 21:52:01,441 INFO Processing [291/294] 0800161790
2025-12-13 21:52:01,442 INFO Geocoding [291/294] 0800161790 — Ravenna, DURAZZANO, via Sisa, 17
2025-12-13 21:52:01,443 INFO Trying Overpass for: street=via Sisa housenumber=17 city=Ravenna
2025-12-13 21:52:02,413 INFO Nominatim query: {'street': 'via Sisa', 'city': 'Ravenna', 'state': 'Emilia-Romagna', 'country': 'Italy'}
2025-12-13 21:52:03,969 INFO Nominatim query: {'q': 'via Sisa, Ravenna, Emilia-Romagna, Italy'}
2025-12-13 21:52:05,578 INFO Nominatim query: {'q': 'Ravenna, Emilia-Romagna, Italy'}
2025-12-13 21:52:07,045 INFO Geocoded 0800161790 -> 44.4161414 12.2017617
2025-12-13 21:52:07,047 INFO Processing [292/294] 0800161636
2025-12-13 21:52:07,047 INFO Geocoding [292/294] 0800161636 — Ravenna
2025-12-13 21:52:07,047 INFO Geocoded 0800161636 -> 44.4161414 12.2017617
2025-12-13 21:52:07,049 INFO Processing [293/294] 0800161666
2025-12-13 21:52:07,049 INFO Geocoding [293/294] 0800161666 — Ravenna, Via M. D'Azeglio, 47
2025-12-13 21:52:07,049 INFO Trying Overpass for: street=Via M. D'Azeglio housenumber=47 city=Ravenna
2025-12-13 21:52:07,632 INFO Nominatim query: {'street': "Via M. D'Azeglio", 'city': 'Ravenna', 'state': 'Emilia-Romagna', 'country': 'Italy'}
2025-12-13 21:52:09,138 INFO Nominatim query: {'q': "Via M. D'Azeglio, Ravenna, Emilia-Romagna, Italy"}
2025-12-13 21:52:10,878 INFO Nominatim query: {'q': 'Ravenna, Emilia-Romagna, Italy'}
2025-12-13 21:52:12,486 INFO Geocoded 0800161666 -> 44.4161414 12.2017617
2025-12-13 21:52:12,489 INFO Processing [294/294] 0800161646
2025-12-13 21:52:12,490 INFO Geocoding [294/294] 0800161646 — Ravenna, via Cairoli, 27,25,23
2025-12-13 21:52:12,491 INFO Trying Overpass for: street=via Cairoli housenumber=27 city=Ravenna
2025-12-13 21:52:13,251 INFO Nominatim query: {'street': 'via Cairoli', 'city': 'Ravenna', 'state': 'Emilia-Romagna', 'country': 'Italy'}
2025-12-13 21:52:14,764 INFO Geocoded 0800161646 -> 44.4170790 12.1993977
2025-12-13 21:52:14,778 INFO DONE. Total=294 Processed=294 Updated=264
2025-12-13 22:56:24,659 INFO Processing [1/294] 0800161620-bene componente
2025-12-13 22:56:24,663 INFO Processing [2/294] 0800308997
2025-12-13 22:56:24,665 INFO maps.co geocoding: via Guerrini
2025-12-13 22:56:25,941 INFO Processing [3/294] 0800161656
2025-12-13 22:56:25,943 INFO Processing [4/294] 0800161745
2025-12-13 22:56:25,947 INFO Processing [5/294] 0800161718
2025-12-13 22:56:25,948 INFO maps.co geocoding: via G. Mazzini
2025-12-13 22:56:27,163 INFO Processing [6/294] 0800161753
2025-12-13 22:56:27,164 INFO Processing [7/294] 0800308260-bene complesso
2025-12-13 22:56:27,166 INFO Processing [8/294] 0800161652
2025-12-13 22:56:27,167 INFO maps.co geocoding: Via della Chiesa
2025-12-13 22:56:28,388 INFO Processing [9/294] 0800266225
2025-12-13 22:56:28,390 INFO Processing [10/294] 0800161812
2025-12-13 22:56:28,393 INFO Processing [11/294] 0800161757
2025-12-13 22:56:28,398 INFO Processing [12/294] 0800161768
2025-12-13 22:56:28,401 INFO Processing [13/294] 0800308997-bene individuo
2025-12-13 22:56:28,407 INFO Processing [14/294] 0800319221
2025-12-13 22:56:28,410 INFO Processing [15/294] 0800161735
2025-12-13 22:56:28,414 INFO Processing [16/294] 0800161629
2025-12-13 22:56:28,419 INFO Processing [17/294] 0800161647
2025-12-13 22:56:28,421 INFO Processing [18/294] 0800161750
2025-12-13 22:56:28,426 INFO Processing [19/294] 0800161793
2025-12-13 22:56:28,427 INFO Processing [20/294] 0800161622
2025-12-13 22:56:28,428 INFO Processing [21/294] 0800266218
2025-12-13 22:56:28,429 INFO Processing [22/294] 0800309000-bene individuo
2025-12-13 22:56:28,430 INFO Processing [23/294] 0800161774
2025-12-13 22:56:28,431 INFO Processing [24/294] 0800161628
2025-12-13 22:56:28,432 INFO Processing [25/294] 0800161660
2025-12-13 22:56:28,432 INFO Processing [26/294] 0800161764
2025-12-13 22:56:28,434 INFO Processing [27/294] 0800161769
2025-12-13 22:56:28,439 INFO Processing [28/294] 0800161649
2025-12-13 22:56:28,446 INFO Processing [29/294] 0800161682
2025-12-13 22:56:28,448 INFO Processing [30/294] 0800161625
2025-12-13 22:56:28,449 INFO Processing [31/294] 0800161780
2025-12-13 22:56:28,450 INFO Processing [32/294] 0800266223
2025-12-13 22:56:28,453 INFO Processing [33/294] 0800308266
2025-12-13 22:56:28,459 INFO Processing [34/294] 0800161709
2025-12-13 22:56:28,460 INFO Processing [35/294] 0800319248-bene individuo
2025-12-13 22:56:28,463 INFO Processing [36/294] 0800161639
2025-12-13 22:56:28,465 INFO Processing [37/294] 0800161767
2025-12-13 22:56:28,466 INFO Processing [38/294] 0800161786
2025-12-13 22:56:28,470 INFO Processing [39/294] 0800308999
2025-12-13 22:56:28,475 INFO Processing [40/294] 0800161766
2025-12-13 22:56:28,479 INFO Processing [41/294] 0800266222
2025-12-13 22:56:28,493 INFO Processing [42/294] 0800266240
2025-12-13 22:56:28,497 INFO Processing [43/294] 0800161644
2025-12-13 22:56:28,498 INFO Processing [44/294] 0800266233
2025-12-13 22:56:28,500 INFO Processing [45/294] 0800161763
2025-12-13 22:56:28,503 INFO Processing [46/294] 0800161784
2025-12-13 22:56:28,509 INFO Processing [47/294] 0800161672
2025-12-13 22:56:28,513 INFO Processing [48/294] 0800161794
2025-12-13 22:56:28,514 INFO Processing [49/294] 0800161770
2025-12-13 22:56:28,516 INFO Processing [50/294] 0800161713
2025-12-13 22:56:28,517 INFO Processing [51/294] 0800161676
2025-12-13 22:56:28,521 INFO Processing [52/294] 0800161708
2025-12-13 22:56:28,526 INFO Processing [53/294] 0800161619
2025-12-13 22:56:28,529 INFO Processing [54/294] 0800161687
2025-12-13 22:56:28,531 INFO Processing [55/294] 0800161705
2025-12-13 22:56:28,532 INFO Processing [56/294] 0800161737
2025-12-13 22:56:28,533 INFO Processing [57/294] 0800161748
2025-12-13 22:56:28,534 INFO maps.co geocoding: Italy, Emilia Romagna, RA, Ravenna
2025-12-13 22:56:29,750 INFO Processing [58/294] 0800206008-bene individuo
2025-12-13 22:56:29,751 INFO Processing [59/294] 0800161733
2025-12-13 22:56:29,753 INFO Processing [60/294] 0800161661
2025-12-13 22:56:29,755 INFO Processing [61/294] 0800308274-bene individuo
2025-12-13 22:56:29,758 INFO Processing [62/294] 0800161730
2025-12-13 22:56:29,761 INFO Processing [63/294] 0800161797
2025-12-13 22:56:29,763 INFO Processing [64/294] 0800308279
2025-12-13 22:56:29,768 INFO Processing [65/294] 0800266247
2025-12-13 22:56:29,772 INFO Processing [66/294] 0800161690
2025-12-13 22:56:29,777 INFO Processing [67/294] 0800161621
2025-12-13 22:56:29,779 INFO Processing [68/294] 0800161633
2025-12-13 22:56:29,781 INFO Processing [69/294] 0800308254-bene componente
2025-12-13 22:56:29,788 INFO Processing [70/294] 0800161679
2025-12-13 22:56:29,793 INFO Processing [71/294] 0800308281
2025-12-13 22:56:29,795 INFO Processing [72/294] 0800161799
2025-12-13 22:56:29,797 INFO Processing [73/294] 0800161683
2025-12-13 22:56:29,798 INFO Processing [74/294] 0800161702
2025-12-13 22:56:29,799 INFO Processing [75/294] 0800308267
2025-12-13 22:56:29,800 INFO Processing [76/294] 0800266232
2025-12-13 22:56:29,804 INFO Processing [77/294] 0800266229
2025-12-13 22:56:29,808 INFO Processing [78/294] 0800161658
2025-12-13 22:56:29,812 INFO Processing [79/294] 0800161688
2025-12-13 22:56:29,813 INFO Processing [80/294] 0800161699
2025-12-13 22:56:29,814 INFO Processing [81/294] 0800161714
2025-12-13 22:56:29,815 INFO Processing [82/294] 0800319221-bene componente
2025-12-13 22:56:29,816 INFO Processing [83/294] 0800266238
2025-12-13 22:56:29,817 INFO Processing [84/294] 0800161662
2025-12-13 22:56:29,820 INFO Processing [85/294] 0800206008
2025-12-13 22:56:29,824 INFO Processing [86/294] 0800161654
2025-12-13 22:56:29,828 INFO Processing [87/294] 0800161796
2025-12-13 22:56:29,829 INFO Processing [88/294] 0800161632
2025-12-13 22:56:29,830 INFO Processing [89/294] 0800161706
2025-12-13 22:56:29,832 INFO Processing [90/294] 0800161775
2025-12-13 22:56:29,833 INFO Processing [91/294] 0800266235
2025-12-13 22:56:29,837 INFO Processing [92/294] 0800161635
2025-12-13 22:56:29,842 INFO Processing [93/294] 0800161759
2025-12-13 22:56:29,845 INFO Processing [94/294] 0800161618
2025-12-13 22:56:29,847 INFO Processing [95/294] 0800308254
2025-12-13 22:56:29,848 INFO Processing [96/294] 0800161747
2025-12-13 22:56:29,849 INFO Processing [97/294] 0800161738
2025-12-13 22:56:29,850 INFO Processing [98/294] 0800161626
2025-12-13 22:56:29,853 INFO Processing [99/294] 0800266221
2025-12-13 22:56:29,855 INFO Processing [100/294] 0800161807
2025-12-13 22:56:29,860 INFO Processing [101/294] 0800161809
2025-12-13 22:56:29,862 INFO Processing [102/294] 0800161743
2025-12-13 22:56:29,864 INFO Processing [103/294] 0800161772
2025-12-13 22:56:29,865 INFO Processing [104/294] 0800309000
2025-12-13 22:56:29,866 INFO Processing [105/294] 0800161782
2025-12-13 22:56:29,867 INFO Processing [106/294] 0800266254
2025-12-13 22:56:29,870 INFO Processing [107/294] 0800161746
2025-12-13 22:56:29,876 INFO Processing [108/294] 0800161777
2025-12-13 22:56:29,880 INFO Processing [109/294] 0800161648
2025-12-13 22:56:29,882 INFO Processing [110/294] 0800308268
2025-12-13 22:56:29,883 INFO Processing [111/294] 0800161677
2025-12-13 22:56:29,890 INFO Processing [112/294] 0800161698
2025-12-13 22:56:29,895 INFO Processing [113/294] 0800161703
2025-12-13 22:56:29,897 INFO Processing [114/294] 0800161685
2025-12-13 22:56:29,898 INFO Processing [115/294] 0800161655
2025-12-13 22:56:29,899 INFO Processing [116/294] 0800266231
2025-12-13 22:56:29,900 INFO Processing [117/294] 0800161726
2025-12-13 22:56:29,905 INFO Processing [118/294] 0800161643
2025-12-13 22:56:29,911 INFO Processing [119/294] 0800161781
2025-12-13 22:56:29,913 INFO Processing [120/294] 0800308253
2025-12-13 22:56:29,913 INFO Processing [121/294] 0800308257-bene componente
2025-12-13 22:56:29,914 INFO Processing [122/294] 0800161804
2025-12-13 22:56:29,916 INFO Processing [123/294] 0800161795
2025-12-13 22:56:29,918 INFO Processing [124/294] 0800161631
2025-12-13 22:56:29,922 INFO Processing [125/294] 0800266237
2025-12-13 22:56:29,926 INFO Processing [126/294] 0800161664
2025-12-13 22:56:29,929 INFO Processing [127/294] 0800161772-bene componente
2025-12-13 22:56:29,931 INFO Processing [128/294] 0800161622-bene componente
2025-12-13 22:56:29,932 INFO Processing [129/294] 0800161805
2025-12-13 22:56:29,934 INFO Processing [130/294] 0800161689
2025-12-13 22:56:29,937 INFO Processing [131/294] 0800161755
2025-12-13 22:56:29,941 INFO Processing [132/294] 0800266224
2025-12-13 22:56:29,945 INFO Processing [133/294] 0800161779
2025-12-13 22:56:29,946 INFO Processing [134/294] 0800308248
2025-12-13 22:56:29,947 INFO Processing [135/294] 0800161650
2025-12-13 22:56:29,949 INFO Processing [136/294] 0800308272
2025-12-13 22:56:29,950 INFO Processing [137/294] 0800161813
2025-12-13 22:56:29,954 INFO Processing [138/294] 0800161732
2025-12-13 22:56:29,958 INFO Processing [139/294] 0800161657
2025-12-13 22:56:29,960 INFO Processing [140/294] 0800161744
2025-12-13 22:56:29,963 INFO Processing [141/294] 0800161624
2025-12-13 22:56:29,965 INFO Processing [142/294] 0800161754
2025-12-13 22:56:29,966 INFO Processing [143/294] 0800161634
2025-12-13 22:56:29,968 INFO Processing [144/294] 0800161725
2025-12-13 22:56:29,972 INFO Processing [145/294] 0800161776
2025-12-13 22:56:29,978 INFO Processing [146/294] 0800161751
2025-12-13 22:56:29,979 INFO Processing [147/294] 0800319232
2025-12-13 22:56:29,980 INFO Processing [148/294] 0800161723
2025-12-13 22:56:29,981 INFO Processing [149/294] 0800319246-bene individuo
2025-12-13 22:56:29,982 INFO Processing [150/294] 0800308256-bene componente
2025-12-13 22:56:29,983 INFO Processing [151/294] 0800161760
2025-12-13 22:56:29,986 INFO Processing [152/294] 0800161728
2025-12-13 22:56:29,990 INFO Processing [153/294] 0800161668
2025-12-13 22:56:29,996 INFO Processing [154/294] 0800161691
2025-12-13 22:56:29,997 INFO Processing [155/294] 0800161802
2025-12-13 22:56:29,999 INFO Processing [156/294] 0800161695
2025-12-13 22:56:30,000 INFO Processing [157/294] 0800308271
2025-12-13 22:56:30,003 INFO Processing [158/294] 0800161765
2025-12-13 22:56:30,008 INFO Processing [159/294] 0800161640
2025-12-13 22:56:30,011 INFO Processing [160/294] 0800161696
2025-12-13 22:56:30,014 INFO Processing [161/294] 0800161680
2025-12-13 22:56:30,015 INFO Processing [162/294] 0800161740
2025-12-13 22:56:30,017 INFO Processing [163/294] 0800161798
2025-12-13 22:56:30,021 INFO Processing [164/294] 0800161711
2025-12-13 22:56:30,026 INFO Processing [165/294] 0800161670
2025-12-13 22:56:30,030 INFO Processing [166/294] 0800161701
2025-12-13 22:56:30,031 INFO Processing [167/294] 0800161645
2025-12-13 22:56:30,033 INFO Processing [168/294] 0800161692
2025-12-13 22:56:30,035 INFO Processing [169/294] 0800319233
2025-12-13 22:56:30,042 INFO Processing [170/294] 0800161787
2025-12-13 22:56:30,045 INFO Processing [171/294] 0800161757-bene componente
2025-12-13 22:56:30,046 INFO Processing [172/294] 0800266242
2025-12-13 22:56:30,048 INFO Processing [173/294] 0800308275
2025-12-13 22:56:30,049 INFO Processing [174/294] 0800319247-bene individuo
2025-12-13 22:56:30,050 INFO Processing [175/294] 0800161761
2025-12-13 22:56:30,054 INFO Processing [176/294] 0800319300
2025-12-13 22:56:30,059 INFO Processing [177/294] 0800161637
2025-12-13 22:56:30,063 INFO Processing [178/294] 0800161669
2025-12-13 22:56:30,064 INFO Processing [179/294] 0800161642
2025-12-13 22:56:30,065 INFO Processing [180/294] 0800161758
2025-12-13 22:56:30,066 INFO Processing [181/294] 0800161726-bene complesso
2025-12-13 22:56:30,068 INFO Processing [182/294] 0800308262
2025-12-13 22:56:30,071 INFO Processing [183/294] 0800161684
2025-12-13 22:56:30,074 INFO Processing [184/294] 0800161736
2025-12-13 22:56:30,078 INFO Processing [185/294] 0800161742
2025-12-13 22:56:30,080 INFO Processing [186/294] 0800161719
2025-12-13 22:56:30,082 INFO Processing [187/294] 0800266230
2025-12-13 22:56:30,083 INFO Processing [188/294] 0800319236
2025-12-13 22:56:30,085 INFO Processing [189/294] 0800266245
2025-12-13 22:56:30,089 INFO Processing [190/294] 0800161624-bene complesso
2025-12-13 22:56:30,095 INFO Processing [191/294] 0800161620
2025-12-13 22:56:30,096 INFO Processing [192/294] 0800161619-bene complesso
2025-12-13 22:56:30,098 INFO Processing [193/294] 0800266239
2025-12-13 22:56:30,099 INFO Processing [194/294] 0800161803
2025-12-13 22:56:30,102 INFO Processing [195/294] 0800308264-bene individuo
2025-12-13 22:56:30,106 INFO Processing [196/294] 0800161716
2025-12-13 22:56:30,112 INFO Processing [197/294] 0800161638
2025-12-13 22:56:30,114 INFO Processing [198/294] 0800161663
2025-12-13 22:56:30,115 INFO Processing [199/294] 0800308270
2025-12-13 22:56:30,116 INFO Processing [200/294] 0800266226
2025-12-13 22:56:30,117 INFO Processing [201/294] 0800161792
2025-12-13 22:56:30,122 INFO Processing [202/294] 0800319300-bene componente
2025-12-13 22:56:30,126 INFO Processing [203/294] 0800308263
2025-12-13 22:56:30,129 INFO Processing [204/294] 0800161700
2025-12-13 22:56:30,131 INFO Processing [205/294] 0800266241
2025-12-13 22:56:30,132 INFO Processing [206/294] 0800266236
2025-12-13 22:56:30,134 INFO Processing [207/294] 0800161811
2025-12-13 22:56:30,137 INFO Processing [208/294] 0800266220
2025-12-13 22:56:30,142 INFO Processing [209/294] 0800161644-bene individuo
2025-12-13 22:56:30,146 INFO Processing [210/294] 0800161694
2025-12-13 22:56:30,147 INFO Processing [211/294] 0800161762
2025-12-13 22:56:30,148 INFO Processing [212/294] 0800161771
2025-12-13 22:56:30,150 INFO Processing [213/294] 0800308265-bene individuo
2025-12-13 22:56:30,151 INFO Processing [214/294] 0800161665
2025-12-13 22:56:30,155 INFO Processing [215/294] 0800161630
2025-12-13 22:56:30,160 INFO Processing [216/294] 0800161681
2025-12-13 22:56:30,163 INFO Processing [217/294] 0800319231
2025-12-13 22:56:30,165 INFO Processing [218/294] 0800161741
2025-12-13 22:56:30,166 INFO Processing [219/294] 0800161686
2025-12-13 22:56:30,168 INFO Processing [220/294] 0800308269
2025-12-13 22:56:30,171 INFO Processing [221/294] 0800161810
2025-12-13 22:56:30,176 INFO Processing [222/294] 0800308261
2025-12-13 22:56:30,179 INFO Processing [223/294] 0800266219
2025-12-13 22:56:30,180 INFO Processing [224/294] 0800266244
2025-12-13 22:56:30,181 INFO Processing [225/294] 0800161739
2025-12-13 22:56:30,182 INFO Processing [226/294] 0800161659
2025-12-13 22:56:30,183 INFO Processing [227/294] 0800161651
2025-12-13 22:56:30,187 INFO Processing [228/294] 0800161806
2025-12-13 22:56:30,193 INFO Processing [229/294] 0800161731
2025-12-13 22:56:30,196 INFO Processing [230/294] 0800161729
2025-12-13 22:56:30,198 INFO Processing [231/294] 0800319340-bene individuo
2025-12-13 22:56:30,199 INFO Processing [232/294] 0800161674
2025-12-13 22:56:30,201 INFO Processing [233/294] 0800161778
2025-12-13 22:56:30,206 INFO Processing [234/294] 0800161710
2025-12-13 22:56:30,212 INFO Processing [235/294] 0800161715
2025-12-13 22:56:30,214 INFO Processing [236/294] 0800308253-bene componente
2025-12-13 22:56:30,215 INFO Processing [237/294] 0800161641
2025-12-13 22:56:30,217 INFO Processing [238/294] 0800161707
2025-12-13 22:56:30,220 INFO Processing [239/294] 0800319234
2025-12-13 22:56:30,222 INFO Processing [240/294] 0800161717
2025-12-13 22:56:30,227 INFO Processing [241/294] 0800266228
2025-12-13 22:56:30,230 INFO Processing [242/294] 0800308999-bene individuo
2025-12-13 22:56:30,231 INFO Processing [243/294] 0800161771-bene componente
2025-12-13 22:56:30,232 INFO Processing [244/294] 0800161678
2025-12-13 22:56:30,234 INFO Processing [245/294] 0800161724
2025-12-13 22:56:30,239 INFO Processing [246/294] 0800266227
2025-12-13 22:56:30,245 INFO Processing [247/294] 0800319235
2025-12-13 22:56:30,246 INFO Processing [248/294] 0800161788
2025-12-13 22:56:30,248 INFO Processing [249/294] 0800161734
2025-12-13 22:56:30,248 INFO maps.co geocoding: via Rocca di Brancaleone
2025-12-13 22:56:31,435 INFO Processing [250/294] 0800161623
2025-12-13 22:56:31,437 INFO Processing [251/294] 0800308276
2025-12-13 22:56:31,441 INFO Processing [252/294] 0800309001
2025-12-13 22:56:31,445 INFO Processing [253/294] 0800161800
2025-12-13 22:56:31,446 INFO maps.co geocoding: strada comunale Carrarone Chiesa
2025-12-13 22:56:32,541 INFO Processing [254/294] 0800161808
2025-12-13 22:56:32,541 INFO maps.co geocoding: via Ramona
2025-12-13 22:56:33,683 INFO Processing [255/294] 0800161627
2025-12-13 22:56:33,685 INFO Processing [256/294] 0800308277-bene componente
2025-12-13 22:56:33,687 INFO Processing [257/294] 0800161673
2025-12-13 22:56:33,689 INFO Processing [258/294] 0800161756
2025-12-13 22:56:33,695 INFO Processing [259/294] 0800161720
2025-12-13 22:56:33,697 INFO Processing [260/294] 0800161675
2025-12-13 22:56:33,702 INFO Processing [261/294] 0800161712
2025-12-13 22:56:33,706 INFO Processing [262/294] 0800161623-bene componente
2025-12-13 22:56:33,708 INFO Processing [263/294] 0800308273-bene individuo
2025-12-13 22:56:33,710 INFO Processing [264/294] 0800161785
2025-12-13 22:56:33,713 INFO Processing [265/294] 0800161697
2025-12-13 22:56:33,715 INFO Processing [266/294] 0800266246
2025-12-13 22:56:33,716 INFO Processing [267/294] 0800161749
2025-12-13 22:56:33,723 INFO Processing [268/294] 0800161693
2025-12-13 22:56:33,724 INFO Processing [269/294] 0800161783
2025-12-13 22:56:33,732 INFO Processing [270/294] 0800161667
2025-12-13 22:56:33,735 INFO Processing [271/294] 0800161722
2025-12-13 22:56:33,737 INFO Processing [272/294] 0800161752
2025-12-13 22:56:33,739 INFO Processing [273/294] 0800319415
2025-12-13 22:56:33,743 INFO Processing [274/294] 0800161653
2025-12-13 22:56:33,745 INFO Processing [275/294] 0800266248
2025-12-13 22:56:33,746 INFO Processing [276/294] 0800161791
2025-12-13 22:56:33,747 INFO Processing [277/294] 0800161671
2025-12-13 22:56:33,748 INFO Processing [278/294] 0800161727
2025-12-13 22:56:33,749 INFO Processing [279/294] 0800308258
2025-12-13 22:56:33,750 INFO Processing [280/294] 0800309001-bene individuo
2025-12-13 22:56:33,754 INFO Processing [281/294] 0800161621-bene componente
2025-12-13 22:56:33,760 INFO Processing [282/294] 0800308255
2025-12-13 22:56:33,762 INFO Processing [283/294] 0800308278
2025-12-13 22:56:33,763 INFO Processing [284/294] 0800161704
2025-12-13 22:56:33,764 INFO Processing [285/294] 0800161721
2025-12-13 22:56:33,765 INFO Processing [286/294] 0800266243
2025-12-13 22:56:33,766 INFO Processing [287/294] 0800161789
2025-12-13 22:56:33,771 INFO Processing [288/294] 0800161801
2025-12-13 22:56:33,776 INFO Processing [289/294] 0800266234
2025-12-13 22:56:33,779 INFO Processing [290/294] 0800161756-bene complesso
2025-12-13 22:56:33,780 INFO Processing [291/294] 0800161790
2025-12-13 22:56:33,781 INFO Processing [292/294] 0800161636
2025-12-13 22:56:33,782 INFO Processing [293/294] 0800161666
2025-12-13 22:56:33,784 INFO Processing [294/294] 0800161646
2025-12-13 22:56:33,794 INFO DONE. Total=294 Updated=8
2025-12-13 23:00:54,274 INFO Processing [1/294] 0800161620-bene componente
2025-12-13 23:00:54,277 INFO Processing [2/294] 0800308997
2025-12-13 23:00:54,280 INFO Processing [3/294] 0800161656
2025-12-13 23:00:54,288 INFO Processing [4/294] 0800161745
2025-12-13 23:00:54,294 INFO Processing [5/294] 0800161718
2025-12-13 23:00:54,295 INFO Processing [6/294] 0800161753
2025-12-13 23:00:54,299 INFO Processing [7/294] 0800308260-bene complesso
2025-12-13 23:00:54,305 INFO Processing [8/294] 0800161652
2025-12-13 23:00:54,308 INFO Processing [9/294] 0800266225
2025-12-13 23:00:54,312 INFO Processing [10/294] 0800161812
2025-12-13 23:00:54,314 INFO Processing [11/294] 0800161757
2025-12-13 23:00:54,316 INFO Processing [12/294] 0800161768
2025-12-13 23:00:54,319 INFO Processing [13/294] 0800308997-bene individuo
2025-12-13 23:00:54,322 INFO Processing [14/294] 0800319221
2025-12-13 23:00:54,328 INFO Processing [15/294] 0800161735
2025-12-13 23:00:54,330 INFO Processing [16/294] 0800161629
2025-12-13 23:00:54,331 INFO Processing [17/294] 0800161647
2025-12-13 23:00:54,332 INFO Processing [18/294] 0800161750
2025-12-13 23:00:54,335 INFO Processing [19/294] 0800161793
2025-12-13 23:00:54,338 INFO Processing [20/294] 0800161622
2025-12-13 23:00:54,343 INFO Processing [21/294] 0800266218
2025-12-13 23:00:54,345 INFO Processing [22/294] 0800309000-bene individuo
2025-12-13 23:00:54,346 INFO Processing [23/294] 0800161774
2025-12-13 23:00:54,347 INFO Processing [24/294] 0800161628
2025-12-13 23:00:54,348 INFO Processing [25/294] 0800161660
2025-12-13 23:00:54,349 INFO Processing [26/294] 0800161764
2025-12-13 23:00:54,357 INFO Processing [27/294] 0800161769
2025-12-13 23:00:54,362 INFO Processing [28/294] 0800161649
2025-12-13 23:00:54,363 INFO Processing [29/294] 0800161682
2025-12-13 23:00:54,365 INFO Processing [30/294] 0800161625
2025-12-13 23:00:54,367 INFO Processing [31/294] 0800161780
2025-12-13 23:00:54,369 INFO Processing [32/294] 0800266223
2025-12-13 23:00:54,374 INFO Processing [33/294] 0800308266
2025-12-13 23:00:54,377 INFO Processing [34/294] 0800161709
2025-12-13 23:00:54,379 INFO Processing [35/294] 0800319248-bene individuo
2025-12-13 23:00:54,380 INFO Processing [36/294] 0800161639
2025-12-13 23:00:54,382 INFO Processing [37/294] 0800161767
2025-12-13 23:00:54,383 INFO Processing [38/294] 0800161786
2025-12-13 23:00:54,386 INFO Processing [39/294] 0800308999
2025-12-13 23:00:54,390 INFO Processing [40/294] 0800161766
2025-12-13 23:00:54,394 INFO Processing [41/294] 0800266222
2025-12-13 23:00:54,396 INFO Processing [42/294] 0800266240
2025-12-13 23:00:54,397 INFO Processing [43/294] 0800161644
2025-12-13 23:00:54,398 INFO Processing [44/294] 0800266233
2025-12-13 23:00:54,399 INFO Processing [45/294] 0800161763
2025-12-13 23:00:54,403 INFO Processing [46/294] 0800161784
2025-12-13 23:00:54,405 INFO Processing [47/294] 0800161672
2025-12-13 23:00:54,410 INFO Processing [48/294] 0800161794
2025-12-13 23:00:54,411 INFO Processing [49/294] 0800161770
2025-12-13 23:00:54,412 INFO Processing [50/294] 0800161713
2025-12-13 23:00:54,413 INFO Processing [51/294] 0800161676
2025-12-13 23:00:54,414 INFO Processing [52/294] 0800161708
2025-12-13 23:00:54,415 INFO Processing [53/294] 0800161619
2025-12-13 23:00:54,418 INFO Processing [54/294] 0800161687
2025-12-13 23:00:54,421 INFO Processing [55/294] 0800161705
2025-12-13 23:00:54,424 INFO Processing [56/294] 0800161737
2025-12-13 23:00:54,427 INFO Processing [57/294] 0800161748
2025-12-13 23:00:54,428 INFO Processing [58/294] 0800206008-bene individuo
2025-12-13 23:00:54,430 INFO Processing [59/294] 0800161733
2025-12-13 23:00:54,431 INFO Processing [60/294] 0800161661
2025-12-13 23:00:54,432 INFO Processing [61/294] 0800308274-bene individuo
2025-12-13 23:00:54,433 INFO Processing [62/294] 0800161730
2025-12-13 23:00:54,438 INFO Processing [63/294] 0800161797
2025-12-13 23:00:54,444 INFO Processing [64/294] 0800308279
2025-12-13 23:00:54,446 INFO Processing [65/294] 0800266247
2025-12-13 23:00:54,448 INFO Processing [66/294] 0800161690
2025-12-13 23:00:54,450 INFO Processing [67/294] 0800161621
2025-12-13 23:00:54,455 INFO Processing [68/294] 0800161633
2025-12-13 23:00:54,460 INFO Processing [69/294] 0800308254-bene componente
2025-12-13 23:00:54,461 INFO Processing [70/294] 0800161679
2025-12-13 23:00:54,463 INFO Processing [71/294] 0800308281
2025-12-13 23:00:54,464 INFO Processing [72/294] 0800161799
2025-12-13 23:00:54,466 INFO Processing [73/294] 0800161683
2025-12-13 23:00:54,470 INFO Processing [74/294] 0800161702
2025-12-13 23:00:54,476 INFO Processing [75/294] 0800308267
2025-12-13 23:00:54,477 INFO Processing [76/294] 0800266232
2025-12-13 23:00:54,478 INFO Processing [77/294] 0800266229
2025-12-13 23:00:54,480 INFO Processing [78/294] 0800161658
2025-12-13 23:00:54,480 INFO Processing [79/294] 0800161688
2025-12-13 23:00:54,481 INFO Processing [80/294] 0800161699
2025-12-13 23:00:54,483 INFO Processing [81/294] 0800161714
2025-12-13 23:00:54,491 INFO Processing [82/294] 0800319221-bene componente
2025-12-13 23:00:54,495 INFO Processing [83/294] 0800266238
2025-12-13 23:00:54,496 INFO Processing [84/294] 0800161662
2025-12-13 23:00:54,498 INFO Processing [85/294] 0800206008
2025-12-13 23:00:54,499 INFO Processing [86/294] 0800161654
2025-12-13 23:00:54,505 INFO Processing [87/294] 0800161796
2025-12-13 23:00:54,509 INFO Processing [88/294] 0800161632
2025-12-13 23:00:54,513 INFO Processing [89/294] 0800161706
2025-12-13 23:00:54,514 INFO Processing [90/294] 0800161775
2025-12-13 23:00:54,516 INFO Processing [91/294] 0800266235
2025-12-13 23:00:54,523 INFO Processing [92/294] 0800161635
2025-12-13 23:00:54,526 INFO Processing [93/294] 0800161759
2025-12-13 23:00:54,528 INFO Processing [94/294] 0800161618
2025-12-13 23:00:54,529 INFO Processing [95/294] 0800308254
2025-12-13 23:00:54,530 INFO Processing [96/294] 0800161747
2025-12-13 23:00:54,531 INFO Processing [97/294] 0800161738
2025-12-13 23:00:54,533 INFO Processing [98/294] 0800161626
2025-12-13 23:00:54,536 INFO Processing [99/294] 0800266221
2025-12-13 23:00:54,542 INFO Processing [100/294] 0800161807
2025-12-13 23:00:54,545 INFO Processing [101/294] 0800161809
2025-12-13 23:00:54,546 INFO Processing [102/294] 0800161743
2025-12-13 23:00:54,547 INFO Processing [103/294] 0800161772
2025-12-13 23:00:54,548 INFO Processing [104/294] 0800309000
2025-12-13 23:00:54,550 INFO Processing [105/294] 0800161782
2025-12-13 23:00:54,553 INFO Processing [106/294] 0800266254
2025-12-13 23:00:54,557 INFO Processing [107/294] 0800161746
2025-12-13 23:00:54,560 INFO Processing [108/294] 0800161777
2025-12-13 23:00:54,561 INFO Processing [109/294] 0800161648
2025-12-13 23:00:54,562 INFO Processing [110/294] 0800308268
2025-12-13 23:00:54,563 INFO Processing [111/294] 0800161677
2025-12-13 23:00:54,564 INFO Processing [112/294] 0800161698
2025-12-13 23:00:54,566 INFO Processing [113/294] 0800161703
2025-12-13 23:00:54,569 INFO Processing [114/294] 0800161685
2025-12-13 23:00:54,571 INFO Processing [115/294] 0800161655
2025-12-13 23:00:54,576 INFO Processing [116/294] 0800266231
2025-12-13 23:00:54,578 INFO Processing [117/294] 0800161726
2025-12-13 23:00:54,578 INFO Processing [118/294] 0800161643
2025-12-13 23:00:54,579 INFO Processing [119/294] 0800161781
2025-12-13 23:00:54,580 INFO Processing [120/294] 0800308253
2025-12-13 23:00:54,581 INFO Processing [121/294] 0800308257-bene componente
2025-12-13 23:00:54,583 INFO Processing [122/294] 0800161804
2025-12-13 23:00:54,587 INFO Processing [123/294] 0800161795
2025-12-13 23:00:54,591 INFO Processing [124/294] 0800161631
2025-12-13 23:00:54,594 INFO Processing [125/294] 0800266237
2025-12-13 23:00:54,595 INFO Processing [126/294] 0800161664
2025-12-13 23:00:54,596 INFO Processing [127/294] 0800161772-bene componente
2025-12-13 23:00:54,597 INFO Processing [128/294] 0800161622-bene componente
2025-12-13 23:00:54,599 INFO Processing [129/294] 0800161805
2025-12-13 23:00:54,601 INFO Processing [130/294] 0800161689
2025-12-13 23:00:54,604 INFO Processing [131/294] 0800161755
2025-12-13 23:00:54,610 INFO Processing [132/294] 0800266224
2025-12-13 23:00:54,612 INFO Processing [133/294] 0800161779
2025-12-13 23:00:54,613 INFO Processing [134/294] 0800308248
2025-12-13 23:00:54,614 INFO Processing [135/294] 0800161650
2025-12-13 23:00:54,615 INFO Processing [136/294] 0800308272
2025-12-13 23:00:54,617 INFO Processing [137/294] 0800161813
2025-12-13 23:00:54,620 INFO Processing [138/294] 0800161732
2025-12-13 23:00:54,625 INFO Processing [139/294] 0800161657
2025-12-13 23:00:54,628 INFO Processing [140/294] 0800161744
2025-12-13 23:00:54,629 INFO Processing [141/294] 0800161624
2025-12-13 23:00:54,631 INFO Processing [142/294] 0800161754
2025-12-13 23:00:54,632 INFO Processing [143/294] 0800161634
2025-12-13 23:00:54,633 INFO Processing [144/294] 0800161725
2025-12-13 23:00:54,636 INFO Processing [145/294] 0800161776
2025-12-13 23:00:54,642 INFO Processing [146/294] 0800161751
2025-12-13 23:00:54,644 INFO Processing [147/294] 0800319232
2025-12-13 23:00:54,645 INFO Processing [148/294] 0800161723
2025-12-13 23:00:54,646 INFO Processing [149/294] 0800319246-bene individuo
2025-12-13 23:00:54,647 INFO Processing [150/294] 0800308256-bene componente
2025-12-13 23:00:54,648 INFO Processing [151/294] 0800161760
2025-12-13 23:00:54,652 INFO Processing [152/294] 0800161728
2025-12-13 23:00:54,656 INFO Processing [153/294] 0800161668
2025-12-13 23:00:54,660 INFO Processing [154/294] 0800161691
2025-12-13 23:00:54,661 INFO Processing [155/294] 0800161802
2025-12-13 23:00:54,662 INFO Processing [156/294] 0800161695
2025-12-13 23:00:54,663 INFO Processing [157/294] 0800308271
2025-12-13 23:00:54,664 INFO Processing [158/294] 0800161765
2025-12-13 23:00:54,666 INFO Processing [159/294] 0800161640
2025-12-13 23:00:54,668 INFO Processing [160/294] 0800161696
2025-12-13 23:00:54,671 INFO Processing [161/294] 0800161680
2025-12-13 23:00:54,674 INFO Processing [162/294] 0800161740
2025-12-13 23:00:54,677 INFO Processing [163/294] 0800161798
2025-12-13 23:00:54,678 INFO Processing [164/294] 0800161711
2025-12-13 23:00:54,679 INFO Processing [165/294] 0800161670
2025-12-13 23:00:54,680 INFO Processing [166/294] 0800161701
2025-12-13 23:00:54,682 INFO Processing [167/294] 0800161645
2025-12-13 23:00:54,684 INFO Processing [168/294] 0800161692
2025-12-13 23:00:54,687 INFO Processing [169/294] 0800319233
2025-12-13 23:00:54,690 INFO Processing [170/294] 0800161787
2025-12-13 23:00:54,694 INFO Processing [171/294] 0800161757-bene componente
2025-12-13 23:00:54,695 INFO Processing [172/294] 0800266242
2025-12-13 23:00:54,696 INFO Processing [173/294] 0800308275
2025-12-13 23:00:54,697 INFO Processing [174/294] 0800319247-bene individuo
2025-12-13 23:00:54,698 INFO Processing [175/294] 0800161761
2025-12-13 23:00:54,700 INFO Processing [176/294] 0800319300
2025-12-13 23:00:54,702 INFO Processing [177/294] 0800161637
2025-12-13 23:00:54,705 INFO Processing [178/294] 0800161669
2025-12-13 23:00:54,708 INFO Processing [179/294] 0800161642
2025-12-13 23:00:54,711 INFO Processing [180/294] 0800161758
2025-12-13 23:00:54,712 INFO Processing [181/294] 0800161726-bene complesso
2025-12-13 23:00:54,713 INFO Processing [182/294] 0800308262
2025-12-13 23:00:54,714 INFO Processing [183/294] 0800161684
2025-12-13 23:00:54,715 INFO Processing [184/294] 0800161736
2025-12-13 23:00:54,716 INFO Processing [185/294] 0800161742
2025-12-13 23:00:54,720 INFO Processing [186/294] 0800161719
2025-12-13 23:00:54,722 INFO Processing [187/294] 0800266230
2025-12-13 23:00:54,726 INFO Processing [188/294] 0800319236
2025-12-13 23:00:54,728 INFO Processing [189/294] 0800266245
2025-12-13 23:00:54,729 INFO Processing [190/294] 0800161624-bene complesso
2025-12-13 23:00:54,730 INFO Processing [191/294] 0800161620
2025-12-13 23:00:54,732 INFO Processing [192/294] 0800161619-bene complesso
2025-12-13 23:00:54,733 INFO Processing [193/294] 0800266239
2025-12-13 23:00:54,737 INFO Processing [194/294] 0800161803
2025-12-13 23:00:54,742 INFO Processing [195/294] 0800308264-bene individuo
2025-12-13 23:00:54,744 INFO Processing [196/294] 0800161716
2025-12-13 23:00:54,746 INFO Processing [197/294] 0800161638
2025-12-13 23:00:54,747 INFO Processing [198/294] 0800161663
2025-12-13 23:00:54,748 INFO Processing [199/294] 0800308270
2025-12-13 23:00:54,750 INFO Processing [200/294] 0800266226
2025-12-13 23:00:54,752 INFO Processing [201/294] 0800161792
2025-12-13 23:00:54,755 INFO Processing [202/294] 0800319300-bene componente
2025-12-13 23:00:54,761 INFO Processing [203/294] 0800308263
2025-12-13 23:00:54,762 INFO Processing [204/294] 0800161700
2025-12-13 23:00:54,763 INFO Processing [205/294] 0800266241
2025-12-13 23:00:54,764 INFO Processing [206/294] 0800266236
2025-12-13 23:00:54,765 INFO Processing [207/294] 0800161811
2025-12-13 23:00:54,766 INFO Processing [208/294] 0800266220
2025-12-13 23:00:54,769 INFO Processing [209/294] 0800161644-bene individuo
2025-12-13 23:00:54,772 INFO Processing [210/294] 0800161694
2025-12-13 23:00:54,777 INFO Processing [211/294] 0800161762
2025-12-13 23:00:54,779 INFO Processing [212/294] 0800161771
2025-12-13 23:00:54,780 INFO Processing [213/294] 0800308265-bene individuo
2025-12-13 23:00:54,781 INFO Processing [214/294] 0800161665
2025-12-13 23:00:54,784 INFO Processing [215/294] 0800161630
2025-12-13 23:00:54,788 INFO Processing [216/294] 0800161681
2025-12-13 23:00:54,793 INFO Processing [217/294] 0800319231
2025-12-13 23:00:54,795 INFO Processing [218/294] 0800161741
2025-12-13 23:00:54,797 INFO Processing [219/294] 0800161686
2025-12-13 23:00:54,798 INFO Processing [220/294] 0800308269
2025-12-13 23:00:54,801 INFO Processing [221/294] 0800161810
2025-12-13 23:00:54,804 INFO Processing [222/294] 0800308261
2025-12-13 23:00:54,810 INFO Processing [223/294] 0800266219
2025-12-13 23:00:54,811 INFO Processing [224/294] 0800266244
2025-12-13 23:00:54,812 INFO Processing [225/294] 0800161739
2025-12-13 23:00:54,814 INFO Processing [226/294] 0800161659
2025-12-13 23:00:54,815 INFO Processing [227/294] 0800161651
2025-12-13 23:00:54,817 INFO Processing [228/294] 0800161806
2025-12-13 23:00:54,819 INFO Processing [229/294] 0800161731
2025-12-13 23:00:54,824 INFO Processing [230/294] 0800161729
2025-12-13 23:00:54,827 INFO Processing [231/294] 0800319340-bene individuo
2025-12-13 23:00:54,828 INFO Processing [232/294] 0800161674
2025-12-13 23:00:54,829 INFO Processing [233/294] 0800161778
2025-12-13 23:00:54,831 INFO Processing [234/294] 0800161710
2025-12-13 23:00:54,831 INFO Processing [235/294] 0800161715
2025-12-13 23:00:54,833 INFO Processing [236/294] 0800308253-bene componente
2025-12-13 23:00:54,837 INFO Processing [237/294] 0800161641
2025-12-13 23:00:54,843 INFO Processing [238/294] 0800161707
2025-12-13 23:00:54,845 INFO Processing [239/294] 0800319234
2025-12-13 23:00:54,846 INFO Processing [240/294] 0800161717
2025-12-13 23:00:54,847 INFO Processing [241/294] 0800266228
2025-12-13 23:00:54,849 INFO Processing [242/294] 0800308999-bene individuo
2025-12-13 23:00:54,852 INFO Processing [243/294] 0800161771-bene componente
2025-12-13 23:00:54,855 INFO Processing [244/294] 0800161678
2025-12-13 23:00:54,860 INFO Processing [245/294] 0800161724
2025-12-13 23:00:54,861 INFO Processing [246/294] 0800266227
2025-12-13 23:00:54,862 INFO Processing [247/294] 0800319235
2025-12-13 23:00:54,864 INFO Processing [248/294] 0800161788
2025-12-13 23:00:54,865 INFO Processing [249/294] 0800161734
2025-12-13 23:00:54,870 INFO Processing [250/294] 0800161623
2025-12-13 23:00:54,874 INFO Processing [251/294] 0800308276
2025-12-13 23:00:54,877 INFO Processing [252/294] 0800309001
2025-12-13 23:00:54,879 INFO Processing [253/294] 0800161800
2025-12-13 23:00:54,880 INFO maps.co geocoding: strada comunale Carrarone Chiesa
2025-12-13 23:00:55,992 INFO Processing [254/294] 0800161808
2025-12-13 23:00:55,994 INFO Processing [255/294] 0800161627
2025-12-13 23:00:55,996 INFO Processing [256/294] 0800308277-bene componente
2025-12-13 23:00:55,998 INFO Processing [257/294] 0800161673
2025-12-13 23:00:56,007 INFO Processing [258/294] 0800161756
2025-12-13 23:00:56,012 INFO Processing [259/294] 0800161720
2025-12-13 23:00:56,014 INFO Processing [260/294] 0800161675
2025-12-13 23:00:56,023 INFO Processing [261/294] 0800161712
2025-12-13 23:00:56,027 INFO Processing [262/294] 0800161623-bene componente
2025-12-13 23:00:56,029 INFO Processing [263/294] 0800308273-bene individuo
2025-12-13 23:00:56,035 INFO Processing [264/294] 0800161785
2025-12-13 23:00:56,040 INFO Processing [265/294] 0800161697
2025-12-13 23:00:56,045 INFO Processing [266/294] 0800266246
2025-12-13 23:00:56,046 INFO Processing [267/294] 0800161749
2025-12-13 23:00:56,047 INFO Processing [268/294] 0800161693
2025-12-13 23:00:56,048 INFO Processing [269/294] 0800161783
2025-12-13 23:00:56,052 INFO Processing [270/294] 0800161667
2025-12-13 23:00:56,057 INFO Processing [271/294] 0800161722
2025-12-13 23:00:56,062 INFO Processing [272/294] 0800161752
2025-12-13 23:00:56,063 INFO Processing [273/294] 0800319415
2025-12-13 23:00:56,064 INFO Processing [274/294] 0800161653
2025-12-13 23:00:56,066 INFO Processing [275/294] 0800266248
2025-12-13 23:00:56,068 INFO Processing [276/294] 0800161791
2025-12-13 23:00:56,070 INFO Processing [277/294] 0800161671
2025-12-13 23:00:56,079 INFO Processing [278/294] 0800161727
2025-12-13 23:00:56,081 INFO Processing [279/294] 0800308258
2025-12-13 23:00:56,082 INFO Processing [280/294] 0800309001-bene individuo
2025-12-13 23:00:56,085 INFO Processing [281/294] 0800161621-bene componente
2025-12-13 23:00:56,087 INFO Processing [282/294] 0800308255
2025-12-13 23:00:56,092 INFO Processing [283/294] 0800308278
2025-12-13 23:00:56,094 INFO Processing [284/294] 0800161704
2025-12-13 23:00:56,095 INFO Processing [285/294] 0800161721
2025-12-13 23:00:56,096 INFO Processing [286/294] 0800266243
2025-12-13 23:00:56,097 INFO Processing [287/294] 0800161789
2025-12-13 23:00:56,098 INFO Processing [288/294] 0800161801
2025-12-13 23:00:56,102 INFO Processing [289/294] 0800266234
2025-12-13 23:00:56,105 INFO Processing [290/294] 0800161756-bene complesso
2025-12-13 23:00:56,110 INFO Processing [291/294] 0800161790
2025-12-13 23:00:56,111 INFO Processing [292/294] 0800161636
2025-12-13 23:00:56,112 INFO Processing [293/294] 0800161666
2025-12-13 23:00:56,113 INFO Processing [294/294] 0800161646
2025-12-13 23:00:56,114 INFO DONE. Total=294 Updated=0
2025-12-13 23:12:51,412 INFO Processing [1/294] 0800161620-bene componente
2025-12-13 23:12:51,415 INFO Processing [2/294] 0800308997
2025-12-13 23:12:51,420 INFO Processing [3/294] 0800161656
2025-12-13 23:12:51,427 INFO Processing [4/294] 0800161745
2025-12-13 23:12:51,433 INFO Processing [5/294] 0800161718
2025-12-13 23:12:51,444 INFO Processing [6/294] 0800161753
2025-12-13 23:12:51,448 INFO Processing [7/294] 0800308260-bene complesso
2025-12-13 23:12:51,450 INFO Processing [8/294] 0800161652
2025-12-13 23:12:51,454 INFO Processing [9/294] 0800266225
2025-12-13 23:12:51,459 INFO Processing [10/294] 0800161812
2025-12-13 23:12:51,463 INFO Processing [11/294] 0800161757
2025-12-13 23:12:51,468 INFO Processing [12/294] 0800161768
2025-12-13 23:12:51,471 INFO Processing [13/294] 0800308997-bene individuo
2025-12-13 23:12:51,481 INFO Processing [14/294] 0800319221
2025-12-13 23:12:51,485 INFO Processing [15/294] 0800161735
2025-12-13 23:12:51,497 INFO Processing [16/294] 0800161629
2025-12-13 23:12:51,500 INFO Processing [17/294] 0800161647
2025-12-13 23:12:51,502 INFO Processing [18/294] 0800161750
2025-12-13 23:12:51,504 INFO Processing [19/294] 0800161793
2025-12-13 23:12:51,513 INFO Processing [20/294] 0800161622
2025-12-13 23:12:51,516 INFO Processing [21/294] 0800266218
2025-12-13 23:12:51,519 INFO Processing [22/294] 0800309000-bene individuo
2025-12-13 23:12:51,525 INFO Processing [23/294] 0800161774
2025-12-13 23:12:51,530 INFO Processing [24/294] 0800161628
2025-12-13 23:12:51,534 INFO Processing [25/294] 0800161660
2025-12-13 23:12:51,536 INFO Processing [26/294] 0800161764
2025-12-13 23:12:51,543 INFO Processing [27/294] 0800161769
2025-12-13 23:12:51,544 INFO Processing [28/294] 0800161649
2025-12-13 23:12:51,546 INFO Processing [29/294] 0800161682
2025-12-13 23:12:51,549 INFO Processing [30/294] 0800161625
2025-12-13 23:12:51,556 INFO Processing [31/294] 0800161780
2025-12-13 23:12:51,563 INFO Processing [32/294] 0800266223
2025-12-13 23:12:51,566 INFO Processing [33/294] 0800308266
2025-12-13 23:12:51,574 INFO Processing [34/294] 0800161709
2025-12-13 23:12:51,579 INFO Processing [35/294] 0800319248-bene individuo
2025-12-13 23:12:51,580 INFO Processing [36/294] 0800161639
2025-12-13 23:12:51,584 INFO Processing [37/294] 0800161767
2025-12-13 23:12:51,592 INFO Processing [38/294] 0800161786
2025-12-13 23:12:51,602 INFO Processing [39/294] 0800308999
2025-12-13 23:12:51,608 INFO Processing [40/294] 0800161766
2025-12-13 23:12:51,611 INFO Processing [41/294] 0800266222
2025-12-13 23:12:51,613 INFO Processing [42/294] 0800266240
2025-12-13 23:12:51,615 INFO Processing [43/294] 0800161644
2025-12-13 23:12:51,616 INFO Processing [44/294] 0800266233
2025-12-13 23:12:51,618 INFO Processing [45/294] 0800161763
2025-12-13 23:12:51,620 INFO Processing [46/294] 0800161784
2025-12-13 23:12:51,624 INFO Processing [47/294] 0800161672
2025-12-13 23:12:51,647 INFO Processing [48/294] 0800161794
2025-12-13 23:12:51,652 INFO Processing [49/294] 0800161770
2025-12-13 23:12:51,660 INFO Processing [50/294] 0800161713
2025-12-13 23:12:51,663 INFO Processing [51/294] 0800161676
2025-12-13 23:12:51,665 INFO Processing [52/294] 0800161708
2025-12-13 23:12:51,670 INFO Processing [53/294] 0800161619
2025-12-13 23:12:51,679 INFO Processing [54/294] 0800161687
2025-12-13 23:12:51,687 INFO Processing [55/294] 0800161705
2025-12-13 23:12:51,697 INFO Processing [56/294] 0800161737
2025-12-13 23:12:51,699 INFO Processing [57/294] 0800161748
2025-12-13 23:12:51,700 INFO Processing [58/294] 0800206008-bene individuo
2025-12-13 23:12:51,702 INFO Processing [59/294] 0800161733
2025-12-13 23:12:51,703 INFO Processing [60/294] 0800161661
2025-12-13 23:12:51,704 INFO Processing [61/294] 0800308274-bene individuo
2025-12-13 23:12:51,711 INFO Processing [62/294] 0800161730
2025-12-13 23:12:51,715 INFO Processing [63/294] 0800161797
2025-12-13 23:12:51,719 INFO Processing [64/294] 0800308279
2025-12-13 23:12:51,728 INFO Processing [65/294] 0800266247
2025-12-13 23:12:51,733 INFO Processing [66/294] 0800161690
2025-12-13 23:12:51,735 INFO Processing [67/294] 0800161621
2025-12-13 23:12:51,743 INFO Processing [68/294] 0800161633
2025-12-13 23:12:51,745 INFO Processing [69/294] 0800308254-bene componente
2025-12-13 23:12:51,747 INFO Processing [70/294] 0800161679
2025-12-13 23:12:51,749 INFO Processing [71/294] 0800308281
2025-12-13 23:12:51,753 INFO Processing [72/294] 0800161799
2025-12-13 23:12:51,766 INFO Processing [73/294] 0800161683
2025-12-13 23:12:51,770 INFO Processing [74/294] 0800161702
2025-12-13 23:12:51,778 INFO Processing [75/294] 0800308267
2025-12-13 23:12:51,780 INFO Processing [76/294] 0800266232
2025-12-13 23:12:51,782 INFO Processing [77/294] 0800266229
2025-12-13 23:12:51,788 INFO Processing [78/294] 0800161658
2025-12-13 23:12:51,792 INFO Processing [79/294] 0800161688
2025-12-13 23:12:51,798 INFO Processing [80/294] 0800161699
2025-12-13 23:12:51,802 INFO Processing [81/294] 0800161714
2025-12-13 23:12:51,807 INFO Processing [82/294] 0800319221-bene componente
2025-12-13 23:12:51,809 INFO Processing [83/294] 0800266238
2025-12-13 23:12:51,810 INFO Processing [84/294] 0800161662
2025-12-13 23:12:51,812 INFO Processing [85/294] 0800206008
2025-12-13 23:12:51,814 INFO Processing [86/294] 0800161654
2025-12-13 23:12:51,815 INFO Processing [87/294] 0800161796
2025-12-13 23:12:51,816 INFO Processing [88/294] 0800161632
2025-12-13 23:12:51,818 INFO Processing [89/294] 0800161706
2025-12-13 23:12:51,819 INFO Processing [90/294] 0800161775
2025-12-13 23:12:51,820 INFO Processing [91/294] 0800266235
2025-12-13 23:12:51,823 INFO Processing [92/294] 0800161635
2025-12-13 23:12:51,830 INFO Processing [93/294] 0800161759
2025-12-13 23:12:51,833 INFO Processing [94/294] 0800161618
2025-12-13 23:12:51,837 INFO Processing [95/294] 0800308254
2025-12-13 23:12:51,846 INFO Processing [96/294] 0800161747
2025-12-13 23:12:51,850 INFO Processing [97/294] 0800161738
2025-12-13 23:12:51,853 INFO Processing [98/294] 0800161626
2025-12-13 23:12:51,858 INFO Processing [99/294] 0800266221
2025-12-13 23:12:51,860 INFO Processing [100/294] 0800161807
2025-12-13 23:12:51,862 INFO Processing [101/294] 0800161809
2025-12-13 23:12:51,864 INFO Processing [102/294] 0800161743
2025-12-13 23:12:51,868 INFO Processing [103/294] 0800161772
2025-12-13 23:12:51,876 INFO Processing [104/294] 0800309000
2025-12-13 23:12:51,880 INFO Processing [105/294] 0800161782
2025-12-13 23:12:51,886 INFO Processing [106/294] 0800266254
2025-12-13 23:12:51,893 INFO Processing [107/294] 0800161746
2025-12-13 23:12:51,895 INFO Processing [108/294] 0800161777
2025-12-13 23:12:51,896 INFO Processing [109/294] 0800161648
2025-12-13 23:12:51,898 INFO Processing [110/294] 0800308268
2025-12-13 23:12:51,899 INFO Processing [111/294] 0800161677
2025-12-13 23:12:51,901 INFO Processing [112/294] 0800161698
2025-12-13 23:12:51,903 INFO Processing [113/294] 0800161703
2025-12-13 23:12:51,904 INFO Processing [114/294] 0800161685
2025-12-13 23:12:51,909 INFO Processing [115/294] 0800161655
2025-12-13 23:12:51,914 INFO Processing [116/294] 0800266231
2025-12-13 23:12:51,917 INFO Processing [117/294] 0800161726
2025-12-13 23:12:51,920 INFO Processing [118/294] 0800161643
2025-12-13 23:12:51,930 INFO Processing [119/294] 0800161781
2025-12-13 23:12:51,934 INFO Processing [120/294] 0800308253
2025-12-13 23:12:51,937 INFO Processing [121/294] 0800308257-bene componente
2025-12-13 23:12:51,948 INFO Processing [122/294] 0800161804
2025-12-13 23:12:51,954 INFO Processing [123/294] 0800161795
2025-12-13 23:12:51,962 INFO Processing [124/294] 0800161631
2025-12-13 23:12:51,968 INFO Processing [125/294] 0800266237
2025-12-13 23:12:51,970 INFO Processing [126/294] 0800161664
2025-12-13 23:12:51,972 INFO Processing [127/294] 0800161772-bene componente
2025-12-13 23:12:51,977 INFO Processing [128/294] 0800161622-bene componente
2025-12-13 23:12:51,981 INFO Processing [129/294] 0800161805
2025-12-13 23:12:51,983 INFO Processing [130/294] 0800161689
2025-12-13 23:12:51,985 INFO Processing [131/294] 0800161755
2025-12-13 23:12:51,994 INFO Processing [132/294] 0800266224
2025-12-13 23:12:51,998 INFO Processing [133/294] 0800161779
2025-12-13 23:12:52,004 INFO Processing [134/294] 0800308248
2025-12-13 23:12:52,013 INFO Processing [135/294] 0800161650
2025-12-13 23:12:52,015 INFO Processing [136/294] 0800308272
2025-12-13 23:12:52,016 INFO Processing [137/294] 0800161813
2025-12-13 23:12:52,018 INFO Processing [138/294] 0800161732
2025-12-13 23:12:52,019 INFO Processing [139/294] 0800161657
2025-12-13 23:12:52,021 INFO Processing [140/294] 0800161744
2025-12-13 23:12:52,026 INFO Processing [141/294] 0800161624
2025-12-13 23:12:52,030 INFO Processing [142/294] 0800161754
2025-12-13 23:12:52,033 INFO Processing [143/294] 0800161634
2025-12-13 23:12:52,037 INFO Processing [144/294] 0800161725
2025-12-13 23:12:52,054 INFO Processing [145/294] 0800161776
2025-12-13 23:12:52,062 INFO Processing [146/294] 0800161751
2025-12-13 23:12:52,065 INFO Processing [147/294] 0800319232
2025-12-13 23:12:52,072 INFO Processing [148/294] 0800161723
2025-12-13 23:12:52,078 INFO Processing [149/294] 0800319246-bene individuo
2025-12-13 23:12:52,083 INFO Processing [150/294] 0800308256-bene componente
2025-12-13 23:12:52,087 INFO Processing [151/294] 0800161760
2025-12-13 23:12:52,095 INFO Processing [152/294] 0800161728
2025-12-13 23:12:52,100 INFO Processing [153/294] 0800161668
2025-12-13 23:12:52,101 INFO Processing [154/294] 0800161691
2025-12-13 23:12:52,103 INFO Processing [155/294] 0800161802
2025-12-13 23:12:52,106 INFO Processing [156/294] 0800161695
2025-12-13 23:12:52,114 INFO Processing [157/294] 0800308271
2025-12-13 23:12:52,120 INFO Processing [158/294] 0800161765
2025-12-13 23:12:52,126 INFO Processing [159/294] 0800161640
2025-12-13 23:12:52,132 INFO Processing [160/294] 0800161696
2025-12-13 23:12:52,137 INFO Processing [161/294] 0800161680
2025-12-13 23:12:52,139 INFO Processing [162/294] 0800161740
2025-12-13 23:12:52,146 INFO Processing [163/294] 0800161798
2025-12-13 23:12:52,149 INFO Processing [164/294] 0800161711
2025-12-13 23:12:52,153 INFO Processing [165/294] 0800161670
2025-12-13 23:12:52,163 INFO Processing [166/294] 0800161701
2025-12-13 23:12:52,167 INFO Processing [167/294] 0800161645
2025-12-13 23:12:52,171 INFO Processing [168/294] 0800161692
2025-12-13 23:12:52,179 INFO Processing [169/294] 0800319233
2025-12-13 23:12:52,181 INFO Processing [170/294] 0800161787
2025-12-13 23:12:52,183 INFO Processing [171/294] 0800161757-bene componente
2025-12-13 23:12:52,193 INFO Processing [172/294] 0800266242
2025-12-13 23:12:52,212 INFO Processing [173/294] 0800308275
2025-12-13 23:12:52,218 INFO Processing [174/294] 0800319247-bene individuo
2025-12-13 23:12:52,223 INFO Processing [175/294] 0800161761
2025-12-13 23:12:52,233 INFO Processing [176/294] 0800319300
2025-12-13 23:12:52,237 INFO Processing [177/294] 0800161637
2025-12-13 23:12:52,247 INFO Processing [178/294] 0800161669
2025-12-13 23:12:52,251 INFO Processing [179/294] 0800161642
2025-12-13 23:12:52,259 INFO Processing [180/294] 0800161758
2025-12-13 23:12:52,262 INFO Processing [181/294] 0800161726-bene complesso
2025-12-13 23:12:52,276 INFO Processing [182/294] 0800308262
2025-12-13 23:12:52,286 INFO Processing [183/294] 0800161684
2025-12-13 23:12:52,298 INFO Processing [184/294] 0800161736
2025-12-13 23:12:52,302 INFO Processing [185/294] 0800161742
2025-12-13 23:12:52,303 INFO Processing [186/294] 0800161719
2025-12-13 23:12:52,305 INFO Processing [187/294] 0800266230
2025-12-13 23:12:52,314 INFO Processing [188/294] 0800319236
2025-12-13 23:12:52,316 INFO Processing [189/294] 0800266245
2025-12-13 23:12:52,319 INFO Processing [190/294] 0800161624-bene complesso
2025-12-13 23:12:52,327 INFO Processing [191/294] 0800161620
2025-12-13 23:12:52,334 INFO Processing [192/294] 0800161619-bene complesso
2025-12-13 23:12:52,338 INFO Processing [193/294] 0800266239
2025-12-13 23:12:52,351 INFO Processing [194/294] 0800161803
2025-12-13 23:12:52,358 INFO Processing [195/294] 0800308264-bene individuo
2025-12-13 23:12:52,364 INFO Processing [196/294] 0800161716
2025-12-13 23:12:52,370 INFO Processing [197/294] 0800161638
2025-12-13 23:12:52,373 INFO Processing [198/294] 0800161663
2025-12-13 23:12:52,379 INFO Processing [199/294] 0800308270
2025-12-13 23:12:52,381 INFO Processing [200/294] 0800266226
2025-12-13 23:12:52,383 INFO Processing [201/294] 0800161792
2025-12-13 23:12:52,388 INFO Processing [202/294] 0800319300-bene componente
2025-12-13 23:12:52,397 INFO Processing [203/294] 0800308263
2025-12-13 23:12:52,404 INFO Processing [204/294] 0800161700
2025-12-13 23:12:52,413 INFO Processing [205/294] 0800266241
2025-12-13 23:12:52,414 INFO Processing [206/294] 0800266236
2025-12-13 23:12:52,416 INFO Processing [207/294] 0800161811
2025-12-13 23:12:52,417 INFO Processing [208/294] 0800266220
2025-12-13 23:12:52,418 INFO Processing [209/294] 0800161644-bene individuo
2025-12-13 23:12:52,420 INFO Processing [210/294] 0800161694
2025-12-13 23:12:52,424 INFO Processing [211/294] 0800161762
2025-12-13 23:12:52,429 INFO Processing [212/294] 0800161771
2025-12-13 23:12:52,432 INFO Processing [213/294] 0800308265-bene individuo
2025-12-13 23:12:52,434 INFO Processing [214/294] 0800161665
2025-12-13 23:12:52,441 INFO Processing [215/294] 0800161630
2025-12-13 23:12:52,449 INFO Processing [216/294] 0800161681
2025-12-13 23:12:52,452 INFO Processing [217/294] 0800319231
2025-12-13 23:12:52,460 INFO Processing [218/294] 0800161741
2025-12-13 23:12:52,464 INFO Processing [219/294] 0800161686
2025-12-13 23:12:52,465 INFO Processing [220/294] 0800308269
2025-12-13 23:12:52,471 INFO Processing [221/294] 0800161810
2025-12-13 23:12:52,476 INFO Processing [222/294] 0800308261
2025-12-13 23:12:52,484 INFO Processing [223/294] 0800266219
2025-12-13 23:12:52,488 INFO Processing [224/294] 0800266244
2025-12-13 23:12:52,492 INFO Processing [225/294] 0800161739
2025-12-13 23:12:52,494 INFO Processing [226/294] 0800161659
2025-12-13 23:12:52,495 INFO Processing [227/294] 0800161651
2025-12-13 23:12:52,496 INFO Processing [228/294] 0800161806
2025-12-13 23:12:52,498 INFO Processing [229/294] 0800161731
2025-12-13 23:12:52,499 INFO Processing [230/294] 0800161729
2025-12-13 23:12:52,501 INFO Processing [231/294] 0800319340-bene individuo
2025-12-13 23:12:52,503 INFO Processing [232/294] 0800161674
2025-12-13 23:12:52,504 INFO Processing [233/294] 0800161778
2025-12-13 23:12:52,509 INFO Processing [234/294] 0800161710
2025-12-13 23:12:52,515 INFO Processing [235/294] 0800161715
2025-12-13 23:12:52,517 INFO Processing [236/294] 0800308253-bene componente
2025-12-13 23:12:52,524 INFO Processing [237/294] 0800161641
2025-12-13 23:12:52,533 INFO Processing [238/294] 0800161707
2025-12-13 23:12:52,538 INFO Processing [239/294] 0800319234
2025-12-13 23:12:52,545 INFO Processing [240/294] 0800161717
2025-12-13 23:12:52,546 INFO Processing [241/294] 0800266228
2025-12-13 23:12:52,548 INFO Processing [242/294] 0800308999-bene individuo
2025-12-13 23:12:52,558 INFO Processing [243/294] 0800161771-bene componente
2025-12-13 23:12:52,563 INFO Processing [244/294] 0800161678
2025-12-13 23:12:52,565 INFO Processing [245/294] 0800161724
2025-12-13 23:12:52,570 INFO Processing [246/294] 0800266227
2025-12-13 23:12:52,576 INFO Processing [247/294] 0800319235
2025-12-13 23:12:52,578 INFO Processing [248/294] 0800161788
2025-12-13 23:12:52,581 INFO Processing [249/294] 0800161734
2025-12-13 23:12:52,583 INFO Processing [250/294] 0800161623
2025-12-13 23:12:52,584 INFO Processing [251/294] 0800308276
2025-12-13 23:12:52,588 INFO Processing [252/294] 0800309001
2025-12-13 23:12:52,595 INFO Processing [253/294] 0800161800
2025-12-13 23:12:52,600 INFO maps.co geocoding: strada comunale Carrarone Chiesa
2025-12-13 23:12:53,762 INFO Processing [254/294] 0800161808
2025-12-13 23:12:53,764 INFO Processing [255/294] 0800161627
2025-12-13 23:12:53,767 INFO Processing [256/294] 0800308277-bene componente
2025-12-13 23:12:53,769 INFO Processing [257/294] 0800161673
2025-12-13 23:12:53,775 INFO Processing [258/294] 0800161756
2025-12-13 23:12:53,781 INFO Processing [259/294] 0800161720
2025-12-13 23:12:53,783 INFO Processing [260/294] 0800161675
2025-12-13 23:12:53,785 INFO Processing [261/294] 0800161712
2025-12-13 23:12:53,793 INFO Processing [262/294] 0800161623-bene componente
2025-12-13 23:12:53,800 INFO Processing [263/294] 0800308273-bene individuo
2025-12-13 23:12:53,804 INFO Processing [264/294] 0800161785
2025-12-13 23:12:53,807 INFO Processing [265/294] 0800161697
2025-12-13 23:12:53,810 INFO Processing [266/294] 0800266246
2025-12-13 23:12:53,814 INFO Processing [267/294] 0800161749
2025-12-13 23:12:53,816 INFO Processing [268/294] 0800161693
2025-12-13 23:12:53,818 INFO Processing [269/294] 0800161783
2025-12-13 23:12:53,819 INFO Processing [270/294] 0800161667
2025-12-13 23:12:53,821 INFO Processing [271/294] 0800161722
2025-12-13 23:12:53,824 INFO Processing [272/294] 0800161752
2025-12-13 23:12:53,830 INFO Processing [273/294] 0800319415
2025-12-13 23:12:53,831 INFO Processing [274/294] 0800161653
2025-12-13 23:12:53,833 INFO Processing [275/294] 0800266248
2025-12-13 23:12:53,836 INFO Processing [276/294] 0800161791
2025-12-13 23:12:53,843 INFO Processing [277/294] 0800161671
2025-12-13 23:12:53,861 INFO Processing [278/294] 0800161727
2025-12-13 23:12:53,864 INFO Processing [279/294] 0800308258
2025-12-13 23:12:53,867 INFO Processing [280/294] 0800309001-bene individuo
2025-12-13 23:12:53,868 INFO Processing [281/294] 0800161621-bene componente
2025-12-13 23:12:53,869 INFO Processing [282/294] 0800308255
2025-12-13 23:12:53,870 INFO Processing [283/294] 0800308278
2025-12-13 23:12:53,872 INFO Processing [284/294] 0800161704
2025-12-13 23:12:53,877 INFO Processing [285/294] 0800161721
2025-12-13 23:12:53,884 INFO Processing [286/294] 0800266243
2025-12-13 23:12:53,885 INFO Processing [287/294] 0800161789
2025-12-13 23:12:53,887 INFO Processing [288/294] 0800161801
2025-12-13 23:12:53,891 INFO Processing [289/294] 0800266234
2025-12-13 23:12:53,896 INFO Processing [290/294] 0800161756-bene complesso
2025-12-13 23:12:53,899 INFO Processing [291/294] 0800161790
2025-12-13 23:12:53,901 INFO Processing [292/294] 0800161636
2025-12-13 23:12:53,902 INFO Processing [293/294] 0800161666
2025-12-13 23:12:53,903 INFO Processing [294/294] 0800161646
2025-12-13 23:12:53,914 INFO DONE. Total=294 Updated=272
2025-12-13 23:24:33,993 INFO Found 294 cultural_heritage_site elements
2025-12-13 23:24:33,997 INFO Processing [1/294] 0800161620-bene componente
2025-12-13 23:24:33,998 INFO Skipping 0800161620-bene componente: no address
2025-12-13 23:24:34,004 INFO Processing [2/294] 0800308997
2025-12-13 23:24:34,005 INFO Geocoding [2/294] 0800308997 — Ravenna, via Guerrini, 0 , piazza Arcivescovado 0
2025-12-13 23:24:34,007 INFO Geocoded 0800308997 -> 43.8901265 12.9210025
2025-12-13 23:24:34,011 INFO Processing [3/294] 0800161656
2025-12-13 23:24:34,019 INFO Geocoding [3/294] 0800161656 — Ravenna, via Paolo Costa, 10
2025-12-13 23:24:34,020 INFO Geocoded 0800161656 -> 44.4191519 12.2014068
2025-12-13 23:24:34,027 INFO Processing [4/294] 0800161745
2025-12-13 23:24:34,028 INFO Geocoding [4/294] 0800161745 — Ravenna, Via Di Roma, 0
2025-12-13 23:24:34,033 INFO Geocoded 0800161745 -> 44.4179146 12.2035804
2025-12-13 23:24:34,036 INFO Processing [5/294] 0800161718
2025-12-13 23:24:34,037 INFO Geocoding [5/294] 0800161718 — Ravenna, via G. Mazzini, 75
2025-12-13 23:24:34,037 INFO Geocoded 0800161718 -> 45.6859371 9.9592463
2025-12-13 23:24:34,044 INFO Processing [6/294] 0800161753
2025-12-13 23:24:34,045 INFO Geocoding [6/294] 0800161753 — Ravenna, via di Roma, 47
2025-12-13 23:24:34,047 INFO Geocoded 0800161753 -> 44.4157928 12.2047522
2025-12-13 23:24:34,056 INFO Processing [7/294] 0800308260-bene complesso
2025-12-13 23:24:34,057 INFO Geocoding [7/294] 0800308260-bene complesso — Ravenna, SAN ZACCARIA, Via Dismano, 663
2025-12-13 23:24:34,057 INFO Geocoded 0800308260-bene complesso -> 44.3396858 12.2126471
2025-12-13 23:24:34,060 INFO Processing [8/294] 0800161652
2025-12-13 23:24:34,061 INFO Geocoding [8/294] 0800161652 — Ravenna, Via della Chiesa, 0
2025-12-13 23:24:34,062 INFO Geocoded 0800161652 -> 42.0815883 12.3505375
2025-12-13 23:24:34,075 INFO Processing [9/294] 0800266225
2025-12-13 23:24:34,080 INFO Geocoding [9/294] 0800266225 — Ravenna, via Galla Placida, 2
2025-12-13 23:24:34,086 INFO Geocoded 0800266225 -> 44.4161414 12.2017617
2025-12-13 23:24:34,091 INFO Processing [10/294] 0800161812
2025-12-13 23:24:34,091 INFO Geocoding [10/294] 0800161812 — Ravenna, via Casa Matha, 1/ 3, via IV Novembre, 37/ 39
2025-12-13 23:24:34,092 INFO Geocoded 0800161812 -> 44.4186502 12.1999931
2025-12-13 23:24:34,093 INFO Processing [11/294] 0800161757
2025-12-13 23:24:34,093 INFO Geocoding [11/294] 0800161757 — Ravenna, via di Roma, 0
2025-12-13 23:24:34,094 INFO Geocoded 0800161757 -> 44.4179146 12.2035804
2025-12-13 23:24:34,097 INFO Processing [12/294] 0800161768
2025-12-13 23:24:34,099 INFO Geocoding [12/294] 0800161768 — Ravenna, Vic. S. Nicandro, 0
2025-12-13 23:24:34,100 INFO Geocoded 0800161768 -> 44.4161414 12.2017617
2025-12-13 23:24:34,103 INFO Processing [13/294] 0800308997-bene individuo
2025-12-13 23:24:34,103 INFO Skipping 0800308997-bene individuo: no address
2025-12-13 23:24:34,110 INFO Processing [14/294] 0800319221
2025-12-13 23:24:34,111 INFO Geocoding [14/294] 0800319221 — Ravenna, Piazza del popolo, 0
2025-12-13 23:24:34,112 INFO Geocoded 0800319221 -> 44.4178985 12.1992196
2025-12-13 23:24:34,118 INFO Processing [15/294] 0800161735
2025-12-13 23:24:34,118 INFO Geocoding [15/294] 0800161735 — Ravenna, via di Roma, 0
2025-12-13 23:24:34,119 INFO Geocoded 0800161735 -> 44.4179146 12.2035804
2025-12-13 23:24:34,120 INFO Processing [16/294] 0800161629
2025-12-13 23:24:34,120 INFO Geocoding [16/294] 0800161629 — Ravenna, Piazza Anita Garibaldi, 0
2025-12-13 23:24:34,120 INFO Geocoded 0800161629 -> 44.418002 12.2049025
2025-12-13 23:24:34,125 INFO Processing [17/294] 0800161647
2025-12-13 23:24:34,126 INFO Geocoding [17/294] 0800161647 — Ravenna, Via del Candiano
2025-12-13 23:24:34,126 INFO Geocoded 0800161647 -> 44.4161414 12.2017617
2025-12-13 23:24:34,128 INFO Processing [18/294] 0800161750
2025-12-13 23:24:34,129 INFO Geocoding [18/294] 0800161750 — Ravenna, via di Roma, 113 ,115
2025-12-13 23:24:34,129 INFO Geocoded 0800161750 -> 44.4198316 12.2029809
2025-12-13 23:24:34,133 INFO Processing [19/294] 0800161793
2025-12-13 23:24:34,135 INFO Geocoding [19/294] 0800161793 — Ravenna, LONGANA, Via Ravegnana, 0
2025-12-13 23:24:34,137 INFO Geocoded 0800161793 -> 44.3569717 12.1549945
2025-12-13 23:24:34,139 INFO Processing [20/294] 0800161622
2025-12-13 23:24:34,139 INFO Geocoding [20/294] 0800161622 — Ravenna, Via Guido Da Polenta, 0
2025-12-13 23:24:34,139 INFO Geocoded 0800161622 -> 44.4162107 12.2004974
2025-12-13 23:24:34,143 INFO Processing [21/294] 0800266218
2025-12-13 23:24:34,144 INFO Geocoding [21/294] 0800266218 — Ravenna, via Dante Alighieri, 9
2025-12-13 23:24:34,145 INFO Geocoded 0800266218 -> 44.4163953 12.2007743
2025-12-13 23:24:34,153 INFO Processing [22/294] 0800309000-bene individuo
2025-12-13 23:24:34,153 INFO Skipping 0800309000-bene individuo: no address
2025-12-13 23:24:34,158 INFO Processing [23/294] 0800161774
2025-12-13 23:24:34,160 INFO Geocoding [23/294] 0800161774 — Ravenna, Via S.Vitale, 17
2025-12-13 23:24:34,161 INFO Geocoded 0800161774 -> 44.4161414 12.2017617
2025-12-13 23:24:34,167 INFO Processing [24/294] 0800161628
2025-12-13 23:24:34,167 INFO Geocoding [24/294] 0800161628 — Ravenna, P.zza Anita Garibaldi, 0
2025-12-13 23:24:34,168 INFO Geocoded 0800161628 -> 44.418002 12.2049025
2025-12-13 23:24:34,169 INFO Processing [25/294] 0800161660
2025-12-13 23:24:34,170 INFO Geocoding [25/294] 0800161660 — Ravenna, Via Cura, 0
2025-12-13 23:24:34,170 INFO Geocoded 0800161660 -> 44.4182612 12.1938362
2025-12-13 23:24:34,172 INFO Processing [26/294] 0800161764
2025-12-13 23:24:34,172 INFO Geocoding [26/294] 0800161764 — Ravenna, via G. Rossi, 51, 53
2025-12-13 23:24:34,173 INFO Geocoded 0800161764 -> 44.4161414 12.2017617
2025-12-13 23:24:34,174 INFO Processing [27/294] 0800161769
2025-12-13 23:24:34,174 INFO Geocoding [27/294] 0800161769 — Ravenna, via San Vitale, 5
2025-12-13 23:24:34,174 INFO Geocoded 0800161769 -> 44.4195302 12.1976594
2025-12-13 23:24:34,175 INFO Processing [28/294] 0800161649
2025-12-13 23:24:34,175 INFO Geocoding [28/294] 0800161649 — Ravenna, via Cavour, 54
2025-12-13 23:24:34,176 INFO Geocoded 0800161649 -> 44.4190425 12.1968242
2025-12-13 23:24:34,177 INFO Processing [29/294] 0800161682
2025-12-13 23:24:34,177 INFO Geocoding [29/294] 0800161682 — Ravenna, via Romolo Gessi, 20
2025-12-13 23:24:34,177 INFO Geocoded 0800161682 -> 44.4157737 12.1981351
2025-12-13 23:24:34,178 INFO Processing [30/294] 0800161625
2025-12-13 23:24:34,178 INFO Geocoding [30/294] 0800161625 — Ravenna, Via Anastagi, 19
2025-12-13 23:24:34,179 INFO Geocoded 0800161625 -> 44.4218789 12.2012371
2025-12-13 23:24:34,181 INFO Processing [31/294] 0800161780
2025-12-13 23:24:34,182 INFO Geocoding [31/294] 0800161780 — Ravenna, via Zagarelli Alle Mura, 32
2025-12-13 23:24:34,183 INFO Geocoded 0800161780 -> 44.4123546 12.2032743
2025-12-13 23:24:34,189 INFO Processing [32/294] 0800266223
2025-12-13 23:24:34,189 INFO Geocoding [32/294] 0800266223 — Ravenna, via Paolo Costa, 49
2025-12-13 23:24:34,190 INFO Geocoded 0800266223 -> 44.419053 12.2025974
2025-12-13 23:24:34,192 INFO Processing [33/294] 0800308266
2025-12-13 23:24:34,193 INFO Geocoding [33/294] 0800308266 — Ravenna, Via Zignani, 44
2025-12-13 23:24:34,194 INFO Geocoded 0800308266 -> 44.4161414 12.2017617
2025-12-13 23:24:34,202 INFO Processing [34/294] 0800161709
2025-12-13 23:24:34,202 INFO Geocoding [34/294] 0800161709 — Ravenna, via G. Mazzini, 49, 51, 53, 55
2025-12-13 23:24:34,203 INFO Geocoded 0800161709 -> 44.4161414 12.2017617
2025-12-13 23:24:34,206 INFO Processing [35/294] 0800319248-bene individuo
2025-12-13 23:24:34,207 INFO Geocoding [35/294] 0800319248-bene individuo — Ravenna, CLASSE, Via Romea, 0
2025-12-13 23:24:34,207 INFO Geocoded 0800319248-bene individuo -> 44.445266 12.209909
2025-12-13 23:24:34,208 INFO Processing [36/294] 0800161639
2025-12-13 23:24:34,209 INFO Geocoding [36/294] 0800161639 — Ravenna, Via Baccarini
2025-12-13 23:24:34,209 INFO Geocoded 0800161639 -> 44.4130715 12.2003968
2025-12-13 23:24:34,211 INFO Processing [37/294] 0800161767
2025-12-13 23:24:34,212 INFO Geocoding [37/294] 0800161767 — Ravenna, Via G. Ghiselli, 32
2025-12-13 23:24:34,215 INFO Geocoded 0800161767 -> 44.4161414 12.2017617
2025-12-13 23:24:34,220 INFO Processing [38/294] 0800161786
2025-12-13 23:24:34,221 INFO Geocoding [38/294] 0800161786 — Ravenna, via Bagnolo Salara, 65
2025-12-13 23:24:34,221 INFO Geocoded 0800161786 -> 44.4161414 12.2017617
2025-12-13 23:24:34,222 INFO Processing [39/294] 0800308999
2025-12-13 23:24:34,223 INFO Geocoding [39/294] 0800308999 — Ravenna, vicolo Genocchi, 9
2025-12-13 23:24:34,223 INFO Geocoded 0800308999 -> 44.4161414 12.2017617
2025-12-13 23:24:34,225 INFO Processing [40/294] 0800161766
2025-12-13 23:24:34,225 INFO Geocoding [40/294] 0800161766 — Ravenna, Via G. Rossi, 6
2025-12-13 23:24:34,226 INFO Geocoded 0800161766 -> 44.4161414 12.2017617
2025-12-13 23:24:34,227 INFO Processing [41/294] 0800266222
2025-12-13 23:24:34,227 INFO Geocoding [41/294] 0800266222 — Ravenna, Via del Cimitero, 0
2025-12-13 23:24:34,227 INFO Geocoded 0800266222 -> 44.4368255 12.2335321
2025-12-13 23:24:34,228 INFO Processing [42/294] 0800266240
2025-12-13 23:24:34,229 INFO Geocoding [42/294] 0800266240 — Ravenna, PIANGIPANE, via Mezzoli, 45
2025-12-13 23:24:34,229 INFO Geocoded 0800266240 -> 44.4202356 12.0876422
2025-12-13 23:24:34,233 INFO Processing [43/294] 0800161644
2025-12-13 23:24:34,236 INFO Geocoding [43/294] 0800161644 — Ravenna, Via Battistero, 0, all'interno del giardino del Duomo fra via G. Rasponi e via R. Gessi
2025-12-13 23:24:34,237 INFO Geocoded 0800161644 -> 44.4156662 12.1974887
2025-12-13 23:24:34,239 INFO Processing [44/294] 0800266233
2025-12-13 23:24:34,239 INFO Geocoding [44/294] 0800266233 — Ravenna, Via Mura S. Vitale
2025-12-13 23:24:34,240 INFO Geocoded 0800266233 -> 44.4200266 12.1947607
2025-12-13 23:24:34,243 INFO Processing [45/294] 0800161763
2025-12-13 23:24:34,244 INFO Geocoding [45/294] 0800161763 — Ravenna, Via Girolamo Rossi, 0
2025-12-13 23:24:34,246 INFO Geocoded 0800161763 -> 44.4200553 12.2012274
2025-12-13 23:24:34,251 INFO Processing [46/294] 0800161784
2025-12-13 23:24:34,252 INFO Geocoding [46/294] 0800161784 — Ravenna, S.S. Adriatica, 16
2025-12-13 23:24:34,253 INFO Geocoded 0800161784 -> 44.4161414 12.2017617
2025-12-13 23:24:34,256 INFO Processing [47/294] 0800161672
2025-12-13 23:24:34,257 INFO Geocoding [47/294] 0800161672 — Ravenna, piazza Duomo, 3/ 2
2025-12-13 23:24:34,258 INFO Geocoded 0800161672 -> 44.4154629 12.1960428
2025-12-13 23:24:34,260 INFO Processing [48/294] 0800161794
2025-12-13 23:24:34,260 INFO Geocoding [48/294] 0800161794 — Ravenna, MADONNA DELL'ALBERO, Via Cella,0
2025-12-13 23:24:34,261 INFO Geocoded 0800161794 -> 44.3601333 12.1816153
2025-12-13 23:24:34,268 INFO Processing [49/294] 0800161770
2025-12-13 23:24:34,268 INFO Geocoding [49/294] 0800161770 — Ravenna
2025-12-13 23:24:34,268 INFO Geocoded 0800161770 -> 44.4161414 12.2017617
2025-12-13 23:24:34,271 INFO Processing [50/294] 0800161713
2025-12-13 23:24:34,272 INFO Geocoding [50/294] 0800161713 — Ravenna, Via Mazzini, 0
2025-12-13 23:24:34,272 INFO Geocoded 0800161713 -> 44.4133761 12.2012144
2025-12-13 23:24:34,274 INFO Processing [51/294] 0800161676
2025-12-13 23:24:34,275 INFO Geocoding [51/294] 0800161676 — Ravenna, Via Fiume Abbandonato, 0
2025-12-13 23:24:34,275 INFO Geocoded 0800161676 -> 44.3934038 12.1716884
2025-12-13 23:24:34,276 INFO Processing [52/294] 0800161708
2025-12-13 23:24:34,276 INFO Geocoding [52/294] 0800161708 — Ravenna, via G. Mazzini, 64
2025-12-13 23:24:34,277 INFO Geocoded 0800161708 -> 44.4161414 12.2017617
2025-12-13 23:24:34,278 INFO Processing [53/294] 0800161619
2025-12-13 23:24:34,278 INFO Geocoding [53/294] 0800161619 — Ravenna, Piazza S.Francesco, 0
2025-12-13 23:24:34,279 INFO Geocoded 0800161619 -> 44.4161414 12.2017617
2025-12-13 23:24:34,283 INFO Processing [54/294] 0800161687
2025-12-13 23:24:34,284 INFO Geocoding [54/294] 0800161687 — Ravenna, Via G. Guaccimanni, 0
2025-12-13 23:24:34,285 INFO Geocoded 0800161687 -> 44.4161414 12.2017617
2025-12-13 23:24:34,289 INFO Processing [55/294] 0800161705
2025-12-13 23:24:34,290 INFO Geocoding [55/294] 0800161705 — Ravenna, Via G. Mazzini, 42
2025-12-13 23:24:34,290 INFO Geocoded 0800161705 -> 44.4161414 12.2017617
2025-12-13 23:24:34,292 INFO Processing [56/294] 0800161737
2025-12-13 23:24:34,293 INFO Geocoding [56/294] 0800161737 — Ravenna, Via Di Roma, 67
2025-12-13 23:24:34,295 INFO Geocoded 0800161737 -> 44.4171364 12.2040723
2025-12-13 23:24:34,305 INFO Processing [57/294] 0800161748
2025-12-13 23:24:34,306 INFO Geocoding [57/294] 0800161748 — Italia, Emilia Romagna, RA, Ravenna
2025-12-13 23:24:34,306 INFO Geocoded 0800161748 -> 44.4161414 12.2017617
2025-12-13 23:24:34,311 INFO Processing [58/294] 0800206008-bene individuo
2025-12-13 23:24:34,314 INFO Skipping 0800206008-bene individuo: no address
2025-12-13 23:24:34,318 INFO Processing [59/294] 0800161733
2025-12-13 23:24:34,319 INFO Geocoding [59/294] 0800161733 — Ravenna, via C. Ricci, 12,14 ,16,18
2025-12-13 23:24:34,320 INFO Geocoded 0800161733 -> 44.4161414 12.2017617
2025-12-13 23:24:34,321 INFO Processing [60/294] 0800161661
2025-12-13 23:24:34,322 INFO Geocoding [60/294] 0800161661 — Ravenna, Via Cura, 0
2025-12-13 23:24:34,322 INFO Geocoded 0800161661 -> 44.4182612 12.1938362
2025-12-13 23:24:34,325 INFO Processing [61/294] 0800308274-bene individuo
2025-12-13 23:24:34,327 INFO Geocoding [61/294] 0800308274-bene individuo — Ravenna, SAN PIETRO IN TRENTO, Via Traversara, angolo via Bezzi, 67
2025-12-13 23:24:34,328 INFO Geocoded 0800308274-bene individuo -> 44.4161414 12.2017617
2025-12-13 23:24:34,333 INFO Processing [62/294] 0800161730
2025-12-13 23:24:34,334 INFO Geocoding [62/294] 0800161730 — Ravenna, via IV Novembre, 45/ 43
2025-12-13 23:24:34,335 INFO Geocoded 0800161730 -> 44.4187752 12.199383
2025-12-13 23:24:34,343 INFO Processing [63/294] 0800161797
2025-12-13 23:24:34,343 INFO Geocoding [63/294] 0800161797 — Ravenna, MARINA DI RAVENNA, via D'Allaggio, 53
2025-12-13 23:24:34,344 INFO Geocoded 0800161797 -> 44.4161414 12.2017617
2025-12-13 23:24:34,346 INFO Processing [64/294] 0800308279
2025-12-13 23:24:34,347 INFO Geocoding [64/294] 0800308279 — Ravenna, FOSSO GHIAIA, Via Fosso Ghiaia, 0, all'interno della pineta, parco primo maggio
2025-12-13 23:24:34,347 INFO Geocoded 0800308279 -> 44.3427021 12.181619
2025-12-13 23:24:34,349 INFO Processing [65/294] 0800266247
2025-12-13 23:24:34,349 INFO Geocoding [65/294] 0800266247 — Ravenna, via Torri, 0
2025-12-13 23:24:34,350 INFO Geocoded 0800266247 -> 44.4942768 12.1070846
2025-12-13 23:24:34,352 INFO Processing [66/294] 0800161690
2025-12-13 23:24:34,353 INFO Geocoding [66/294] 0800161690 — Ravenna, via Guaccimanni, 27
2025-12-13 23:24:34,353 INFO Geocoded 0800161690 -> 44.4157906 12.2031660
2025-12-13 23:24:34,359 INFO Processing [67/294] 0800161621
2025-12-13 23:24:34,360 INFO Geocoding [67/294] 0800161621 — Ravenna, Piazza S.Francesco, 0
2025-12-13 23:24:34,360 INFO Geocoded 0800161621 -> 44.4161414 12.2017617
2025-12-13 23:24:34,363 INFO Processing [68/294] 0800161633
2025-12-13 23:24:34,365 INFO Geocoding [68/294] 0800161633 — Ravenna, Vicolo degli Ariani, 0
2025-12-13 23:24:34,365 INFO Geocoded 0800161633 -> 44.4185674 12.2020594
2025-12-13 23:24:34,368 INFO Processing [69/294] 0800308254-bene componente
2025-12-13 23:24:34,369 INFO Skipping 0800308254-bene componente: no address
2025-12-13 23:24:34,374 INFO Processing [70/294] 0800161679
2025-12-13 23:24:34,375 INFO Geocoding [70/294] 0800161679 — Ravenna, via Gamba, 3
2025-12-13 23:24:34,375 INFO Geocoded 0800161679 -> 44.4202322 12.1982536
2025-12-13 23:24:34,376 INFO Processing [71/294] 0800308281
2025-12-13 23:24:34,376 INFO Geocoding [71/294] 0800308281 — Ravenna, SAN PIETRO IN VINCOLI, Via Gambellara, 1
2025-12-13 23:24:34,377 INFO Geocoded 0800308281 -> 44.3439453 12.1394354
2025-12-13 23:24:34,378 INFO Processing [72/294] 0800161799
2025-12-13 23:24:34,378 INFO Geocoding [72/294] 0800161799 — Ravenna, Via Massa, 88
2025-12-13 23:24:34,378 INFO Geocoded 0800161799 -> 44.4161414 12.2017617
2025-12-13 23:24:34,381 INFO Processing [73/294] 0800161683
2025-12-13 23:24:34,382 INFO Geocoding [73/294] 0800161683 — Ravenna, via Romolo Gessi 0, via Mentana 33/35
2025-12-13 23:24:34,383 INFO Geocoded 0800161683 -> 44.4157162 12.1981838
2025-12-13 23:24:34,388 INFO Processing [74/294] 0800161702
2025-12-13 23:24:34,388 INFO Geocoding [74/294] 0800161702 — Ravenna, via Mariani, 7/ 9
2025-12-13 23:24:34,389 INFO Geocoded 0800161702 -> 44.4172272 12.2017926
2025-12-13 23:24:34,392 INFO Processing [75/294] 0800308267
2025-12-13 23:24:34,393 INFO Geocoding [75/294] 0800308267 — Ravenna, Via Zignani, 44
2025-12-13 23:24:34,393 INFO Geocoded 0800308267 -> 44.4161414 12.2017617
2025-12-13 23:24:34,401 INFO Processing [76/294] 0800266232
2025-12-13 23:24:34,401 INFO Geocoding [76/294] 0800266232 — Ravenna, via San Vitale, 28, 30
2025-12-13 23:24:34,402 INFO Geocoded 0800266232 -> 44.4196258 12.1970013
2025-12-13 23:24:34,406 INFO Processing [77/294] 0800266229
2025-12-13 23:24:34,407 INFO Geocoding [77/294] 0800266229 — Ravenna, Via S.Mama, 175, 177, 179
2025-12-13 23:24:34,407 INFO Geocoded 0800266229 -> 44.4161414 12.2017617
2025-12-13 23:24:34,409 INFO Processing [78/294] 0800161658
2025-12-13 23:24:34,409 INFO Geocoding [78/294] 0800161658 — Ravenna, via Paolo Costa, 8
2025-12-13 23:24:34,410 INFO Geocoded 0800161658 -> 44.419134 12.2011494
2025-12-13 23:24:34,416 INFO Processing [79/294] 0800161688
2025-12-13 23:24:34,416 INFO Geocoding [79/294] 0800161688 — Ravenna, via Guaccimanni, 62
2025-12-13 23:24:34,417 INFO Geocoded 0800161688 -> 44.4157906 12.2031660
2025-12-13 23:24:34,419 INFO Processing [80/294] 0800161699
2025-12-13 23:24:34,420 INFO Geocoding [80/294] 0800161699 — Ravenna, Via A. Mariani, 21
2025-12-13 23:24:34,420 INFO Geocoded 0800161699 -> 44.4161414 12.2017617
2025-12-13 23:24:34,422 INFO Processing [81/294] 0800161714
2025-12-13 23:24:34,422 INFO Geocoding [81/294] 0800161714 — Ravenna, Via Mazzini, 0
2025-12-13 23:24:34,423 INFO Geocoded 0800161714 -> 44.4133761 12.2012144
2025-12-13 23:24:34,428 INFO Processing [82/294] 0800319221-bene componente
2025-12-13 23:24:34,428 INFO Skipping 0800319221-bene componente: no address
2025-12-13 23:24:34,431 INFO Processing [83/294] 0800266238
2025-12-13 23:24:34,432 INFO Geocoding [83/294] 0800266238 — Ravenna, PIANGIPANE, via Braccesca, 44
2025-12-13 23:24:34,432 INFO Geocoded 0800266238 -> 44.4142197 12.09383
2025-12-13 23:24:34,440 INFO Processing [84/294] 0800161662
2025-12-13 23:24:34,442 INFO Geocoding [84/294] 0800161662 — Ravenna, Via Cura, 0
2025-12-13 23:24:34,442 INFO Geocoded 0800161662 -> 44.4182612 12.1938362
2025-12-13 23:24:34,445 INFO Processing [85/294] 0800206008
2025-12-13 23:24:34,447 INFO Geocoding [85/294] 0800206008 — Ravenna, via Mariani, 0
2025-12-13 23:24:34,448 INFO Geocoded 0800206008 -> 44.4172272 12.2017926
2025-12-13 23:24:34,450 INFO Processing [86/294] 0800161654
2025-12-13 23:24:34,451 INFO Geocoding [86/294] 0800161654 — Ravenna, via P. Costa, 1, via XIII Giugno, 15 /17
2025-12-13 23:24:34,451 INFO Geocoded 0800161654 -> 44.4161414 12.2017617
2025-12-13 23:24:34,454 INFO Processing [87/294] 0800161796
2025-12-13 23:24:34,454 INFO Geocoding [87/294] 0800161796 — Ravenna, MADONNA DELL'ALBERO, via Ravegnana, 479
2025-12-13 23:24:34,454 INFO Geocoded 0800161796 -> 44.3833523 12.1923863
2025-12-13 23:24:34,456 INFO Processing [88/294] 0800161632
2025-12-13 23:24:34,456 INFO Geocoding [88/294] 0800161632 — Emilia-Romagna, RA, Ravenna
2025-12-13 23:24:34,456 INFO Geocoded 0800161632 -> 44.4403718 12.2923064
2025-12-13 23:24:34,458 INFO Processing [89/294] 0800161706
2025-12-13 23:24:34,458 INFO Geocoding [89/294] 0800161706 — Ravenna, via Mazzini, 30/ 32/ 34
2025-12-13 23:24:34,458 INFO Geocoded 0800161706 -> 44.4133761 12.2012144
2025-12-13 23:24:34,460 INFO Processing [90/294] 0800161775
2025-12-13 23:24:34,460 INFO Geocoding [90/294] 0800161775 — Ravenna, Via Tombesi Dall'Ova, 14
2025-12-13 23:24:34,460 INFO Geocoded 0800161775 -> 44.4149746 12.2014104
2025-12-13 23:24:34,462 INFO Processing [91/294] 0800266235
2025-12-13 23:24:34,463 INFO Geocoding [91/294] 0800266235 — Ravenna, COCCOLIA, via Ravegnana, 731
2025-12-13 23:24:34,463 INFO Geocoded 0800266235 -> 44.4020871 12.1964898
2025-12-13 23:24:34,467 INFO Processing [92/294] 0800161635
2025-12-13 23:24:34,471 INFO Geocoding [92/294] 0800161635 — Ravenna, Via Bastione, 0
2025-12-13 23:24:34,472 INFO Geocoded 0800161635 -> 44.4116469 12.2008539
2025-12-13 23:24:34,476 INFO Processing [93/294] 0800161759
2025-12-13 23:24:34,477 INFO Geocoding [93/294] 0800161759 — Ravenna, via N. Rondinelli, 4, 6
2025-12-13 23:24:34,478 INFO Geocoded 0800161759 -> 44.4161414 12.2017617
2025-12-13 23:24:34,490 INFO Processing [94/294] 0800161618
2025-12-13 23:24:34,491 INFO Geocoding [94/294] 0800161618 — Ravenna, Via G. da Polenta, 0
2025-12-13 23:24:34,491 INFO Geocoded 0800161618 -> 44.4161414 12.2017617
2025-12-13 23:24:34,493 INFO Processing [95/294] 0800308254
2025-12-13 23:24:34,494 INFO Geocoding [95/294] 0800308254 — Ravenna, Via Pietro Alighieri, 4
2025-12-13 23:24:34,494 INFO Geocoded 0800308254 -> 44.4212391 12.1986667
2025-12-13 23:24:34,503 INFO Processing [96/294] 0800161747
2025-12-13 23:24:34,503 INFO Geocoding [96/294] 0800161747 — Ravenna, Via Di Roma, 0
2025-12-13 23:24:34,503 INFO Geocoded 0800161747 -> 44.4179146 12.2035804
2025-12-13 23:24:34,505 INFO Processing [97/294] 0800161738
2025-12-13 23:24:34,506 INFO Geocoding [97/294] 0800161738 — Ravenna, via di Roma, 108
2025-12-13 23:24:34,506 INFO Geocoded 0800161738 -> 44.4156956 12.2045014
2025-12-13 23:24:34,510 INFO Processing [98/294] 0800161626
2025-12-13 23:24:34,512 INFO Geocoding [98/294] 0800161626 — Ravenna, P.zza Anita Garibaldi, 0
2025-12-13 23:24:34,514 INFO Geocoded 0800161626 -> 44.418002 12.2049025
2025-12-13 23:24:34,517 INFO Processing [99/294] 0800266221
2025-12-13 23:24:34,518 INFO Geocoding [99/294] 0800266221 — Ravenna, via C. Cattaneo, 34
2025-12-13 23:24:34,518 INFO Geocoded 0800266221 -> 44.4161414 12.2017617
2025-12-13 23:24:34,521 INFO Processing [100/294] 0800161807
2025-12-13 23:24:34,521 INFO Geocoding [100/294] 0800161807 — Ravenna, Via Sale, 102
2025-12-13 23:24:34,522 INFO Geocoded 0800161807 -> 44.4161414 12.2017617
2025-12-13 23:24:34,525 INFO Processing [101/294] 0800161809
2025-12-13 23:24:34,526 INFO Geocoding [101/294] 0800161809 — Ravenna, SAN PIETRO IN TRENTO, via Alturie, 30
2025-12-13 23:24:34,528 INFO Geocoded 0800161809 -> 44.4161414 12.2017617
2025-12-13 23:24:34,533 INFO Processing [102/294] 0800161743
2025-12-13 23:24:34,534 INFO Geocoding [102/294] 0800161743 — Ravenna, Via Di Roma, 13
2025-12-13 23:24:34,534 INFO Geocoded 0800161743 -> 44.4137584 12.2062623
2025-12-13 23:24:34,535 INFO Processing [103/294] 0800161772
2025-12-13 23:24:34,536 INFO Geocoding [103/294] 0800161772 — Ravenna, Via S.Vitale, 17
2025-12-13 23:24:34,536 INFO Geocoded 0800161772 -> 44.4161414 12.2017617
2025-12-13 23:24:34,538 INFO Processing [104/294] 0800309000
2025-12-13 23:24:34,539 INFO Geocoding [104/294] 0800309000 — Ravenna, RAVENNA, via Alberoni, 12
2025-12-13 23:24:34,539 INFO Geocoded 0800309000 -> 44.4162155 12.2064413
2025-12-13 23:24:34,542 INFO Processing [105/294] 0800161782
2025-12-13 23:24:34,542 INFO Geocoding [105/294] 0800161782 — Ravenna, via Zirardini, 14
2025-12-13 23:24:34,543 INFO Geocoded 0800161782 -> 44.4081745 12.2486868
2025-12-13 23:24:34,544 INFO Processing [106/294] 0800266254
2025-12-13 23:24:34,544 INFO Geocoding [106/294] 0800266254 — Ravenna, via Montecatini, 3
2025-12-13 23:24:34,544 INFO Geocoded 0800266254 -> 44.4265013 12.2152229
2025-12-13 23:24:34,547 INFO Processing [107/294] 0800161746
2025-12-13 23:24:34,547 INFO Geocoding [107/294] 0800161746 — Italia, Emilia Romagna, RA, Ravenna
2025-12-13 23:24:34,548 INFO Geocoded 0800161746 -> 44.4161414 12.2017617
2025-12-13 23:24:34,554 INFO Processing [108/294] 0800161777
2025-12-13 23:24:34,555 INFO Geocoding [108/294] 0800161777 — Ravenna, via XIII Giugno, 0
2025-12-13 23:24:34,555 INFO Geocoded 0800161777 -> 44.4161414 12.2017617
2025-12-13 23:24:34,561 INFO Processing [109/294] 0800161648
2025-12-13 23:24:34,565 INFO Geocoding [109/294] 0800161648 — Ravenna, Via Castel S. Pietro, 0
2025-12-13 23:24:34,566 INFO Geocoded 0800161648 -> 44.4107523 12.2019899
2025-12-13 23:24:34,570 INFO Processing [110/294] 0800308268
2025-12-13 23:24:34,570 INFO Geocoding [110/294] 0800308268 — Ravenna, Via Zignani, 44
2025-12-13 23:24:34,570 INFO Geocoded 0800308268 -> 44.4161414 12.2017617
2025-12-13 23:24:34,573 INFO Processing [111/294] 0800161677
2025-12-13 23:24:34,574 INFO Geocoding [111/294] 0800161677 — Ravenna, Via Galla Placidia, 0
2025-12-13 23:24:34,574 INFO Geocoded 0800161677 -> 44.4213171 12.1971941
2025-12-13 23:24:34,578 INFO Processing [112/294] 0800161698
2025-12-13 23:24:34,580 INFO Geocoding [112/294] 0800161698 — Ravenna, via Mariani, 5
2025-12-13 23:24:34,582 INFO Geocoded 0800161698 -> 44.4172272 12.2017926
2025-12-13 23:24:34,585 INFO Processing [113/294] 0800161703
2025-12-13 23:24:34,585 INFO Geocoding [113/294] 0800161703 — Ravenna, Via A. Mariani, 46
2025-12-13 23:24:34,586 INFO Geocoded 0800161703 -> 44.4161414 12.2017617
2025-12-13 23:24:34,588 INFO Processing [114/294] 0800161685
2025-12-13 23:24:34,588 INFO Geocoding [114/294] 0800161685 — Ravenna, via Guaccimanni, 40/ 40A/ 42
2025-12-13 23:24:34,589 INFO Geocoded 0800161685 -> 44.4157906 12.2031660
2025-12-13 23:24:34,592 INFO Processing [115/294] 0800161655
2025-12-13 23:24:34,593 INFO Geocoding [115/294] 0800161655 — Ravenna, via Paolo Costa, 22/ 24
2025-12-13 23:24:34,594 INFO Geocoded 0800161655 -> 44.4190397 12.2031214
2025-12-13 23:24:34,596 INFO Processing [116/294] 0800266231
2025-12-13 23:24:34,597 INFO Geocoding [116/294] 0800266231 — Ravenna, via San Vitale, 21
2025-12-13 23:24:34,598 INFO Geocoded 0800266231 -> 44.4453596 12.1783393
2025-12-13 23:24:34,601 INFO Processing [117/294] 0800161726
2025-12-13 23:24:34,602 INFO Geocoding [117/294] 0800161726 — Ravenna, Via Oberdan, 6
2025-12-13 23:24:34,604 INFO Geocoded 0800161726 -> 44.4162304 12.1948771
2025-12-13 23:24:34,607 INFO Processing [118/294] 0800161643
2025-12-13 23:24:34,607 INFO Geocoding [118/294] 0800161643 — Ravenna, Via Battistero, 0
2025-12-13 23:24:34,608 INFO Geocoded 0800161643 -> 44.4156662 12.1974887
2025-12-13 23:24:34,614 INFO Processing [119/294] 0800161781
2025-12-13 23:24:34,616 INFO Geocoding [119/294] 0800161781 — Ravenna, via Zagarelli alle Mura, 2/a
2025-12-13 23:24:34,617 INFO Geocoded 0800161781 -> 44.4123719 12.2061048
2025-12-13 23:24:34,621 INFO Processing [120/294] 0800308253
2025-12-13 23:24:34,621 INFO Geocoding [120/294] 0800308253 — Ravenna, Via Pietro Alighieri, 6 - 8
2025-12-13 23:24:34,622 INFO Geocoded 0800308253 -> 44.4205504 12.2005826
2025-12-13 23:24:34,625 INFO Processing [121/294] 0800308257-bene componente
2025-12-13 23:24:34,625 INFO Geocoding [121/294] 0800308257-bene componente — Ravenna, Via Guaccimanni, 0
2025-12-13 23:24:34,625 INFO Geocoded 0800308257-bene componente -> 44.4157906 12.2031660
2025-12-13 23:24:34,629 INFO Processing [122/294] 0800161804
2025-12-13 23:24:34,631 INFO Geocoding [122/294] 0800161804 — Ravenna, via Nigrisoli, 62
2025-12-13 23:24:34,632 INFO Geocoded 0800161804 -> 44.4126971 12.1913677
2025-12-13 23:24:34,633 INFO Processing [123/294] 0800161795
2025-12-13 23:24:34,634 INFO Geocoding [123/294] 0800161795 — Ravenna, Via Argine destrofiume Ronco, 0
2025-12-13 23:24:34,634 INFO Geocoded 0800161795 -> 44.4161414 12.2017617
2025-12-13 23:24:34,636 INFO Processing [124/294] 0800161631
2025-12-13 23:24:34,637 INFO Geocoding [124/294] 0800161631 — Ravenna, P.zza Arcivescovado, 1
2025-12-13 23:24:34,637 INFO Geocoded 0800161631 -> 44.415209 12.1976094
2025-12-13 23:24:34,639 INFO Processing [125/294] 0800266237
2025-12-13 23:24:34,641 INFO Geocoding [125/294] 0800266237 — Ravenna, MARINA DI RAVENNA, via d'Allaggio
2025-12-13 23:24:34,641 INFO Geocoded 0800266237 -> 44.4161414 12.2017617
2025-12-13 23:24:34,644 INFO Processing [126/294] 0800161664
2025-12-13 23:24:34,645 INFO Geocoding [126/294] 0800161664 — Ravenna, via Massimo d'Azeglio, 10/ 12
2025-12-13 23:24:34,645 INFO Geocoded 0800161664 -> 44.4173154 12.1960133
2025-12-13 23:24:34,648 INFO Processing [127/294] 0800161772-bene componente
2025-12-13 23:24:34,649 INFO Skipping 0800161772-bene componente: no address
2025-12-13 23:24:34,655 INFO Processing [128/294] 0800161622-bene componente
2025-12-13 23:24:34,657 INFO Skipping 0800161622-bene componente: no address
2025-12-13 23:24:34,660 INFO Processing [129/294] 0800161805
2025-12-13 23:24:34,660 INFO Geocoding [129/294] 0800161805 — Ravenna, via Argine sinistro del Montone, 149
2025-12-13 23:24:34,661 INFO Geocoded 0800161805 -> 44.4161414 12.2017617
2025-12-13 23:24:34,663 INFO Processing [130/294] 0800161689
2025-12-13 23:24:34,664 INFO Geocoding [130/294] 0800161689 — Ravenna, Via Guaccimanni, 29
2025-12-13 23:24:34,664 INFO Geocoded 0800161689 -> 44.4157906 12.2031660
2025-12-13 23:24:34,669 INFO Processing [131/294] 0800161755
2025-12-13 23:24:34,670 INFO Geocoding [131/294] 0800161755 — Ravenna, Via Di Roma, 116
2025-12-13 23:24:34,670 INFO Geocoded 0800161755 -> 44.4161869 12.2042761
2025-12-13 23:24:34,672 INFO Processing [132/294] 0800266224
2025-12-13 23:24:34,673 INFO Geocoding [132/294] 0800266224 — Ravenna, Via Guido Da Polenta, 4
2025-12-13 23:24:34,673 INFO Geocoded 0800266224 -> 44.4161896 12.2003242
2025-12-13 23:24:34,677 INFO Processing [133/294] 0800161779
2025-12-13 23:24:34,677 INFO Geocoding [133/294] 0800161779 — Ravenna, piazza XX Settembre, 5
2025-12-13 23:24:34,678 INFO Geocoded 0800161779 -> 44.4176313 12.1986317
2025-12-13 23:24:34,685 INFO Processing [134/294] 0800308248
2025-12-13 23:24:34,686 INFO Geocoding [134/294] 0800308248 — Ravenna, Via di Classe Fuori, 0
2025-12-13 23:24:34,687 INFO Geocoded 0800308248 -> 44.3914542 12.2523379
2025-12-13 23:24:34,690 INFO Processing [135/294] 0800161650
2025-12-13 23:24:34,691 INFO Geocoding [135/294] 0800161650 — Ravenna, via Cavour, 10
2025-12-13 23:24:34,692 INFO Geocoded 0800161650 -> 44.4190425 12.1968242
2025-12-13 23:24:34,694 INFO Processing [136/294] 0800308272
2025-12-13 23:24:34,694 INFO Geocoding [136/294] 0800308272 — Ravenna, Via Del Borgo, 1
2025-12-13 23:24:34,695 INFO Geocoded 0800308272 -> 44.3560702 12.1543025
2025-12-13 23:24:34,700 INFO Processing [137/294] 0800161813
2025-12-13 23:24:34,701 INFO Geocoding [137/294] 0800161813 — Ravenna, via di Roma, 0
2025-12-13 23:24:34,701 INFO Geocoded 0800161813 -> 44.4179146 12.2035804
2025-12-13 23:24:34,703 INFO Processing [138/294] 0800161732
2025-12-13 23:24:34,704 INFO Geocoding [138/294] 0800161732 — Ravenna, Via C. Ricci, 0
2025-12-13 23:24:34,705 INFO Geocoded 0800161732 -> 44.4161414 12.2017617
2025-12-13 23:24:34,707 INFO Processing [139/294] 0800161657
2025-12-13 23:24:34,708 INFO Geocoding [139/294] 0800161657 — Ravenna, Ponte Marino, 2
2025-12-13 23:24:34,708 INFO Geocoded 0800161657 -> 44.4161414 12.2017617
2025-12-13 23:24:34,710 INFO Processing [140/294] 0800161744
2025-12-13 23:24:34,710 INFO Geocoding [140/294] 0800161744 — Ravenna, Via Di Roma, 0
2025-12-13 23:24:34,711 INFO Geocoded 0800161744 -> 44.4179146 12.2035804
2025-12-13 23:24:34,712 INFO Processing [141/294] 0800161624
2025-12-13 23:24:34,713 INFO Geocoding [141/294] 0800161624 — Ravenna, Via Pietro Alighieri, 4, 6, 8
2025-12-13 23:24:34,714 INFO Geocoded 0800161624 -> 44.4212391 12.1986667
2025-12-13 23:24:34,716 INFO Processing [142/294] 0800161754
2025-12-13 23:24:34,717 INFO Geocoding [142/294] 0800161754 — Ravenna, Via Di Roma, 68
2025-12-13 23:24:34,718 INFO Geocoded 0800161754 -> 44.4143243 12.2052363
2025-12-13 23:24:34,722 INFO Processing [143/294] 0800161634
2025-12-13 23:24:34,722 INFO Geocoding [143/294] 0800161634 — Ravenna, piazzetta degli Ariani, 0
2025-12-13 23:24:34,722 INFO Geocoded 0800161634 -> 44.4161414 12.2017617
2025-12-13 23:24:34,724 INFO Processing [144/294] 0800161725
2025-12-13 23:24:34,726 INFO Geocoding [144/294] 0800161725 — Ravenna, P.zza Duomo, 4
2025-12-13 23:24:34,727 INFO Geocoded 0800161725 -> 44.4159807 12.1958255
2025-12-13 23:24:34,735 INFO Processing [145/294] 0800161776
2025-12-13 23:24:34,736 INFO Geocoding [145/294] 0800161776 — Ravenna, via XIII Giugno, 8
2025-12-13 23:24:34,737 INFO Geocoded 0800161776 -> 44.4161414 12.2017617
2025-12-13 23:24:34,739 INFO Processing [146/294] 0800161751
2025-12-13 23:24:34,740 INFO Geocoding [146/294] 0800161751 — Ravenna, via di Roma, 202
2025-12-13 23:24:34,740 INFO Geocoded 0800161751 -> 44.4197583 12.2027891
2025-12-13 23:24:34,744 INFO Processing [147/294] 0800319232
2025-12-13 23:24:34,745 INFO Geocoding [147/294] 0800319232 — Ravenna, Piazza del Popolo, 23
2025-12-13 23:24:34,746 INFO Geocoded 0800319232 -> 44.4177433 12.2003747
2025-12-13 23:24:34,749 INFO Processing [148/294] 0800161723
2025-12-13 23:24:34,749 INFO Geocoding [148/294] 0800161723 — Ravenna, Via Monti, 0
2025-12-13 23:24:34,749 INFO Geocoded 0800161723 -> 44.4504896 12.2147229
2025-12-13 23:24:34,751 INFO Processing [149/294] 0800319246-bene individuo
2025-12-13 23:24:34,752 INFO Geocoding [149/294] 0800319246-bene individuo — Ravenna, Piazza del Popolo, 0
2025-12-13 23:24:34,752 INFO Geocoded 0800319246-bene individuo -> 44.4178985 12.1992196
2025-12-13 23:24:34,754 INFO Processing [150/294] 0800308256-bene componente
2025-12-13 23:24:34,754 INFO Geocoding [150/294] 0800308256-bene componente — Ravenna, Via Guaccimanni, 44
2025-12-13 23:24:34,755 INFO Geocoded 0800308256-bene componente -> 44.4157906 12.2031660
2025-12-13 23:24:34,757 INFO Processing [151/294] 0800161760
2025-12-13 23:24:34,757 INFO Geocoding [151/294] 0800161760 — Ravenna, via Rondinelli, 0
2025-12-13 23:24:34,758 INFO Geocoded 0800161760 -> 44.4135805 12.1981074
2025-12-13 23:24:34,760 INFO Processing [152/294] 0800161728
2025-12-13 23:24:34,761 INFO Geocoding [152/294] 0800161728 — Ravenna, via XIII Giugno, 2/ 4, piazza del Popolo
2025-12-13 23:24:34,761 INFO Geocoded 0800161728 -> 44.4161414 12.2017617
2025-12-13 23:24:34,763 INFO Processing [153/294] 0800161668
2025-12-13 23:24:34,764 INFO Geocoding [153/294] 0800161668 — Ravenna, Via M. Dente, 0
2025-12-13 23:24:34,764 INFO Geocoded 0800161668 -> 44.4161414 12.2017617
2025-12-13 23:24:34,766 INFO Processing [154/294] 0800161691
2025-12-13 23:24:34,767 INFO Geocoding [154/294] 0800161691 — Ravenna, via Guaccimanni, 54
2025-12-13 23:24:34,768 INFO Geocoded 0800161691 -> 44.4157906 12.2031660
2025-12-13 23:24:34,771 INFO Processing [155/294] 0800161802
2025-12-13 23:24:34,772 INFO Geocoding [155/294] 0800161802 — Ravenna, CASALBORSETTI
2025-12-13 23:24:34,772 INFO Geocoded 0800161802 -> 44.4161414 12.2017617
2025-12-13 23:24:34,777 INFO Processing [156/294] 0800161695
2025-12-13 23:24:34,778 INFO Geocoding [156/294] 0800161695 — Ravenna, Piazza Kennedy, 0
2025-12-13 23:24:34,782 INFO Geocoded 0800161695 -> 44.4168581 12.1974394
2025-12-13 23:24:34,787 INFO Processing [157/294] 0800308271
2025-12-13 23:24:34,788 INFO Geocoding [157/294] 0800308271 — Ravenna, MANDRIOLE, Via Mandriole, 122
2025-12-13 23:24:34,788 INFO Geocoded 0800308271 -> 44.4161414 12.2017617
2025-12-13 23:24:34,794 INFO Processing [158/294] 0800161765
2025-12-13 23:24:34,795 INFO Geocoding [158/294] 0800161765 — Ravenna, Via G. Rossi, 2
2025-12-13 23:24:34,797 INFO Geocoded 0800161765 -> 44.4161414 12.2017617
2025-12-13 23:24:34,801 INFO Processing [159/294] 0800161640
2025-12-13 23:24:34,801 INFO Geocoding [159/294] 0800161640 — Ravenna, Via C.B. Barbiani,0
2025-12-13 23:24:34,802 INFO Geocoded 0800161640 -> 44.4161414 12.2017617
2025-12-13 23:24:34,803 INFO Processing [160/294] 0800161696
2025-12-13 23:24:34,803 INFO Geocoding [160/294] 0800161696 — Ravenna, P.zza Mameli, 0
2025-12-13 23:24:34,803 INFO Geocoded 0800161696 -> 44.4190553 12.2053327
2025-12-13 23:24:34,805 INFO Processing [161/294] 0800161680
2025-12-13 23:24:34,805 INFO Geocoding [161/294] 0800161680 — Ravenna, via Romolo Gessi, 18
2025-12-13 23:24:34,805 INFO Geocoded 0800161680 -> 44.4157737 12.1981351
2025-12-13 23:24:34,808 INFO Processing [162/294] 0800161740
2025-12-13 23:24:34,808 INFO Geocoding [162/294] 0800161740 — Ravenna, via di Roma, 69
2025-12-13 23:24:34,808 INFO Geocoded 0800161740 -> 44.4172839 12.2039997
2025-12-13 23:24:34,809 INFO Processing [163/294] 0800161798
2025-12-13 23:24:34,809 INFO Geocoding [163/294] 0800161798 — Ravenna, Via Chiesa, 1
2025-12-13 23:24:34,810 INFO Geocoded 0800161798 -> 44.5158582 12.1066965
2025-12-13 23:24:34,811 INFO Processing [164/294] 0800161711
2025-12-13 23:24:34,811 INFO Geocoding [164/294] 0800161711 — Ravenna, via G. Mazzini, 65
2025-12-13 23:24:34,811 INFO Geocoded 0800161711 -> 44.4161414 12.2017617
2025-12-13 23:24:34,814 INFO Processing [165/294] 0800161670
2025-12-13 23:24:34,815 INFO Geocoding [165/294] 0800161670 — Ravenna, Via A. Diaz, 4, 6 , 8
2025-12-13 23:24:34,815 INFO Geocoded 0800161670 -> 44.4161414 12.2017617
2025-12-13 23:24:34,818 INFO Processing [166/294] 0800161701
2025-12-13 23:24:34,819 INFO Geocoding [166/294] 0800161701 — Ravenna, Via Mariani, 26
2025-12-13 23:24:34,820 INFO Geocoded 0800161701 -> 44.4172272 12.2017926
2025-12-13 23:24:34,825 INFO Processing [167/294] 0800161645
2025-12-13 23:24:34,826 INFO Geocoding [167/294] 0800161645 — Ravenna, via Cairoli, 10/ 12/16
2025-12-13 23:24:34,826 INFO Geocoded 0800161645 -> 44.4170790 12.1993977
2025-12-13 23:24:34,834 INFO Processing [168/294] 0800161692
2025-12-13 23:24:34,834 INFO Geocoding [168/294] 0800161692 — Ravenna, via Guerrini, 11
2025-12-13 23:24:34,835 INFO Geocoded 0800161692 -> 44.4157687 12.1987216
2025-12-13 23:24:34,838 INFO Processing [169/294] 0800319233
2025-12-13 23:24:34,840 INFO Geocoding [169/294] 0800319233 — Ravenna, via Galla Placidia, 0
2025-12-13 23:24:34,842 INFO Geocoded 0800319233 -> 44.4213171 12.1971941
2025-12-13 23:24:34,849 INFO Processing [170/294] 0800161787
2025-12-13 23:24:34,850 INFO Geocoding [170/294] 0800161787 — Ravenna, via Strada Provinciale Bagnolo, 0
2025-12-13 23:24:34,850 INFO Geocoded 0800161787 -> 44.4161414 12.2017617
2025-12-13 23:24:34,852 INFO Processing [171/294] 0800161757-bene componente
2025-12-13 23:24:34,852 INFO Skipping 0800161757-bene componente: no address
2025-12-13 23:24:34,854 INFO Processing [172/294] 0800266242
2025-12-13 23:24:34,855 INFO Geocoding [172/294] 0800266242 — Ravenna, SAN BARTOLO, via Argine Destro Ronco, 98
2025-12-13 23:24:34,856 INFO Geocoded 0800266242 -> 44.3615418 12.1640316
2025-12-13 23:24:34,857 INFO Processing [173/294] 0800308275
2025-12-13 23:24:34,857 INFO Geocoding [173/294] 0800308275 — Ravenna, SANTO STEFANO - CARRAIE, via Cella, 0, Carraia Ginanni
2025-12-13 23:24:34,858 INFO Geocoded 0800308275 -> 44.3601333 12.1816153
2025-12-13 23:24:34,859 INFO Processing [174/294] 0800319247-bene individuo
2025-12-13 23:24:34,859 INFO Geocoding [174/294] 0800319247-bene individuo — Ravenna, via Nino Bixio, 23
2025-12-13 23:24:34,860 INFO Geocoded 0800319247-bene individuo -> 44.4137504 12.1948266
2025-12-13 23:24:34,861 INFO Processing [175/294] 0800161761
2025-12-13 23:24:34,861 INFO Geocoding [175/294] 0800161761 — Ravenna, Via Girolamo Rossi, 0
2025-12-13 23:24:34,862 INFO Geocoded 0800161761 -> 44.4200553 12.2012274
2025-12-13 23:24:34,866 INFO Processing [176/294] 0800319300
2025-12-13 23:24:34,867 INFO Geocoding [176/294] 0800319300 — Ravenna, Piazza del popolo, 0
2025-12-13 23:24:34,868 INFO Geocoded 0800319300 -> 44.4178985 12.1992196
2025-12-13 23:24:34,873 INFO Processing [177/294] 0800161637
2025-12-13 23:24:34,873 INFO Geocoding [177/294] 0800161637 — Ravenna
2025-12-13 23:24:34,873 INFO Geocoded 0800161637 -> 44.4161414 12.2017617
2025-12-13 23:24:34,876 INFO Processing [178/294] 0800161669
2025-12-13 23:24:34,877 INFO Geocoding [178/294] 0800161669 — Ravenna, Via Tombesi Dall'Ova, 0
2025-12-13 23:24:34,878 INFO Geocoded 0800161669 -> 44.4149318 12.2036117
2025-12-13 23:24:34,885 INFO Processing [179/294] 0800161642
2025-12-13 23:24:34,887 INFO Geocoding [179/294] 0800161642 — Ravenna, P.zza Duomo, 0
2025-12-13 23:24:34,888 INFO Geocoded 0800161642 -> 44.4154629 12.1960428
2025-12-13 23:24:34,892 INFO Processing [180/294] 0800161758
2025-12-13 23:24:34,892 INFO Geocoding [180/294] 0800161758 — Ravenna, via di Roma, 0
2025-12-13 23:24:34,892 INFO Geocoded 0800161758 -> 44.4179146 12.2035804
2025-12-13 23:24:34,895 INFO Processing [181/294] 0800161726-bene complesso
2025-12-13 23:24:34,896 INFO Skipping 0800161726-bene complesso: no address
2025-12-13 23:24:34,902 INFO Processing [182/294] 0800308262
2025-12-13 23:24:34,902 INFO Geocoding [182/294] 0800308262 — Ravenna, SAN ZACCARIA, Via Dismano, 0
2025-12-13 23:24:34,903 INFO Geocoded 0800308262 -> 44.4016144 12.207177
2025-12-13 23:24:34,905 INFO Processing [183/294] 0800161684
2025-12-13 23:24:34,906 INFO Geocoding [183/294] 0800161684 — Emilia-Romagna, RA, Ravenna
2025-12-13 23:24:34,906 INFO Geocoded 0800161684 -> 44.4403718 12.2923064
2025-12-13 23:24:34,908 INFO Processing [184/294] 0800161736
2025-12-13 23:24:34,908 INFO Geocoding [184/294] 0800161736 — Ravenna, Via Di Roma, 102
2025-12-13 23:24:34,909 INFO Geocoded 0800161736 -> 44.4152614 12.2047199
2025-12-13 23:24:34,910 INFO Processing [185/294] 0800161742
2025-12-13 23:24:34,910 INFO Geocoding [185/294] 0800161742 — Ravenna, Via Di Roma, 0
2025-12-13 23:24:34,910 INFO Geocoded 0800161742 -> 44.4179146 12.2035804
2025-12-13 23:24:34,912 INFO Processing [186/294] 0800161719
2025-12-13 23:24:34,913 INFO Geocoding [186/294] 0800161719 — Ravenna, Via G. Mazzini, 44
2025-12-13 23:24:34,914 INFO Geocoded 0800161719 -> 44.4161414 12.2017617
2025-12-13 23:24:34,918 INFO Processing [187/294] 0800266230
2025-12-13 23:24:34,921 INFO Geocoding [187/294] 0800266230 — Ravenna, via San Vitale, 34, 36,38, 40, 42, via M. Fanti, 19
2025-12-13 23:24:34,921 INFO Geocoded 0800266230 -> 44.4197925 12.1964832
2025-12-13 23:24:34,924 INFO Processing [188/294] 0800319236
2025-12-13 23:24:34,924 INFO Geocoding [188/294] 0800319236 — Ravenna, via Castello, 74
2025-12-13 23:24:34,924 INFO Geocoded 0800319236 -> 44.4161414 12.2017617
2025-12-13 23:24:34,932 INFO Processing [189/294] 0800266245
2025-12-13 23:24:34,935 INFO Geocoding [189/294] 0800266245 — Ravenna, SAN PIETRO IN VINCOLI
2025-12-13 23:24:34,936 INFO Geocoded 0800266245 -> 44.4161414 12.2017617
2025-12-13 23:24:34,939 INFO Processing [190/294] 0800161624-bene complesso
2025-12-13 23:24:34,940 INFO Skipping 0800161624-bene complesso: no address
2025-12-13 23:24:34,943 INFO Processing [191/294] 0800161620
2025-12-13 23:24:34,946 INFO Geocoding [191/294] 0800161620 — Ravenna, Piazza S.Francesco, 0
2025-12-13 23:24:34,946 INFO Geocoded 0800161620 -> 44.4161414 12.2017617
2025-12-13 23:24:34,951 INFO Processing [192/294] 0800161619-bene complesso
2025-12-13 23:24:34,951 INFO Skipping 0800161619-bene complesso: no address
2025-12-13 23:24:34,953 INFO Processing [193/294] 0800266239
2025-12-13 23:24:34,954 INFO Geocoding [193/294] 0800266239 — Ravenna, PIANGIPANE, via Galassa, 10
2025-12-13 23:24:34,954 INFO Geocoded 0800266239 -> 44.4063703 12.089004
2025-12-13 23:24:34,958 INFO Processing [194/294] 0800161803
2025-12-13 23:24:34,960 INFO Geocoding [194/294] 0800161803 — Ravenna, Via O. Guerrini
2025-12-13 23:24:34,960 INFO Geocoded 0800161803 -> 44.4161414 12.2017617
2025-12-13 23:24:34,968 INFO Processing [195/294] 0800308264-bene individuo
2025-12-13 23:24:34,969 INFO Geocoding [195/294] 0800308264-bene individuo — Ravenna, Via Trava, 2
2025-12-13 23:24:34,971 INFO Geocoded 0800308264-bene individuo -> 44.4161414 12.2017617
2025-12-13 23:24:34,977 INFO Processing [196/294] 0800161716
2025-12-13 23:24:34,978 INFO Geocoding [196/294] 0800161716 — Ravenna, Via Mazzini, 0
2025-12-13 23:24:34,981 INFO Geocoded 0800161716 -> 44.4133761 12.2012144
2025-12-13 23:24:34,983 INFO Processing [197/294] 0800161638
2025-12-13 23:24:34,984 INFO Geocoding [197/294] 0800161638 — Ravenna
2025-12-13 23:24:34,986 INFO Geocoded 0800161638 -> 44.4161414 12.2017617
2025-12-13 23:24:34,989 INFO Processing [198/294] 0800161663
2025-12-13 23:24:34,990 INFO Geocoding [198/294] 0800161663 — Ravenna, via Massimo d'Azeglio, 2
2025-12-13 23:24:34,990 INFO Geocoded 0800161663 -> 44.4168957 12.1964801
2025-12-13 23:24:34,992 INFO Processing [199/294] 0800308270
2025-12-13 23:24:34,993 INFO Geocoding [199/294] 0800308270 — Ravenna, CAMERLONA, Via S. Egidio, 0
2025-12-13 23:24:34,993 INFO Geocoded 0800308270 -> 44.4161414 12.2017617
2025-12-13 23:24:34,995 INFO Processing [200/294] 0800266226
2025-12-13 23:24:34,995 INFO Geocoding [200/294] 0800266226 — Ravenna, via Pasolini, 9
2025-12-13 23:24:34,996 INFO Geocoded 0800266226 -> 44.4086083 12.2475551
2025-12-13 23:24:35,001 INFO Processing [201/294] 0800161792
2025-12-13 23:24:35,004 INFO Geocoding [201/294] 0800161792 — Ravenna, GHIBULLO, via Ravegnana, 655
2025-12-13 23:24:35,004 INFO Geocoded 0800161792 -> 44.3360859 12.1258896
2025-12-13 23:24:35,005 INFO Processing [202/294] 0800319300-bene componente
2025-12-13 23:24:35,006 INFO Skipping 0800319300-bene componente: no address
2025-12-13 23:24:35,008 INFO Processing [203/294] 0800308263
2025-12-13 23:24:35,008 INFO Geocoding [203/294] 0800308263 — Ravenna, fraz. Gambellara, Via Gambellara, 79
2025-12-13 23:24:35,008 INFO Geocoded 0800308263 -> 44.3310383 12.1380768
2025-12-13 23:24:35,012 INFO Processing [204/294] 0800161700
2025-12-13 23:24:35,015 INFO Geocoding [204/294] 0800161700 — Ravenna, Via Mariani, 24
2025-12-13 23:24:35,018 INFO Geocoded 0800161700 -> 44.4172272 12.2017926
2025-12-13 23:24:35,022 INFO Processing [205/294] 0800266241
2025-12-13 23:24:35,022 INFO Geocoding [205/294] 0800266241 — Ravenna, via Baiona, 0
2025-12-13 23:24:35,023 INFO Geocoded 0800266241 -> 44.4586862 12.2340828
2025-12-13 23:24:35,025 INFO Processing [206/294] 0800266236
2025-12-13 23:24:35,025 INFO Geocoding [206/294] 0800266236 — Ravenna, MANDRIOLE, strada Comunale
2025-12-13 23:24:35,025 INFO Geocoded 0800266236 -> 44.4161414 12.2017617
2025-12-13 23:24:35,030 INFO Processing [207/294] 0800161811
2025-12-13 23:24:35,031 INFO Geocoding [207/294] 0800161811 — Ravenna, SANTERNO, via Palazza, 0
2025-12-13 23:24:35,033 INFO Geocoded 0800161811 -> 44.4161414 12.2017617
2025-12-13 23:24:35,035 INFO Processing [208/294] 0800266220
2025-12-13 23:24:35,036 INFO Geocoding [208/294] 0800266220 — Ravenna, via Carlo Cattaneo, 22
2025-12-13 23:24:35,036 INFO Geocoded 0800266220 -> 44.4186256 12.1955935
2025-12-13 23:24:35,039 INFO Processing [209/294] 0800161644-bene individuo
2025-12-13 23:24:35,040 INFO Skipping 0800161644-bene individuo: no address
2025-12-13 23:24:35,041 INFO Processing [210/294] 0800161694
2025-12-13 23:24:35,042 INFO Geocoding [210/294] 0800161694 — Ravenna, via delle Industrie, 0
2025-12-13 23:24:35,043 INFO Geocoded 0800161694 -> 44.4328054 12.2253643
2025-12-13 23:24:35,044 INFO Processing [211/294] 0800161762
2025-12-13 23:24:35,045 INFO Geocoding [211/294] 0800161762 — Ravenna, Via Girolamo Rossi, 0
2025-12-13 23:24:35,045 INFO Geocoded 0800161762 -> 44.4200553 12.2012274
2025-12-13 23:24:35,049 INFO Processing [212/294] 0800161771
2025-12-13 23:24:35,049 INFO Geocoding [212/294] 0800161771 — Ravenna, Via S.Vitale, 17
2025-12-13 23:24:35,050 INFO Geocoded 0800161771 -> 44.4161414 12.2017617
2025-12-13 23:24:35,055 INFO Processing [213/294] 0800308265-bene individuo
2025-12-13 23:24:35,055 INFO Geocoding [213/294] 0800308265-bene individuo — Ravenna, RONCALCECI, Via Babini, 246
2025-12-13 23:24:35,055 INFO Geocoded 0800308265-bene individuo -> 44.3471527 12.1324064
2025-12-13 23:24:35,058 INFO Processing [214/294] 0800161665
2025-12-13 23:24:35,060 INFO Geocoding [214/294] 0800161665 — Ravenna, via Massimo d'Azeglio, 38
2025-12-13 23:24:35,061 INFO Geocoded 0800161665 -> 44.4180807 12.1942878
2025-12-13 23:24:35,070 INFO Processing [215/294] 0800161630
2025-12-13 23:24:35,071 INFO Geocoding [215/294] 0800161630 — Ravenna, P.zza Arcivescovado, 1
2025-12-13 23:24:35,072 INFO Geocoded 0800161630 -> 44.415209 12.1976094
2025-12-13 23:24:35,078 INFO Processing [216/294] 0800161681
2025-12-13 23:24:35,078 INFO Geocoding [216/294] 0800161681 — Ravenna, via Romolo Gessi, 14/ 16
2025-12-13 23:24:35,081 INFO Geocoded 0800161681 -> 44.4157162 12.1981838
2025-12-13 23:24:35,085 INFO Processing [217/294] 0800319231
2025-12-13 23:24:35,086 INFO Geocoding [217/294] 0800319231 — Ravenna, via Diaz, 2
2025-12-13 23:24:35,086 INFO Geocoded 0800319231 -> 44.4181732 12.2019424
2025-12-13 23:24:35,089 INFO Processing [218/294] 0800161741
2025-12-13 23:24:35,089 INFO Geocoding [218/294] 0800161741 — Ravenna, Via Di Roma, 0
2025-12-13 23:24:35,090 INFO Geocoded 0800161741 -> 44.4179146 12.2035804
2025-12-13 23:24:35,091 INFO Processing [219/294] 0800161686
2025-12-13 23:24:35,091 INFO Geocoding [219/294] 0800161686 — Ravenna, via Guaccimanni, 11
2025-12-13 23:24:35,092 INFO Geocoded 0800161686 -> 44.4157906 12.2031660
2025-12-13 23:24:35,093 INFO Processing [220/294] 0800308269
2025-12-13 23:24:35,093 INFO Geocoding [220/294] 0800308269 — Ravenna, FILETTO, Via Roncalcesi, 0, 1,4 Km. dall'incrocio con via Nuova
2025-12-13 23:24:35,093 INFO Geocoded 0800308269 -> 44.4161414 12.2017617
2025-12-13 23:24:35,095 INFO Processing [221/294] 0800161810
2025-12-13 23:24:35,095 INFO Geocoding [221/294] 0800161810 — Ravenna, SANTO STEFANO - CARRAIE, via Cella, 0, Carraia Ginanni
2025-12-13 23:24:35,096 INFO Geocoded 0800161810 -> 44.3601333 12.1816153
2025-12-13 23:24:35,098 INFO Processing [222/294] 0800308261
2025-12-13 23:24:35,099 INFO Geocoding [222/294] 0800308261 — Ravenna, SAN ZACCARIA, Via Dismano, 663
2025-12-13 23:24:35,099 INFO Geocoded 0800308261 -> 44.3396858 12.2126471
2025-12-13 23:24:35,106 INFO Processing [223/294] 0800266219
2025-12-13 23:24:35,106 INFO Geocoding [223/294] 0800266219 — Ravenna, via Canale Molinetto, 90/ 92
2025-12-13 23:24:35,106 INFO Geocoded 0800266219 -> 44.4344235 12.2650348
2025-12-13 23:24:35,108 INFO Processing [224/294] 0800266244
2025-12-13 23:24:35,109 INFO Geocoding [224/294] 0800266244 — Ravenna, SAVARNA, via Basilica, 158
2025-12-13 23:24:35,109 INFO Geocoded 0800266244 -> 44.4988073 12.0885292
2025-12-13 23:24:35,118 INFO Processing [225/294] 0800161739
2025-12-13 23:24:35,119 INFO Geocoding [225/294] 0800161739 — Ravenna, via di Roma, 118
2025-12-13 23:24:35,119 INFO Geocoded 0800161739 -> 44.4163462 12.2042227
2025-12-13 23:24:35,124 INFO Processing [226/294] 0800161659
2025-12-13 23:24:35,125 INFO Geocoding [226/294] 0800161659 — Ravenna, via Paola Costa, 7
2025-12-13 23:24:35,126 INFO Geocoded 0800161659 -> 44.4161414 12.2017617
2025-12-13 23:24:35,128 INFO Processing [227/294] 0800161651
2025-12-13 23:24:35,129 INFO Geocoding [227/294] 0800161651 — Ravenna, Via Cavour, 0
2025-12-13 23:24:35,130 INFO Geocoded 0800161651 -> 44.4192517 12.1961854
2025-12-13 23:24:35,134 INFO Processing [228/294] 0800161806
2025-12-13 23:24:35,135 INFO Geocoding [228/294] 0800161806 — Ravenna, Strada Provinciale Faentina, 362
2025-12-13 23:24:35,135 INFO Geocoded 0800161806 -> 44.4161414 12.2017617
2025-12-13 23:24:35,136 INFO Processing [229/294] 0800161731
2025-12-13 23:24:35,137 INFO Geocoding [229/294] 0800161731 — Ravenna, via C. Ricci, 20,22 ,24
2025-12-13 23:24:35,137 INFO Geocoded 0800161731 -> 44.4161414 12.2017617
2025-12-13 23:24:35,138 INFO Processing [230/294] 0800161729
2025-12-13 23:24:35,139 INFO Geocoding [230/294] 0800161729 — Ravenna, Via Porta Gaza, 0
2025-12-13 23:24:35,139 INFO Geocoded 0800161729 -> 44.413645 12.1958459
2025-12-13 23:24:35,142 INFO Processing [231/294] 0800319340-bene individuo
2025-12-13 23:24:35,143 INFO Geocoding [231/294] 0800319340-bene individuo — Ravenna, Piazza Kennedy, 14,15,16,17
2025-12-13 23:24:35,143 INFO Geocoded 0800319340-bene individuo -> 44.4168581 12.1974394
2025-12-13 23:24:35,145 INFO Processing [232/294] 0800161674
2025-12-13 23:24:35,146 INFO Geocoding [232/294] 0800161674 — Ravenna, P.zza Duomo
2025-12-13 23:24:35,147 INFO Geocoded 0800161674 -> 44.4154629 12.1960428
2025-12-13 23:24:35,150 INFO Processing [233/294] 0800161778
2025-12-13 23:24:35,151 INFO Geocoding [233/294] 0800161778 — Ravenna, via XIII Giugno, 3
2025-12-13 23:24:35,152 INFO Geocoded 0800161778 -> 44.4161414 12.2017617
2025-12-13 23:24:35,156 INFO Processing [234/294] 0800161710
2025-12-13 23:24:35,156 INFO Geocoding [234/294] 0800161710 — Ravenna, Via Mazzini, 7
2025-12-13 23:24:35,157 INFO Geocoded 0800161710 -> 44.4133761 12.2012144
2025-12-13 23:24:35,166 INFO Processing [235/294] 0800161715
2025-12-13 23:24:35,168 INFO Geocoding [235/294] 0800161715 — Ravenna, Via Mazzini,0
2025-12-13 23:24:35,169 INFO Geocoded 0800161715 -> 44.4133761 12.2012144
2025-12-13 23:24:35,173 INFO Processing [236/294] 0800308253-bene componente
2025-12-13 23:24:35,173 INFO Skipping 0800308253-bene componente: no address
2025-12-13 23:24:35,175 INFO Processing [237/294] 0800161641
2025-12-13 23:24:35,175 INFO Geocoding [237/294] 0800161641 — Ravenna, P.zza Duomo, 0
2025-12-13 23:24:35,176 INFO Geocoded 0800161641 -> 44.4154629 12.1960428
2025-12-13 23:24:35,183 INFO Processing [238/294] 0800161707
2025-12-13 23:24:35,184 INFO Geocoding [238/294] 0800161707 — Ravenna, via Mazzini, 72
2025-12-13 23:24:35,185 INFO Geocoded 0800161707 -> 44.4133761 12.2012144
2025-12-13 23:24:35,186 INFO Processing [239/294] 0800319234
2025-12-13 23:24:35,187 INFO Geocoding [239/294] 0800319234 — Ravenna, FILETTO, via Roncalceci, 195
2025-12-13 23:24:35,187 INFO Geocoded 0800319234 -> 44.3573178 12.1094839
2025-12-13 23:24:35,189 INFO Processing [240/294] 0800161717
2025-12-13 23:24:35,190 INFO Geocoding [240/294] 0800161717 — Ravenna, via Mazzini, 76/ 78
2025-12-13 23:24:35,190 INFO Geocoded 0800161717 -> 44.4133761 12.2012144
2025-12-13 23:24:35,192 INFO Processing [241/294] 0800266228
2025-12-13 23:24:35,193 INFO Geocoding [241/294] 0800266228 — Ravenna, via Salara, 33/ 31
2025-12-13 23:24:35,194 INFO Geocoded 0800266228 -> 44.4199965 12.1984319
2025-12-13 23:24:35,195 INFO Processing [242/294] 0800308999-bene individuo
2025-12-13 23:24:35,195 INFO Skipping 0800308999-bene individuo: no address
2025-12-13 23:24:35,198 INFO Processing [243/294] 0800161771-bene componente
2025-12-13 23:24:35,199 INFO Skipping 0800161771-bene componente: no address
2025-12-13 23:24:35,203 INFO Processing [244/294] 0800161678
2025-12-13 23:24:35,204 INFO Geocoding [244/294] 0800161678 — Ravenna, Via Galla Placidia, 0
2025-12-13 23:24:35,205 INFO Geocoded 0800161678 -> 44.4213171 12.1971941
2025-12-13 23:24:35,207 INFO Processing [245/294] 0800161724
2025-12-13 23:24:35,208 INFO Geocoding [245/294] 0800161724 — Ravenna, Via Morigia, 1
2025-12-13 23:24:35,209 INFO Geocoded 0800161724 -> 44.4185410 12.1963069
2025-12-13 23:24:35,217 INFO Processing [246/294] 0800266227
2025-12-13 23:24:35,219 INFO Geocoding [246/294] 0800266227 — Ravenna, piazzetta degli Ariani, 0
2025-12-13 23:24:35,220 INFO Geocoded 0800266227 -> 44.4161414 12.2017617
2025-12-13 23:24:35,222 INFO Processing [247/294] 0800319235
2025-12-13 23:24:35,222 INFO Geocoding [247/294] 0800319235 — Ravenna, via Barleti, 5, 7, 9
2025-12-13 23:24:35,223 INFO Geocoded 0800319235 -> 44.3679462 12.0810017
2025-12-13 23:24:35,226 INFO Processing [248/294] 0800161788
2025-12-13 23:24:35,227 INFO Geocoding [248/294] 0800161788 — Ravenna, via Dismano, 749/ 747
2025-12-13 23:24:35,228 INFO Geocoded 0800161788 -> 44.4016144 12.207177
2025-12-13 23:24:35,232 INFO Processing [249/294] 0800161734
2025-12-13 23:24:35,233 INFO Geocoding [249/294] 0800161734 — Ravenna, via Rocca di Brancaleone, 0
2025-12-13 23:24:35,233 INFO Geocoded 0800161734 -> 44.4220621 12.2055153
2025-12-13 23:24:35,235 INFO Processing [250/294] 0800161623
2025-12-13 23:24:35,236 INFO Geocoding [250/294] 0800161623 — Ravenna, via Dante Alighieri, 2,4(P ),6
2025-12-13 23:24:35,236 INFO Geocoded 0800161623 -> 44.4166311 12.2008181
2025-12-13 23:24:35,242 INFO Processing [251/294] 0800308276
2025-12-13 23:24:35,242 INFO Geocoding [251/294] 0800308276 — Ravenna, SANTO STEFANO - CARRAIE, via Cella, 0, Carraia Ginanni
2025-12-13 23:24:35,242 INFO Geocoded 0800308276 -> 44.3601333 12.1816153
2025-12-13 23:24:35,244 INFO Processing [252/294] 0800309001
2025-12-13 23:24:35,245 INFO Geocoding [252/294] 0800309001 — Ravenna, vicolo Capannetti, 5
2025-12-13 23:24:35,245 INFO Geocoded 0800309001 -> 44.4091605 12.2010159
2025-12-13 23:24:35,249 INFO Processing [253/294] 0800161800
2025-12-13 23:24:35,250 INFO Geocoding [253/294] 0800161800 — Ravenna, strada comunale Carrarone Chiesa, 0
2025-12-13 23:24:35,252 INFO Trying Overpass for: street=strada comunale Carrarone Chiesa housenumber=None city=Ravenna
2025-12-13 23:24:36,458 INFO Nominatim query: {'street': 'strada comunale Carrarone Chiesa', 'city': 'Ravenna', 'state': 'Emilia-Romagna', 'country': 'Italy'}
2025-12-13 23:24:38,117 INFO Nominatim query: {'q': 'strada comunale Carrarone Chiesa, Ravenna, Emilia-Romagna, Italy'}
2025-12-13 23:24:39,898 INFO Nominatim query: {'q': 'Ravenna, Emilia-Romagna, Italy'}
2025-12-13 23:24:41,688 INFO Geocoded 0800161800 -> 44.4161414 12.2017617
2025-12-13 23:24:41,689 INFO Processing [254/294] 0800161808
2025-12-13 23:24:41,689 INFO Geocoding [254/294] 0800161808 — Ravenna, SAN PIETRO IN TRENTO, via Ramona, 55
2025-12-13 23:24:41,690 INFO Geocoded 0800161808 -> 44.3301274 12.0824160
2025-12-13 23:24:41,691 INFO Processing [255/294] 0800161627
2025-12-13 23:24:41,692 INFO Geocoding [255/294] 0800161627 — Ravenna, P.zza Anita Garibaldi, 0
2025-12-13 23:24:41,692 INFO Geocoded 0800161627 -> 44.418002 12.2049025
2025-12-13 23:24:41,699 INFO Processing [256/294] 0800308277-bene componente
2025-12-13 23:24:41,701 INFO Geocoding [256/294] 0800308277-bene componente — Ravenna, SANTO STEFANO - CARRAIE, via Cella, 0, Carraia Ginanni
2025-12-13 23:24:41,701 INFO Geocoded 0800308277-bene componente -> 44.3601333 12.1816153
2025-12-13 23:24:41,706 INFO Processing [257/294] 0800161673
2025-12-13 23:24:41,707 INFO Geocoding [257/294] 0800161673 — Ravenna, P.zza Duomo, 0
2025-12-13 23:24:41,707 INFO Geocoded 0800161673 -> 44.4154629 12.1960428
2025-12-13 23:24:41,710 INFO Processing [258/294] 0800161756
2025-12-13 23:24:41,710 INFO Geocoding [258/294] 0800161756 — Ravenna, via di Roma, 0
2025-12-13 23:24:41,711 INFO Geocoded 0800161756 -> 44.4179146 12.2035804
2025-12-13 23:24:41,718 INFO Processing [259/294] 0800161720
2025-12-13 23:24:41,718 INFO Geocoding [259/294] 0800161720 — Ravenna, Via Mazzini, 57
2025-12-13 23:24:41,719 INFO Geocoded 0800161720 -> 44.4133761 12.2012144
2025-12-13 23:24:41,723 INFO Processing [260/294] 0800161675
2025-12-13 23:24:41,723 INFO Geocoding [260/294] 0800161675 — Ravenna, via Ercolana, 29/ 31/ 33
2025-12-13 23:24:41,724 INFO Geocoded 0800161675 -> 44.4153195 12.1939154
2025-12-13 23:24:41,727 INFO Processing [261/294] 0800161712
2025-12-13 23:24:41,729 INFO Geocoding [261/294] 0800161712 — Ravenna, via G. Mazzini, 84
2025-12-13 23:24:41,731 INFO Geocoded 0800161712 -> 44.4161414 12.2017617
2025-12-13 23:24:41,734 INFO Processing [262/294] 0800161623-bene componente
2025-12-13 23:24:41,734 INFO Skipping 0800161623-bene componente: no address
2025-12-13 23:24:41,737 INFO Processing [263/294] 0800308273-bene individuo
2025-12-13 23:24:41,737 INFO Geocoding [263/294] 0800308273-bene individuo — Ravenna, Via Santerno, 0
2025-12-13 23:24:41,739 INFO Geocoded 0800308273-bene individuo -> 44.4654777 12.0885656
2025-12-13 23:24:41,742 INFO Processing [264/294] 0800161785
2025-12-13 23:24:41,743 INFO Geocoding [264/294] 0800161785 — Ravenna, via Petrosa, 0
2025-12-13 23:24:41,743 INFO Geocoded 0800161785 -> 44.4161414 12.2017617
2025-12-13 23:24:41,749 INFO Processing [265/294] 0800161697
2025-12-13 23:24:41,752 INFO Geocoding [265/294] 0800161697 — Ravenna, Via A. Mariani, 22
2025-12-13 23:24:41,753 INFO Geocoded 0800161697 -> 44.4161414 12.2017617
2025-12-13 23:24:41,758 INFO Processing [266/294] 0800266246
2025-12-13 23:24:41,758 INFO Geocoding [266/294] 0800266246 — Ravenna, SAN PIETRO IN VINCOLI, via del Sale Vecchia, 18
2025-12-13 23:24:41,759 INFO Geocoded 0800266246 -> 44.4161414 12.2017617
2025-12-13 23:24:41,761 INFO Processing [267/294] 0800161749
2025-12-13 23:24:41,762 INFO Geocoding [267/294] 0800161749 — Ravenna, Via Di Roma, 108
2025-12-13 23:24:41,765 INFO Geocoded 0800161749 -> 44.4156956 12.2045014
2025-12-13 23:24:41,768 INFO Processing [268/294] 0800161693
2025-12-13 23:24:41,769 INFO Geocoding [268/294] 0800161693 — Ravenna, via Guerrini, 15
2025-12-13 23:24:41,769 INFO Geocoded 0800161693 -> 44.4157687 12.1987216
2025-12-13 23:24:41,770 INFO Processing [269/294] 0800161783
2025-12-13 23:24:41,770 INFO Geocoding [269/294] 0800161783 — Ravenna, S.S. Adriatica, 16
2025-12-13 23:24:41,771 INFO Geocoded 0800161783 -> 44.4161414 12.2017617
2025-12-13 23:24:41,773 INFO Processing [270/294] 0800161667
2025-12-13 23:24:41,774 INFO Geocoding [270/294] 0800161667 — Ravenna, Via M. Dente, 0
2025-12-13 23:24:41,775 INFO Geocoded 0800161667 -> 44.4161414 12.2017617
2025-12-13 23:24:41,784 INFO Processing [271/294] 0800161722
2025-12-13 23:24:41,785 INFO Geocoding [271/294] 0800161722 — Ravenna, Via Monti, 0
2025-12-13 23:24:41,786 INFO Geocoded 0800161722 -> 44.4504896 12.2147229
2025-12-13 23:24:41,789 INFO Processing [272/294] 0800161752
2025-12-13 23:24:41,790 INFO Geocoding [272/294] 0800161752 — Ravenna, Via Di Roma, 98
2025-12-13 23:24:41,791 INFO Geocoded 0800161752 -> 44.415089 12.2048173
2025-12-13 23:24:41,797 INFO Processing [273/294] 0800319415
2025-12-13 23:24:41,798 INFO Geocoding [273/294] 0800319415 — Ravenna, via Dismano, 747
2025-12-13 23:24:41,798 INFO Geocoded 0800319415 -> 44.3416156 12.2128106
2025-12-13 23:24:41,803 INFO Processing [274/294] 0800161653
2025-12-13 23:24:41,803 INFO Geocoding [274/294] 0800161653 — Ravenna, via Paolo Costa, 2
2025-12-13 23:24:41,803 INFO Geocoded 0800161653 -> 44.4191432 12.200469
2025-12-13 23:24:41,807 INFO Processing [275/294] 0800266248
2025-12-13 23:24:41,810 INFO Geocoding [275/294] 0800266248 — Ravenna, via Villanova, 96
2025-12-13 23:24:41,812 INFO Geocoded 0800266248 -> 44.3805146 12.1176101
2025-12-13 23:24:41,819 INFO Processing [276/294] 0800161791
2025-12-13 23:24:41,819 INFO Geocoding [276/294] 0800161791 — Ravenna, FILETTO, Via Roncalceci, 0
2025-12-13 23:24:41,820 INFO Geocoded 0800161791 -> 44.3452707 12.1000114
2025-12-13 23:24:41,822 INFO Processing [277/294] 0800161671
2025-12-13 23:24:41,823 INFO Geocoding [277/294] 0800161671 — Ravenna, via Diaz, 15/ 13
2025-12-13 23:24:41,823 INFO Geocoded 0800161671 -> 44.4181732 12.2019424
2025-12-13 23:24:41,825 INFO Processing [278/294] 0800161727
2025-12-13 23:24:41,826 INFO Geocoding [278/294] 0800161727 — Ravenna, via Ponte Marino, 7,9
2025-12-13 23:24:41,826 INFO Geocoded 0800161727 -> 44.4192708 12.1995285
2025-12-13 23:24:41,827 INFO Processing [279/294] 0800308258
2025-12-13 23:24:41,827 INFO Geocoding [279/294] 0800308258 — Ravenna, PIANGIPANE, Via Galassa, 10
2025-12-13 23:24:41,828 INFO Geocoded 0800308258 -> 44.4063703 12.089004
2025-12-13 23:24:41,829 INFO Processing [280/294] 0800309001-bene individuo
2025-12-13 23:24:41,829 INFO Skipping 0800309001-bene individuo: no address
2025-12-13 23:24:41,830 INFO Processing [281/294] 0800161621-bene componente
2025-12-13 23:24:41,831 INFO Skipping 0800161621-bene componente: no address
2025-12-13 23:24:41,832 INFO Processing [282/294] 0800308255
2025-12-13 23:24:41,833 INFO Geocoding [282/294] 0800308255 — Ravenna, Via Guaccimanni, 44
2025-12-13 23:24:41,833 INFO Geocoded 0800308255 -> 44.4157906 12.2031660
2025-12-13 23:24:41,835 INFO Processing [283/294] 0800308278
2025-12-13 23:24:41,837 INFO Geocoding [283/294] 0800308278 — Ravenna, MARINA ROMEA, Via Fossatone, 0, all'interno della pineta San Vitale, in prossimità della Cà Vecchia
2025-12-13 23:24:41,838 INFO Geocoded 0800308278 -> 44.5083539 12.2270273
2025-12-13 23:24:41,843 INFO Processing [284/294] 0800161704
2025-12-13 23:24:41,843 INFO Geocoding [284/294] 0800161704 — Ravenna, via Salara, 40, 42
2025-12-13 23:24:41,844 INFO Geocoded 0800161704 -> 44.4205809 12.1989204
2025-12-13 23:24:41,848 INFO Processing [285/294] 0800161721
2025-12-13 23:24:41,849 INFO Geocoding [285/294] 0800161721 — Ravenna, Via Monti, 0
2025-12-13 23:24:41,849 INFO Geocoded 0800161721 -> 44.4504896 12.2147229
2025-12-13 23:24:41,853 INFO Processing [286/294] 0800266243
2025-12-13 23:24:41,853 INFO Geocoding [286/294] 0800266243 — Ravenna, SANTERNO, via Santerno, 284
2025-12-13 23:24:41,854 INFO Geocoded 0800266243 -> 44.4633892 12.0864934
2025-12-13 23:24:41,857 INFO Processing [287/294] 0800161789
2025-12-13 23:24:41,858 INFO Geocoding [287/294] 0800161789 — Ravenna, via Dismano, 749
2025-12-13 23:24:41,859 INFO Geocoded 0800161789 -> 44.3416156 12.2128106
2025-12-13 23:24:41,861 INFO Processing [288/294] 0800161801
2025-12-13 23:24:41,862 INFO Geocoding [288/294] 0800161801 — Ravenna, Via Stradone, 46
2025-12-13 23:24:41,863 INFO Geocoded 0800161801 -> 44.4026479 12.2454835
2025-12-13 23:24:41,864 INFO Processing [289/294] 0800266234
2025-12-13 23:24:41,865 INFO Geocoding [289/294] 0800266234 — Ravenna, piazza XX Settembre, 7
2025-12-13 23:24:41,865 INFO Geocoded 0800266234 -> 44.4176313 12.1986317
2025-12-13 23:24:41,867 INFO Processing [290/294] 0800161756-bene complesso
2025-12-13 23:24:41,867 INFO Skipping 0800161756-bene complesso: no address
2025-12-13 23:24:41,868 INFO Processing [291/294] 0800161790
2025-12-13 23:24:41,869 INFO Geocoding [291/294] 0800161790 — Ravenna, DURAZZANO, via Sisa, 17
2025-12-13 23:24:41,869 INFO Geocoded 0800161790 -> 44.4161414 12.2017617
2025-12-13 23:24:41,870 INFO Processing [292/294] 0800161636
2025-12-13 23:24:41,871 INFO Geocoding [292/294] 0800161636 — Ravenna
2025-12-13 23:24:41,871 INFO Geocoded 0800161636 -> 44.4161414 12.2017617
2025-12-13 23:24:41,872 INFO Processing [293/294] 0800161666
2025-12-13 23:24:41,872 INFO Geocoding [293/294] 0800161666 — Ravenna, Via M. D'Azeglio, 47
2025-12-13 23:24:41,872 INFO Geocoded 0800161666 -> 44.4161414 12.2017617
2025-12-13 23:24:41,873 INFO Processing [294/294] 0800161646
2025-12-13 23:24:41,873 INFO Geocoding [294/294] 0800161646 — Ravenna, via Cairoli, 27,25,23
2025-12-13 23:24:41,873 INFO Geocoded 0800161646 -> 44.4170790 12.1993977
2025-12-13 23:24:41,893 INFO DONE. Total=294 Processed=294 Updated=273
2025-12-14 08:18:14,136 INFO Found 294 cultural_heritage_site elements
2025-12-14 08:18:14,140 INFO Processing [1/294] 0800161620-bene componente
2025-12-14 08:18:14,141 INFO Skipping 0800161620-bene componente: no address
2025-12-14 08:18:14,149 INFO Processing [2/294] 0800308997
2025-12-14 08:18:14,150 INFO Geocoding [2/294] 0800308997 — Ravenna, via Guerrini, 0 , piazza Arcivescovado 0
2025-12-14 08:18:14,151 INFO Geocoded 0800308997 -> 43.8901265 12.9210025
2025-12-14 08:18:14,159 INFO Processing [3/294] 0800161656
2025-12-14 08:18:14,160 INFO Geocoding [3/294] 0800161656 — Ravenna, via Paolo Costa, 10
2025-12-14 08:18:14,160 INFO Geocoded 0800161656 -> 44.4191519 12.2014068
2025-12-14 08:18:14,168 INFO Processing [4/294] 0800161745
2025-12-14 08:18:14,168 INFO Geocoding [4/294] 0800161745 — Ravenna, Via Di Roma, 0
2025-12-14 08:18:14,168 INFO Geocoded 0800161745 -> 44.4179146 12.2035804
2025-12-14 08:18:14,170 INFO Processing [5/294] 0800161718
2025-12-14 08:18:14,170 INFO Geocoding [5/294] 0800161718 — Ravenna, Via Giuseppe Mazzini, 75
2025-12-14 08:18:14,174 INFO Trying Overpass for: street=Via Giuseppe Mazzini housenumber=75 city=Ravenna
2025-12-14 08:18:15,117 INFO Geocoded 0800161718 -> 44.4127662 12.2012895
2025-12-14 08:18:15,119 INFO Processing [6/294] 0800161753
2025-12-14 08:18:15,119 INFO Geocoding [6/294] 0800161753 — Ravenna, via di Roma, 47
2025-12-14 08:18:15,120 INFO Geocoded 0800161753 -> 44.4157928 12.2047522
2025-12-14 08:18:15,124 INFO Processing [7/294] 0800308260-bene complesso
2025-12-14 08:18:15,125 INFO Geocoding [7/294] 0800308260-bene complesso — Ravenna, SAN ZACCARIA, Via Dismano, 663
2025-12-14 08:18:15,127 INFO Geocoded 0800308260-bene complesso -> 44.3396858 12.2126471
2025-12-14 08:18:15,130 INFO Processing [8/294] 0800161652
2025-12-14 08:18:15,131 INFO Geocoding [8/294] 0800161652 — Ravenna, Via della Chiesa, 0
2025-12-14 08:18:15,131 INFO Geocoded 0800161652 -> 42.0815883 12.3505375
2025-12-14 08:18:15,135 INFO Processing [9/294] 0800266225
2025-12-14 08:18:15,135 INFO Geocoding [9/294] 0800266225 — Ravenna, via Galla Placida, 2
2025-12-14 08:18:15,136 INFO Geocoded 0800266225 -> 44.4161414 12.2017617
2025-12-14 08:18:15,137 INFO Processing [10/294] 0800161812
2025-12-14 08:18:15,138 INFO Geocoding [10/294] 0800161812 — Ravenna, via Casa Matha, 1/ 3, via IV Novembre, 37/ 39
2025-12-14 08:18:15,138 INFO Geocoded 0800161812 -> 44.4186502 12.1999931
2025-12-14 08:18:15,142 INFO Processing [11/294] 0800161757
2025-12-14 08:18:15,143 INFO Geocoding [11/294] 0800161757 — Ravenna, via di Roma, 0
2025-12-14 08:18:15,145 INFO Geocoded 0800161757 -> 44.4179146 12.2035804
2025-12-14 08:18:15,150 INFO Processing [12/294] 0800161768
2025-12-14 08:18:15,150 INFO Geocoding [12/294] 0800161768 — Ravenna, Vicolo San Nicandro, 0
2025-12-14 08:18:15,151 INFO Trying Overpass for: street=Vicolo San Nicandro housenumber=None city=Ravenna
2025-12-14 08:18:15,998 INFO Geocoded 0800161768 -> 44.4189612 12.2012252
2025-12-14 08:18:15,999 INFO Processing [13/294] 0800308997-bene individuo
2025-12-14 08:18:16,000 INFO Skipping 0800308997-bene individuo: no address
2025-12-14 08:18:16,003 INFO Processing [14/294] 0800319221
2025-12-14 08:18:16,004 INFO Geocoding [14/294] 0800319221 — Ravenna, Piazza del popolo, 0
2025-12-14 08:18:16,004 INFO Geocoded 0800319221 -> 44.4178985 12.1992196
2025-12-14 08:18:16,011 INFO Processing [15/294] 0800161735
2025-12-14 08:18:16,012 INFO Geocoding [15/294] 0800161735 — Ravenna, via di Roma, 0
2025-12-14 08:18:16,014 INFO Geocoded 0800161735 -> 44.4179146 12.2035804
2025-12-14 08:18:16,017 INFO Processing [16/294] 0800161629
2025-12-14 08:18:16,018 INFO Geocoding [16/294] 0800161629 — Ravenna, Piazza Anita Garibaldi, 0
2025-12-14 08:18:16,018 INFO Geocoded 0800161629 -> 44.418002 12.2049025
2025-12-14 08:18:16,020 INFO Processing [17/294] 0800161647
2025-12-14 08:18:16,020 INFO Geocoding [17/294] 0800161647 — Ravenna, Via del Candiano
2025-12-14 08:18:16,021 INFO Geocoded 0800161647 -> 44.4161414 12.2017617
2025-12-14 08:18:16,031 INFO Processing [18/294] 0800161750
2025-12-14 08:18:16,032 INFO Geocoding [18/294] 0800161750 — Ravenna, via di Roma, 113
2025-12-14 08:18:16,034 INFO Trying Overpass for: street=via di Roma housenumber=113 city=Ravenna
2025-12-14 08:18:16,888 INFO Geocoded 0800161750 -> 44.4198316 12.2029809
2025-12-14 08:18:16,890 INFO Processing [19/294] 0800161793
2025-12-14 08:18:16,891 INFO Geocoding [19/294] 0800161793 — Ravenna, Via Ravegnana, 0
2025-12-14 08:18:16,892 INFO Trying Overpass for: street=Via Ravegnana housenumber=None city=Ravenna
2025-12-14 08:18:17,812 INFO Geocoded 0800161793 -> 44.3569717 12.1549945
2025-12-14 08:18:17,813 INFO Processing [20/294] 0800161622
2025-12-14 08:18:17,814 INFO Geocoding [20/294] 0800161622 — Ravenna, Via Guido Da Polenta, 0
2025-12-14 08:18:17,814 INFO Geocoded 0800161622 -> 44.4162107 12.2004974
2025-12-14 08:18:17,817 INFO Processing [21/294] 0800266218
2025-12-14 08:18:17,817 INFO Geocoding [21/294] 0800266218 — Ravenna, via Dante Alighieri, 9
2025-12-14 08:18:17,818 INFO Geocoded 0800266218 -> 44.4163953 12.2007743
2025-12-14 08:18:17,823 INFO Processing [22/294] 0800309000-bene individuo
2025-12-14 08:18:17,824 INFO Skipping 0800309000-bene individuo: no address
2025-12-14 08:18:17,830 INFO Processing [23/294] 0800161774
2025-12-14 08:18:17,830 INFO Geocoding [23/294] 0800161774 — Ravenna, Via San Vitale, 17
2025-12-14 08:18:17,831 INFO Trying Overpass for: street=Via San Vitale housenumber=17 city=Ravenna
2025-12-14 08:18:18,788 INFO Geocoded 0800161774 -> 44.4201193 12.195915
2025-12-14 08:18:18,791 INFO Processing [24/294] 0800161628
2025-12-14 08:18:18,791 INFO Geocoding [24/294] 0800161628 — Ravenna, Piazza Anita Garibaldi, 0
2025-12-14 08:18:18,793 INFO Geocoded 0800161628 -> 44.418002 12.2049025
2025-12-14 08:18:18,799 INFO Processing [25/294] 0800161660
2025-12-14 08:18:18,800 INFO Geocoding [25/294] 0800161660 — Ravenna, Via Cura, 0
2025-12-14 08:18:18,801 INFO Geocoded 0800161660 -> 44.4182612 12.1938362
2025-12-14 08:18:18,807 INFO Processing [26/294] 0800161764
2025-12-14 08:18:18,808 INFO Geocoding [26/294] 0800161764 — Ravenna, via Girolamo Rossi, 51, 53
2025-12-14 08:18:18,809 INFO Trying Overpass for: street=via Girolamo Rossi housenumber=51 city=Ravenna
2025-12-14 08:18:19,697 INFO Geocoded 0800161764 -> 44.4210022 12.2006744
2025-12-14 08:18:19,699 INFO Processing [27/294] 0800161769
2025-12-14 08:18:19,699 INFO Geocoding [27/294] 0800161769 — Ravenna, via San Vitale, 5
2025-12-14 08:18:19,700 INFO Geocoded 0800161769 -> 44.4195302 12.1976594
2025-12-14 08:18:19,702 INFO Processing [28/294] 0800161649
2025-12-14 08:18:19,703 INFO Geocoding [28/294] 0800161649 — Ravenna, Via Camillo Benso Conte di Cavour, 54
2025-12-14 08:18:19,705 INFO Trying Overpass for: street=Via Camillo Benso Conte di Cavour housenumber=54 city=Ravenna
2025-12-14 08:18:20,767 INFO Geocoded 0800161649 -> 44.4189468 12.1970064
2025-12-14 08:18:20,768 INFO Processing [29/294] 0800161682
2025-12-14 08:18:20,769 INFO Geocoding [29/294] 0800161682 — Ravenna, via Romolo Gessi, 20
2025-12-14 08:18:20,769 INFO Geocoded 0800161682 -> 44.4157737 12.1981351
2025-12-14 08:18:20,773 INFO Processing [30/294] 0800161625
2025-12-14 08:18:20,774 INFO Geocoding [30/294] 0800161625 — Ravenna, Via Anastagi, 19
2025-12-14 08:18:20,776 INFO Geocoded 0800161625 -> 44.4218789 12.2012371
2025-12-14 08:18:20,781 INFO Processing [31/294] 0800161780
2025-12-14 08:18:20,784 INFO Geocoding [31/294] 0800161780 — Ravenna, via Zagarelli Alle Mura, 32
2025-12-14 08:18:20,785 INFO Geocoded 0800161780 -> 44.4123546 12.2032743
2025-12-14 08:18:20,787 INFO Processing [32/294] 0800266223
2025-12-14 08:18:20,788 INFO Geocoding [32/294] 0800266223 — Ravenna, via Paolo Costa, 49
2025-12-14 08:18:20,789 INFO Geocoded 0800266223 -> 44.419053 12.2025974
2025-12-14 08:18:20,792 INFO Processing [33/294] 0800308266
2025-12-14 08:18:20,796 INFO Geocoding [33/294] 0800308266 — Ravenna, Via Zignani, 44
2025-12-14 08:18:20,796 INFO Geocoded 0800308266 -> 44.4161414 12.2017617
2025-12-14 08:18:20,799 INFO Processing [34/294] 0800161709
2025-12-14 08:18:20,800 INFO Geocoding [34/294] 0800161709 — Ravenna, Via Giuseppe Mazzini, 49
2025-12-14 08:18:20,801 INFO Trying Overpass for: street=Via Giuseppe Mazzini housenumber=49 city=Ravenna
2025-12-14 08:18:21,578 INFO Geocoded 0800161709 -> 44.4139167 12.200831
2025-12-14 08:18:21,580 INFO Processing [35/294] 0800319248-bene individuo
2025-12-14 08:18:21,581 INFO Geocoding [35/294] 0800319248-bene individuo — Ravenna, CLASSE, Via Romea, 0
2025-12-14 08:18:21,581 INFO Geocoded 0800319248-bene individuo -> 44.445266 12.209909
2025-12-14 08:18:21,584 INFO Processing [36/294] 0800161639
2025-12-14 08:18:21,584 INFO Geocoding [36/294] 0800161639 — Ravenna, Via Baccarini
2025-12-14 08:18:21,584 INFO Geocoded 0800161639 -> 44.4130715 12.2003968
2025-12-14 08:18:21,590 INFO Processing [37/294] 0800161767
2025-12-14 08:18:21,590 INFO Geocoding [37/294] 0800161767 — Ravenna, Via G. Ghiselli, 32
2025-12-14 08:18:21,591 INFO Geocoded 0800161767 -> 44.4161414 12.2017617
2025-12-14 08:18:21,597 INFO Processing [38/294] 0800161786
2025-12-14 08:18:21,597 INFO Geocoding [38/294] 0800161786 — Ravenna, via Bagnolo Salara, 65
2025-12-14 08:18:21,597 INFO Geocoded 0800161786 -> 44.4161414 12.2017617
2025-12-14 08:18:21,600 INFO Processing [39/294] 0800308999
2025-12-14 08:18:21,601 INFO Geocoding [39/294] 0800308999 — Ravenna, vicolo Genocchi, 9
2025-12-14 08:18:21,601 INFO Geocoded 0800308999 -> 44.4161414 12.2017617
2025-12-14 08:18:21,602 INFO Processing [40/294] 0800161766
2025-12-14 08:18:21,603 INFO Geocoding [40/294] 0800161766 — Ravenna, via Girolamo Rossi, 6
2025-12-14 08:18:21,603 INFO Trying Overpass for: street=via Girolamo Rossi housenumber=6 city=Ravenna
2025-12-14 08:18:22,468 INFO Geocoded 0800161766 -> 44.4193484 12.199973
2025-12-14 08:18:22,469 INFO Processing [41/294] 0800266222
2025-12-14 08:18:22,469 INFO Geocoding [41/294] 0800266222 — Ravenna, Via del Cimitero, 0
2025-12-14 08:18:22,470 INFO Geocoded 0800266222 -> 44.4368255 12.2335321
2025-12-14 08:18:22,475 INFO Processing [42/294] 0800266240
2025-12-14 08:18:22,477 INFO Geocoding [42/294] 0800266240 — Ravenna, PIANGIPANE, via Mezzoli, 45
2025-12-14 08:18:22,478 INFO Geocoded 0800266240 -> 44.4202356 12.0876422
2025-12-14 08:18:22,482 INFO Processing [43/294] 0800161644
2025-12-14 08:18:22,484 INFO Geocoding [43/294] 0800161644 — Ravenna, Via Battistero, 0, all'interno del giardino del Duomo fra via G. Rasponi e via R. Gessi
2025-12-14 08:18:22,485 INFO Geocoded 0800161644 -> 44.4156662 12.1974887
2025-12-14 08:18:22,488 INFO Processing [44/294] 0800266233
2025-12-14 08:18:22,489 INFO Geocoding [44/294] 0800266233 — Ravenna, Via Mura S. Vitale
2025-12-14 08:18:22,490 INFO Geocoded 0800266233 -> 44.4200266 12.1947607
2025-12-14 08:18:22,494 INFO Processing [45/294] 0800161763
2025-12-14 08:18:22,495 INFO Geocoding [45/294] 0800161763 — Ravenna, Via Girolamo Rossi, 0
2025-12-14 08:18:22,496 INFO Geocoded 0800161763 -> 44.4200553 12.2012274
2025-12-14 08:18:22,500 INFO Processing [46/294] 0800161784
2025-12-14 08:18:22,500 INFO Geocoding [46/294] 0800161784 — Ravenna, Strada Statale Adriatica, 16
2025-12-14 08:18:22,501 INFO Trying Overpass for: street=Strada Statale Adriatica housenumber=16 city=Ravenna
2025-12-14 08:18:24,613 INFO Nominatim query: {'street': 'Strada Statale Adriatica', 'city': 'Ravenna', 'state': 'Emilia-Romagna', 'country': 'Italy'}
2025-12-14 08:18:26,391 INFO Nominatim query: {'q': 'Strada Statale Adriatica, Ravenna, Emilia-Romagna, Italy'}
2025-12-14 08:18:28,091 INFO Nominatim query: {'q': 'Ravenna, Emilia-Romagna, Italy'}
2025-12-14 08:18:29,785 INFO Geocoded 0800161784 -> 44.4161414 12.2017617
2025-12-14 08:18:29,788 INFO Processing [47/294] 0800161672
2025-12-14 08:18:29,788 INFO Geocoding [47/294] 0800161672 — Ravenna, piazza Duomo, 3
2025-12-14 08:18:29,789 INFO Trying Overpass for: street=piazza Duomo housenumber=3 city=Ravenna
2025-12-14 08:18:34,569 INFO Geocoded 0800161672 -> 44.416031 12.1961952
2025-12-14 08:18:34,572 INFO Processing [48/294] 0800161794
2025-12-14 08:18:34,572 INFO Geocoding [48/294] 0800161794 — Ravenna, MADONNA DELL'ALBERO, Via Cella,0
2025-12-14 08:18:34,573 INFO Geocoded 0800161794 -> 44.3601333 12.1816153
2025-12-14 08:18:34,575 INFO Processing [49/294] 0800161770
2025-12-14 08:18:34,575 INFO Geocoding [49/294] 0800161770 — Ravenna
2025-12-14 08:18:34,576 INFO Geocoded 0800161770 -> 44.4161414 12.2017617
2025-12-14 08:18:34,580 INFO Processing [50/294] 0800161713
2025-12-14 08:18:34,581 INFO Geocoding [50/294] 0800161713 — Ravenna, Via Giuseppe Mazzini, 0
2025-12-14 08:18:34,581 INFO Trying Overpass for: street=Via Giuseppe Mazzini housenumber=None city=Ravenna
2025-12-14 08:18:35,394 INFO Geocoded 0800161713 -> 44.4121832 12.2016889
2025-12-14 08:18:35,395 INFO Processing [51/294] 0800161676
2025-12-14 08:18:35,396 INFO Geocoding [51/294] 0800161676 — Ravenna, Via Fiume Abbandonato, 0
2025-12-14 08:18:35,396 INFO Geocoded 0800161676 -> 44.3934038 12.1716884
2025-12-14 08:18:35,398 INFO Processing [52/294] 0800161708
2025-12-14 08:18:35,398 INFO Geocoding [52/294] 0800161708 — Ravenna, Via Giuseppe Mazzini, 64
2025-12-14 08:18:35,399 INFO Trying Overpass for: street=Via Giuseppe Mazzini housenumber=64 city=Ravenna
2025-12-14 08:18:36,308 INFO Geocoded 0800161708 -> 44.4132398 12.2013336
2025-12-14 08:18:36,310 INFO Processing [53/294] 0800161619
2025-12-14 08:18:36,311 INFO Geocoding [53/294] 0800161619 — Ravenna, Piazza S.Francesco, 0
2025-12-14 08:18:36,311 INFO Geocoded 0800161619 -> 44.4161414 12.2017617
2025-12-14 08:18:36,314 INFO Processing [54/294] 0800161687
2025-12-14 08:18:36,314 INFO Geocoding [54/294] 0800161687 — Ravenna, Via Girotto Guaccimanni, 0
2025-12-14 08:18:36,315 INFO Trying Overpass for: street=Via Girotto Guaccimanni housenumber=None city=Ravenna
2025-12-14 08:18:37,397 INFO Geocoded 0800161687 -> 44.4160184 12.2043785
2025-12-14 08:18:37,399 INFO Processing [55/294] 0800161705
2025-12-14 08:18:37,399 INFO Geocoding [55/294] 0800161705 — Ravenna, Via Giuseppe Mazzini, 42
2025-12-14 08:18:37,400 INFO Trying Overpass for: street=Via Giuseppe Mazzini housenumber=42 city=Ravenna
2025-12-14 08:18:41,878 INFO Geocoded 0800161705 -> 44.4142605 12.2008343
2025-12-14 08:18:41,880 INFO Processing [56/294] 0800161737
2025-12-14 08:18:41,880 INFO Geocoding [56/294] 0800161737 — Ravenna, Via Di Roma, 67
2025-12-14 08:18:41,881 INFO Geocoded 0800161737 -> 44.4171364 12.2040723
2025-12-14 08:18:41,883 INFO Processing [57/294] 0800161748
2025-12-14 08:18:41,884 INFO Geocoding [57/294] 0800161748 — Italia, Emilia Romagna, RA, Ravenna
2025-12-14 08:18:41,885 INFO Geocoded 0800161748 -> 44.4161414 12.2017617
2025-12-14 08:18:41,891 INFO Processing [58/294] 0800206008-bene individuo
2025-12-14 08:18:41,892 INFO Skipping 0800206008-bene individuo: no address
2025-12-14 08:18:41,897 INFO Processing [59/294] 0800161733
2025-12-14 08:18:41,897 INFO Geocoding [59/294] 0800161733 — Ravenna, via Gregorio Ricci Cubastro, 12
2025-12-14 08:18:41,898 INFO Trying Overpass for: street=via Gregorio Ricci Cubastro housenumber=12 city=Ravenna
2025-12-14 08:18:43,398 INFO Nominatim query: {'street': 'via Gregorio Ricci Cubastro', 'city': 'Ravenna', 'state': 'Emilia-Romagna', 'country': 'Italy'}
2025-12-14 08:18:45,106 INFO Geocoded 0800161733 -> 44.4144159 12.1388559
2025-12-14 08:18:45,107 INFO Processing [60/294] 0800161661
2025-12-14 08:18:45,107 INFO Geocoding [60/294] 0800161661 — Ravenna, Via Cura, 0
2025-12-14 08:18:45,108 INFO Geocoded 0800161661 -> 44.4182612 12.1938362
2025-12-14 08:18:45,110 INFO Processing [61/294] 0800308274-bene individuo
2025-12-14 08:18:45,111 INFO Geocoding [61/294] 0800308274-bene individuo — Ravenna, SAN PIETRO IN TRENTO, Via Traversara, angolo via Bezzi, 67
2025-12-14 08:18:45,111 INFO Geocoded 0800308274-bene individuo -> 44.4161414 12.2017617
2025-12-14 08:18:45,114 INFO Processing [62/294] 0800161730
2025-12-14 08:18:45,115 INFO Geocoding [62/294] 0800161730 — Ravenna, via IV Novembre, 45
2025-12-14 08:18:45,115 INFO Trying Overpass for: street=via IV Novembre housenumber=45 city=Ravenna
2025-12-14 08:18:47,460 INFO Nominatim query: {'street': 'via IV Novembre', 'city': 'Ravenna', 'state': 'Emilia-Romagna', 'country': 'Italy'}
2025-12-14 08:18:49,091 INFO Geocoded 0800161730 -> 44.4189142 12.1994572
2025-12-14 08:18:49,093 INFO Processing [63/294] 0800161797
2025-12-14 08:18:49,093 INFO Geocoding [63/294] 0800161797 — Ravenna, via D'Allaggio, 53
2025-12-14 08:18:49,094 INFO Trying Overpass for: street=via D'Allaggio housenumber=53 city=Ravenna
2025-12-14 08:18:49,851 INFO Nominatim query: {'street': "via D'Allaggio", 'city': 'Ravenna', 'state': 'Emilia-Romagna', 'country': 'Italy'}
2025-12-14 08:18:51,418 INFO Nominatim query: {'q': "via D'Allaggio, Ravenna, Emilia-Romagna, Italy"}
2025-12-14 08:18:53,045 INFO Nominatim query: {'q': 'Ravenna, Emilia-Romagna, Italy'}
2025-12-14 08:18:54,701 INFO Geocoded 0800161797 -> 44.4161414 12.2017617
2025-12-14 08:18:54,703 INFO Processing [64/294] 0800308279
2025-12-14 08:18:54,704 INFO Geocoding [64/294] 0800308279 — Ravenna, Via Fosso Ghiaia, 0
2025-12-14 08:18:54,704 INFO Trying Overpass for: street=Via Fosso Ghiaia housenumber=None city=Ravenna
2025-12-14 08:18:55,496 INFO Geocoded 0800308279 -> 44.3427021 12.181619
2025-12-14 08:18:55,498 INFO Processing [65/294] 0800266247
2025-12-14 08:18:55,498 INFO Geocoding [65/294] 0800266247 — Ravenna, via Torri, 0
2025-12-14 08:18:55,498 INFO Geocoded 0800266247 -> 44.4942768 12.1070846
2025-12-14 08:18:55,503 INFO Processing [66/294] 0800161690
2025-12-14 08:18:55,505 INFO Geocoding [66/294] 0800161690 — Ravenna, via Girotto Guaccimanni, 27
2025-12-14 08:18:55,506 INFO Trying Overpass for: street=via Girotto Guaccimanni housenumber=27 city=Ravenna
2025-12-14 08:18:56,661 INFO Geocoded 0800161690 -> 44.4157452 12.2033042
2025-12-14 08:18:56,663 INFO Processing [67/294] 0800161621
2025-12-14 08:18:56,663 INFO Geocoding [67/294] 0800161621 — Ravenna, Piazza San Francesco, 0
2025-12-14 08:18:56,664 INFO Trying Overpass for: street=Piazza San Francesco housenumber=None city=Ravenna
2025-12-14 08:18:57,488 INFO Geocoded 0800161621 -> 44.4155985 12.2002704
2025-12-14 08:18:57,490 INFO Processing [68/294] 0800161633
2025-12-14 08:18:57,490 INFO Geocoding [68/294] 0800161633 — Ravenna, Vicolo degli Ariani, 0
2025-12-14 08:18:57,490 INFO Geocoded 0800161633 -> 44.4185674 12.2020594
2025-12-14 08:18:57,493 INFO Processing [69/294] 0800308254-bene componente
2025-12-14 08:18:57,494 INFO Skipping 0800308254-bene componente: no address
2025-12-14 08:18:57,498 INFO Processing [70/294] 0800161679
2025-12-14 08:18:57,498 INFO Geocoding [70/294] 0800161679 — Ravenna, via Gamba, 3
2025-12-14 08:18:57,498 INFO Geocoded 0800161679 -> 44.4202322 12.1982536
2025-12-14 08:18:57,505 INFO Processing [71/294] 0800308281
2025-12-14 08:18:57,506 INFO Geocoding [71/294] 0800308281 — Ravenna,Via Gambellara, 1
2025-12-14 08:18:57,508 INFO Trying Overpass for: street=Via Gambellara housenumber=1 city=Ravenna
2025-12-14 08:18:58,379 INFO Nominatim query: {'street': 'Via Gambellara', 'city': 'Ravenna', 'state': 'Emilia-Romagna', 'country': 'Italy'}
2025-12-14 08:19:00,061 INFO Geocoded 0800308281 -> 44.3439453 12.1394354
2025-12-14 08:19:00,062 INFO Processing [72/294] 0800161799
2025-12-14 08:19:00,062 INFO Geocoding [72/294] 0800161799 — Ravenna, Via Massa, 88
2025-12-14 08:19:00,063 INFO Geocoded 0800161799 -> 44.4161414 12.2017617
2025-12-14 08:19:00,065 INFO Processing [73/294] 0800161683
2025-12-14 08:19:00,066 INFO Geocoding [73/294] 0800161683 — Ravenna, via Mentana 33
2025-12-14 08:19:00,067 INFO Trying Overpass for: street=via Mentana housenumber=33 city=Ravenna
2025-12-14 08:19:00,829 INFO Geocoded 0800161683 -> 44.4166708 12.1990932
2025-12-14 08:19:00,831 INFO Processing [74/294] 0800161702
2025-12-14 08:19:00,831 INFO Geocoding [74/294] 0800161702 — Ravenna, via Mariani, 7
2025-12-14 08:19:00,835 INFO Trying Overpass for: street=via Mariani housenumber=7 city=Ravenna
2025-12-14 08:19:01,718 INFO Nominatim query: {'street': 'via Mariani', 'city': 'Ravenna', 'state': 'Emilia-Romagna', 'country': 'Italy'}
2025-12-14 08:19:03,296 INFO Geocoded 0800161702 -> 44.4172272 12.2017926
2025-12-14 08:19:03,297 INFO Processing [75/294] 0800308267
2025-12-14 08:19:03,298 INFO Geocoding [75/294] 0800308267 — Ravenna, Via Zignani, 44
2025-12-14 08:19:03,298 INFO Geocoded 0800308267 -> 44.4161414 12.2017617
2025-12-14 08:19:03,304 INFO Processing [76/294] 0800266232
2025-12-14 08:19:03,306 INFO Geocoding [76/294] 0800266232 — Ravenna, via San Vitale, 28, 30
2025-12-14 08:19:03,307 INFO Geocoded 0800266232 -> 44.4196258 12.1970013
2025-12-14 08:19:03,309 INFO Processing [77/294] 0800266229
2025-12-14 08:19:03,310 INFO Geocoding [77/294] 0800266229 — Ravenna, Via San Mama, 175
2025-12-14 08:19:03,310 INFO Trying Overpass for: street=Via San Mama housenumber=175 city=Ravenna
2025-12-14 08:19:03,989 INFO Geocoded 0800266229 -> 44.403353 12.1963647
2025-12-14 08:19:03,990 INFO Processing [78/294] 0800161658
2025-12-14 08:19:03,990 INFO Geocoding [78/294] 0800161658 — Ravenna, via Paolo Costa, 8
2025-12-14 08:19:03,990 INFO Geocoded 0800161658 -> 44.419134 12.2011494
2025-12-14 08:19:03,993 INFO Processing [79/294] 0800161688
2025-12-14 08:19:03,993 INFO Geocoding [79/294] 0800161688 — Ravenna, via Guaccimanni, 62
2025-12-14 08:19:03,994 INFO Geocoded 0800161688 -> 44.4157906 12.2031660
2025-12-14 08:19:03,999 INFO Processing [80/294] 0800161699
2025-12-14 08:19:04,001 INFO Geocoding [80/294] 0800161699 — Ravenna, Via Angelo Mariani, 21
2025-12-14 08:19:04,002 INFO Trying Overpass for: street=Via Angelo Mariani housenumber=21 city=Ravenna
2025-12-14 08:19:04,900 INFO Geocoded 0800161699 -> 44.4174561 12.2031688
2025-12-14 08:19:04,902 INFO Processing [81/294] 0800161714
2025-12-14 08:19:04,903 INFO Geocoding [81/294] 0800161714 — Ravenna, Via Giuseppe Mazzini, 0
2025-12-14 08:19:04,903 INFO Geocoded 0800161714 -> 44.4121832 12.2016889
2025-12-14 08:19:04,905 INFO Processing [82/294] 0800319221-bene componente
2025-12-14 08:19:04,905 INFO Skipping 0800319221-bene componente: no address
2025-12-14 08:19:04,907 INFO Processing [83/294] 0800266238
2025-12-14 08:19:04,908 INFO Geocoding [83/294] 0800266238 — Ravenna, via Braccesca, 44
2025-12-14 08:19:04,910 INFO Trying Overpass for: street=via Braccesca housenumber=44 city=Ravenna
2025-12-14 08:19:05,621 INFO Geocoded 0800266238 -> 44.4142197 12.09383
2025-12-14 08:19:05,622 INFO Processing [84/294] 0800161662
2025-12-14 08:19:05,623 INFO Geocoding [84/294] 0800161662 — Ravenna, Via Cura, 0
2025-12-14 08:19:05,623 INFO Geocoded 0800161662 -> 44.4182612 12.1938362
2025-12-14 08:19:05,625 INFO Processing [85/294] 0800206008
2025-12-14 08:19:05,625 INFO Geocoding [85/294] 0800206008 — Ravenna, via Mariani, 0
2025-12-14 08:19:05,625 INFO Geocoded 0800206008 -> 44.4172272 12.2017926
2025-12-14 08:19:05,627 INFO Processing [86/294] 0800161654
2025-12-14 08:19:05,629 INFO Geocoding [86/294] 0800161654 — Ravenna, via Paolo Costa, 1
2025-12-14 08:19:05,630 INFO Trying Overpass for: street=via Paolo Costa housenumber=1 city=Ravenna
2025-12-14 08:19:06,702 INFO Geocoded 0800161654 -> 44.4190105 12.2002489
2025-12-14 08:19:06,704 INFO Processing [87/294] 0800161796
2025-12-14 08:19:06,705 INFO Geocoding [87/294] 0800161796 — Ravenna, via Ravegnana, 479
2025-12-14 08:19:06,705 INFO Trying Overpass for: street=via Ravegnana housenumber=479 city=Ravenna
2025-12-14 08:19:07,408 INFO Geocoded 0800161796 -> 44.3833523 12.1923863
2025-12-14 08:19:07,411 INFO Processing [88/294] 0800161632
2025-12-14 08:19:07,411 INFO Geocoding [88/294] 0800161632 — Emilia-Romagna, RA, Ravenna
2025-12-14 08:19:07,412 INFO Geocoded 0800161632 -> 44.4403718 12.2923064
2025-12-14 08:19:07,414 INFO Processing [89/294] 0800161706
2025-12-14 08:19:07,416 INFO Geocoding [89/294] 0800161706 — Ravenna, Via Giuseppe Mazzini, 30
2025-12-14 08:19:07,420 INFO Trying Overpass for: street=Via Giuseppe Mazzini housenumber=30 city=Ravenna
2025-12-14 08:19:08,443 INFO Geocoded 0800161706 -> 44.4145288 12.2006525
2025-12-14 08:19:08,445 INFO Processing [90/294] 0800161775
2025-12-14 08:19:08,445 INFO Geocoding [90/294] 0800161775 — Ravenna, Via Tombesi Dall'Ova, 14
2025-12-14 08:19:08,446 INFO Geocoded 0800161775 -> 44.4149746 12.2014104
2025-12-14 08:19:08,450 INFO Processing [91/294] 0800266235
2025-12-14 08:19:08,452 INFO Geocoding [91/294] 0800266235 — Ravenna, via Ravegnana, 731
2025-12-14 08:19:08,453 INFO Trying Overpass for: street=via Ravegnana housenumber=731 city=Ravenna
2025-12-14 08:19:09,456 INFO Nominatim query: {'street': 'via Ravegnana', 'city': 'Ravenna', 'state': 'Emilia-Romagna', 'country': 'Italy'}
2025-12-14 08:19:11,245 INFO Geocoded 0800266235 -> 44.4020871 12.1964898
2025-12-14 08:19:11,247 INFO Processing [92/294] 0800161635
2025-12-14 08:19:11,249 INFO Geocoding [92/294] 0800161635 — Ravenna, Via Bastione, 0
2025-12-14 08:19:11,251 INFO Geocoded 0800161635 -> 44.4116469 12.2008539
2025-12-14 08:19:11,258 INFO Processing [93/294] 0800161759
2025-12-14 08:19:11,259 INFO Geocoding [93/294] 0800161759 — Ravenna, via N. Rondinelli, 4
2025-12-14 08:19:11,262 INFO Trying Overpass for: street=via N. Rondinelli housenumber=4 city=Ravenna
2025-12-14 08:19:12,417 INFO Nominatim query: {'street': 'via N. Rondinelli', 'city': 'Ravenna', 'state': 'Emilia-Romagna', 'country': 'Italy'}
2025-12-14 08:19:14,231 INFO Nominatim query: {'q': 'via N. Rondinelli, Ravenna, Emilia-Romagna, Italy'}
2025-12-14 08:19:15,952 INFO Nominatim query: {'q': 'Ravenna, Emilia-Romagna, Italy'}
2025-12-14 08:19:17,727 INFO Geocoded 0800161759 -> 44.4161414 12.2017617
2025-12-14 08:19:17,728 INFO Processing [94/294] 0800161618
2025-12-14 08:19:17,729 INFO Geocoding [94/294] 0800161618 — Ravenna, Via Guido da Polenta, 0
2025-12-14 08:19:17,729 INFO Trying Overpass for: street=Via Guido da Polenta housenumber=None city=Ravenna
2025-12-14 08:19:18,625 INFO Geocoded 0800161618 -> 44.4162107 12.2004974
2025-12-14 08:19:18,626 INFO Processing [95/294] 0800308254
2025-12-14 08:19:18,627 INFO Geocoding [95/294] 0800308254 — Ravenna, Via Pietro Alighieri, 4
2025-12-14 08:19:18,627 INFO Geocoded 0800308254 -> 44.4212391 12.1986667
2025-12-14 08:19:18,630 INFO Processing [96/294] 0800161747
2025-12-14 08:19:18,633 INFO Geocoding [96/294] 0800161747 — Ravenna, Via Di Roma, 0
2025-12-14 08:19:18,634 INFO Geocoded 0800161747 -> 44.4179146 12.2035804
2025-12-14 08:19:18,639 INFO Processing [97/294] 0800161738
2025-12-14 08:19:18,642 INFO Geocoding [97/294] 0800161738 — Ravenna, via di Roma, 108
2025-12-14 08:19:18,643 INFO Geocoded 0800161738 -> 44.4156956 12.2045014
2025-12-14 08:19:18,645 INFO Processing [98/294] 0800161626
2025-12-14 08:19:18,646 INFO Geocoding [98/294] 0800161626 — Ravenna, Piazza Anita Garibaldi, 0
2025-12-14 08:19:18,647 INFO Geocoded 0800161626 -> 44.418002 12.2049025
2025-12-14 08:19:18,651 INFO Processing [99/294] 0800266221
2025-12-14 08:19:18,651 INFO Geocoding [99/294] 0800266221 — Ravenna, via Carlo Cattaneo, 34
2025-12-14 08:19:18,652 INFO Trying Overpass for: street=via Carlo Cattaneo housenumber=34 city=Ravenna
2025-12-14 08:19:19,474 INFO Geocoded 0800266221 -> 44.4182254 12.1951704
2025-12-14 08:19:19,476 INFO Processing [100/294] 0800161807
2025-12-14 08:19:19,476 INFO Geocoding [100/294] 0800161807 — Ravenna, Via Sale, 102
2025-12-14 08:19:19,477 INFO Geocoded 0800161807 -> 44.4161414 12.2017617
2025-12-14 08:19:19,479 INFO Processing [101/294] 0800161809
2025-12-14 08:19:19,480 INFO Geocoding [101/294] 0800161809 — Ravenna, via Alturie, 30
2025-12-14 08:19:19,483 INFO Trying Overpass for: street=via Alturie housenumber=30 city=Ravenna
2025-12-14 08:19:20,295 INFO Nominatim query: {'street': 'via Alturie', 'city': 'Ravenna', 'state': 'Emilia-Romagna', 'country': 'Italy'}
2025-12-14 08:19:21,914 INFO Nominatim query: {'q': 'via Alturie, Ravenna, Emilia-Romagna, Italy'}
2025-12-14 08:19:23,566 INFO Nominatim query: {'q': 'Ravenna, Emilia-Romagna, Italy'}
2025-12-14 08:19:25,157 INFO Geocoded 0800161809 -> 44.4161414 12.2017617
2025-12-14 08:19:25,158 INFO Processing [102/294] 0800161743
2025-12-14 08:19:25,158 INFO Geocoding [102/294] 0800161743 — Ravenna, Via Di Roma, 13
2025-12-14 08:19:25,159 INFO Geocoded 0800161743 -> 44.4137584 12.2062623
2025-12-14 08:19:25,161 INFO Processing [103/294] 0800161772
2025-12-14 08:19:25,161 INFO Geocoding [103/294] 0800161772 — Ravenna, Via San Vitale, 17
2025-12-14 08:19:25,162 INFO Geocoded 0800161772 -> 44.4201193 12.195915
2025-12-14 08:19:25,167 INFO Processing [104/294] 0800309000
2025-12-14 08:19:25,168 INFO Geocoding [104/294] 0800309000 — Ravenna, via Alberoni, 12
2025-12-14 08:19:25,168 INFO Trying Overpass for: street=via Alberoni housenumber=12 city=Ravenna
2025-12-14 08:19:25,991 INFO Nominatim query: {'street': 'via Alberoni', 'city': 'Ravenna', 'state': 'Emilia-Romagna', 'country': 'Italy'}
2025-12-14 08:19:27,698 INFO Geocoded 0800309000 -> 44.4162155 12.2064413
2025-12-14 08:19:27,700 INFO Processing [105/294] 0800161782
2025-12-14 08:19:27,700 INFO Geocoding [105/294] 0800161782 — Ravenna, via Zirardini, 14
2025-12-14 08:19:27,700 INFO Geocoded 0800161782 -> 44.4081745 12.2486868
2025-12-14 08:19:27,702 INFO Processing [106/294] 0800266254
2025-12-14 08:19:27,703 INFO Geocoding [106/294] 0800266254 — Ravenna, via Montecatini, 3
2025-12-14 08:19:27,703 INFO Geocoded 0800266254 -> 44.4265013 12.2152229
2025-12-14 08:19:27,704 INFO Processing [107/294] 0800161746
2025-12-14 08:19:27,706 INFO Geocoding [107/294] 0800161746 — Italia, Emilia Romagna, RA, Ravenna
2025-12-14 08:19:27,707 INFO Geocoded 0800161746 -> 44.4161414 12.2017617
2025-12-14 08:19:27,709 INFO Processing [108/294] 0800161777
2025-12-14 08:19:27,709 INFO Geocoding [108/294] 0800161777 — Ravenna, via XIII Giugno, 0
2025-12-14 08:19:27,709 INFO Geocoded 0800161777 -> 44.4161414 12.2017617
2025-12-14 08:19:27,711 INFO Processing [109/294] 0800161648
2025-12-14 08:19:27,713 INFO Geocoding [109/294] 0800161648 — Ravenna, Via Castel San Pietro, 0
2025-12-14 08:19:27,716 INFO Trying Overpass for: street=Via Castel San Pietro housenumber=None city=Ravenna
2025-12-14 08:19:28,512 INFO Geocoded 0800161648 -> 44.4104957 12.2022572
2025-12-14 08:19:28,514 INFO Processing [110/294] 0800308268
2025-12-14 08:19:28,515 INFO Geocoding [110/294] 0800308268 — Ravenna, Via Zignani, 44
2025-12-14 08:19:28,516 INFO Geocoded 0800308268 -> 44.4161414 12.2017617
2025-12-14 08:19:28,521 INFO Processing [111/294] 0800161677
2025-12-14 08:19:28,522 INFO Geocoding [111/294] 0800161677 — Ravenna, Via Galla Placidia, 0
2025-12-14 08:19:28,523 INFO Geocoded 0800161677 -> 44.4213171 12.1971941
2025-12-14 08:19:28,527 INFO Processing [112/294] 0800161698
2025-12-14 08:19:28,528 INFO Geocoding [112/294] 0800161698 — Ravenna, via Mariani, 5
2025-12-14 08:19:28,531 INFO Geocoded 0800161698 -> 44.4172272 12.2017926
2025-12-14 08:19:28,537 INFO Processing [113/294] 0800161703
2025-12-14 08:19:28,538 INFO Geocoding [113/294] 0800161703 — Ravenna, Via Angelo Mariani, 46
2025-12-14 08:19:28,540 INFO Trying Overpass for: street=Via Angelo Mariani housenumber=46 city=Ravenna
2025-12-14 08:19:31,925 INFO Geocoded 0800161703 -> 44.4176084 12.2032208
2025-12-14 08:19:31,926 INFO Processing [114/294] 0800161685
2025-12-14 08:19:31,927 INFO Geocoding [114/294] 0800161685 — Ravenna, via Guaccimanni, 40
2025-12-14 08:19:31,927 INFO Trying Overpass for: street=via Guaccimanni housenumber=40 city=Ravenna
2025-12-14 08:19:32,680 INFO Nominatim query: {'street': 'via Guaccimanni', 'city': 'Ravenna', 'state': 'Emilia-Romagna', 'country': 'Italy'}
2025-12-14 08:19:34,265 INFO Geocoded 0800161685 -> 44.4157906 12.2031660
2025-12-14 08:19:34,267 INFO Processing [115/294] 0800161655
2025-12-14 08:19:34,267 INFO Geocoding [115/294] 0800161655 — Ravenna, via Paolo Costa, 22
2025-12-14 08:19:34,268 INFO Trying Overpass for: street=via Paolo Costa housenumber=22 city=Ravenna
2025-12-14 08:19:35,035 INFO Geocoded 0800161655 -> 44.4191744 12.2018761
2025-12-14 08:19:35,037 INFO Processing [116/294] 0800266231
2025-12-14 08:19:35,037 INFO Geocoding [116/294] 0800266231 — Ravenna, via San Vitale, 21
2025-12-14 08:19:35,037 INFO Geocoded 0800266231 -> 44.4453596 12.1783393
2025-12-14 08:19:35,040 INFO Processing [117/294] 0800161726
2025-12-14 08:19:35,040 INFO Geocoding [117/294] 0800161726 — Ravenna, Via Oberdan, 6
2025-12-14 08:19:35,041 INFO Geocoded 0800161726 -> 44.4162304 12.1948771
2025-12-14 08:19:35,045 INFO Processing [118/294] 0800161643
2025-12-14 08:19:35,046 INFO Geocoding [118/294] 0800161643 — Ravenna, Via Battistero, 0
2025-12-14 08:19:35,047 INFO Geocoded 0800161643 -> 44.4156662 12.1974887
2025-12-14 08:19:35,052 INFO Processing [119/294] 0800161781
2025-12-14 08:19:35,052 INFO Geocoding [119/294] 0800161781 — Ravenna, via Zagarelli alle Mura, 2
2025-12-14 08:19:35,053 INFO Trying Overpass for: street=via Zagarelli alle Mura housenumber=2 city=Ravenna
2025-12-14 08:19:35,892 INFO Geocoded 0800161781 -> 44.412109 12.2016739
2025-12-14 08:19:35,896 INFO Processing [120/294] 0800308253
2025-12-14 08:19:35,903 INFO Geocoding [120/294] 0800308253 — Ravenna, Via Pietro Alighieri, 6
2025-12-14 08:19:35,905 INFO Trying Overpass for: street=Via Pietro Alighieri housenumber=6 city=Ravenna
2025-12-14 08:19:36,961 INFO Geocoded 0800308253 -> 44.4210538 12.1990753
2025-12-14 08:19:36,963 INFO Processing [121/294] 0800308257-bene componente
2025-12-14 08:19:36,964 INFO Geocoding [121/294] 0800308257-bene componente — Ravenna, Via Guaccimanni, 0
2025-12-14 08:19:36,964 INFO Geocoded 0800308257-bene componente -> 44.4157906 12.2031660
2025-12-14 08:19:36,967 INFO Processing [122/294] 0800161804
2025-12-14 08:19:36,967 INFO Geocoding [122/294] 0800161804 — Ravenna, via Nigrisoli, 62
2025-12-14 08:19:36,967 INFO Geocoded 0800161804 -> 44.4126971 12.1913677
2025-12-14 08:19:36,971 INFO Processing [123/294] 0800161795
2025-12-14 08:19:36,971 INFO Geocoding [123/294] 0800161795 — Ravenna, Via Argine destrofiume Ronco, 0
2025-12-14 08:19:36,972 INFO Geocoded 0800161795 -> 44.4161414 12.2017617
2025-12-14 08:19:36,974 INFO Processing [124/294] 0800161631
2025-12-14 08:19:36,975 INFO Geocoding [124/294] 0800161631 — Ravenna, Piazza Arcivescovado, 1
2025-12-14 08:19:36,975 INFO Trying Overpass for: street=Piazza Arcivescovado housenumber=1 city=Ravenna
2025-12-14 08:19:37,839 INFO Geocoded 0800161631 -> 44.415209 12.1976094
2025-12-14 08:19:37,840 INFO Processing [125/294] 0800266237
2025-12-14 08:19:37,841 INFO Geocoding [125/294] 0800266237 — Ravenna, via d'Allaggio
2025-12-14 08:19:37,841 INFO Trying Overpass for: street=via d'Allaggio housenumber=None city=Ravenna
2025-12-14 08:19:38,752 INFO Nominatim query: {'street': "via d'Allaggio", 'city': 'Ravenna', 'state': 'Emilia-Romagna', 'country': 'Italy'}
2025-12-14 08:19:40,428 INFO Nominatim query: {'q': "via d'Allaggio, Ravenna, Emilia-Romagna, Italy"}
2025-12-14 08:19:41,998 INFO Nominatim query: {'q': 'Ravenna, Emilia-Romagna, Italy'}
2025-12-14 08:19:43,642 INFO Geocoded 0800266237 -> 44.4161414 12.2017617
2025-12-14 08:19:43,644 INFO Processing [126/294] 0800161664
2025-12-14 08:19:43,645 INFO Geocoding [126/294] 0800161664 — Ravenna, via Massimo d'Azeglio, 10
2025-12-14 08:19:43,645 INFO Trying Overpass for: street=via Massimo d'Azeglio housenumber=10 city=Ravenna
2025-12-14 08:19:44,486 INFO Geocoded 0800161664 -> 44.4173496 12.1956513
2025-12-14 08:19:44,488 INFO Processing [127/294] 0800161772-bene componente
2025-12-14 08:19:44,488 INFO Skipping 0800161772-bene componente: no address
2025-12-14 08:19:44,490 INFO Processing [128/294] 0800161622-bene componente
2025-12-14 08:19:44,491 INFO Skipping 0800161622-bene componente: no address
2025-12-14 08:19:44,495 INFO Processing [129/294] 0800161805
2025-12-14 08:19:44,497 INFO Geocoding [129/294] 0800161805 — Ravenna, via Argine sinistro del Montone, 149
2025-12-14 08:19:44,497 INFO Geocoded 0800161805 -> 44.4161414 12.2017617
2025-12-14 08:19:44,504 INFO Processing [130/294] 0800161689
2025-12-14 08:19:44,504 INFO Geocoding [130/294] 0800161689 — Ravenna, Via Guaccimanni, 29
2025-12-14 08:19:44,505 INFO Geocoded 0800161689 -> 44.4157906 12.2031660
2025-12-14 08:19:44,506 INFO Processing [131/294] 0800161755
2025-12-14 08:19:44,506 INFO Geocoding [131/294] 0800161755 — Ravenna, Via Di Roma, 116
2025-12-14 08:19:44,507 INFO Geocoded 0800161755 -> 44.4161869 12.2042761
2025-12-14 08:19:44,508 INFO Processing [132/294] 0800266224
2025-12-14 08:19:44,508 INFO Geocoding [132/294] 0800266224 — Ravenna, Via Guido Da Polenta, 4
2025-12-14 08:19:44,508 INFO Geocoded 0800266224 -> 44.4161896 12.2003242
2025-12-14 08:19:44,510 INFO Processing [133/294] 0800161779
2025-12-14 08:19:44,511 INFO Geocoding [133/294] 0800161779 — Ravenna, piazza XX Settembre, 5
2025-12-14 08:19:44,511 INFO Geocoded 0800161779 -> 44.4176313 12.1986317
2025-12-14 08:19:44,517 INFO Processing [134/294] 0800308248
2025-12-14 08:19:44,518 INFO Geocoding [134/294] 0800308248 — Ravenna, Via di Classe Fuori, 0
2025-12-14 08:19:44,519 INFO Geocoded 0800308248 -> 44.3914542 12.2523379
2025-12-14 08:19:44,521 INFO Processing [135/294] 0800161650
2025-12-14 08:19:44,522 INFO Geocoding [135/294] 0800161650 — Ravenna, Via Camillo Benso Conte di Cavour, 10
2025-12-14 08:19:44,523 INFO Trying Overpass for: street=Via Camillo Benso Conte di Cavour housenumber=10 city=Ravenna
2025-12-14 08:19:45,448 INFO Nominatim query: {'street': 'Via Camillo Benso Conte di Cavour', 'city': 'Ravenna', 'state': 'Emilia-Romagna', 'country': 'Italy'}
2025-12-14 08:19:47,325 INFO Geocoded 0800161650 -> 44.4190425 12.1968242
2025-12-14 08:19:47,328 INFO Processing [136/294] 0800308272
2025-12-14 08:19:47,329 INFO Geocoding [136/294] 0800308272 — Ravenna, Via Del Borgo, 1
2025-12-14 08:19:47,329 INFO Geocoded 0800308272 -> 44.3560702 12.1543025
2025-12-14 08:19:47,333 INFO Processing [137/294] 0800161813
2025-12-14 08:19:47,335 INFO Geocoding [137/294] 0800161813 — Ravenna, via di Roma, 0
2025-12-14 08:19:47,336 INFO Geocoded 0800161813 -> 44.4179146 12.2035804
2025-12-14 08:19:47,338 INFO Processing [138/294] 0800161732
2025-12-14 08:19:47,339 INFO Geocoding [138/294] 0800161732 — Ravenna, Via Gregorio Ricci Cubastro, 0
2025-12-14 08:19:47,339 INFO Trying Overpass for: street=Via Gregorio Ricci Cubastro housenumber=None city=Ravenna
2025-12-14 08:19:48,360 INFO Nominatim query: {'street': 'Via Gregorio Ricci Cubastro', 'city': 'Ravenna', 'state': 'Emilia-Romagna', 'country': 'Italy'}
2025-12-14 08:19:50,282 INFO Geocoded 0800161732 -> 44.4144159 12.1388559
2025-12-14 08:19:50,285 INFO Processing [139/294] 0800161657
2025-12-14 08:19:50,285 INFO Geocoding [139/294] 0800161657 — Ravenna, Ponte Marino, 2
2025-12-14 08:19:50,285 INFO Geocoded 0800161657 -> 44.4161414 12.2017617
2025-12-14 08:19:50,289 INFO Processing [140/294] 0800161744
2025-12-14 08:19:50,289 INFO Geocoding [140/294] 0800161744 — Ravenna, Via Di Roma, 0
2025-12-14 08:19:50,289 INFO Geocoded 0800161744 -> 44.4179146 12.2035804
2025-12-14 08:19:50,296 INFO Processing [141/294] 0800161624
2025-12-14 08:19:50,298 INFO Geocoding [141/294] 0800161624 — Ravenna, Via Pietro Alighieri, 4
2025-12-14 08:19:50,300 INFO Geocoded 0800161624 -> 44.4212391 12.1986667
2025-12-14 08:19:50,303 INFO Processing [142/294] 0800161754
2025-12-14 08:19:50,303 INFO Geocoding [142/294] 0800161754 — Ravenna, Via Di Roma, 68
2025-12-14 08:19:50,304 INFO Geocoded 0800161754 -> 44.4143243 12.2052363
2025-12-14 08:19:50,305 INFO Processing [143/294] 0800161634
2025-12-14 08:19:50,305 INFO Geocoding [143/294] 0800161634 — Ravenna, piazzetta degli Ariani, 0
2025-12-14 08:19:50,305 INFO Geocoded 0800161634 -> 44.4161414 12.2017617
2025-12-14 08:19:50,306 INFO Processing [144/294] 0800161725
2025-12-14 08:19:50,307 INFO Geocoding [144/294] 0800161725 — Ravenna, Piazza Duomo, 4
2025-12-14 08:19:50,307 INFO Trying Overpass for: street=Piazza Duomo housenumber=4 city=Ravenna
2025-12-14 08:19:51,556 INFO Geocoded 0800161725 -> 44.4159807 12.1958255
2025-12-14 08:19:51,560 INFO Processing [145/294] 0800161776
2025-12-14 08:19:51,561 INFO Geocoding [145/294] 0800161776 — Ravenna, via XIII Giugno, 8
2025-12-14 08:19:51,562 INFO Geocoded 0800161776 -> 44.4161414 12.2017617
2025-12-14 08:19:51,570 INFO Processing [146/294] 0800161751
2025-12-14 08:19:51,571 INFO Geocoding [146/294] 0800161751 — Ravenna, via di Roma, 202
2025-12-14 08:19:51,573 INFO Geocoded 0800161751 -> 44.4197583 12.2027891
2025-12-14 08:19:51,583 INFO Processing [147/294] 0800319232
2025-12-14 08:19:51,587 INFO Geocoding [147/294] 0800319232 — Ravenna, Piazza del Popolo, 23
2025-12-14 08:19:51,590 INFO Geocoded 0800319232 -> 44.4177433 12.2003747
2025-12-14 08:19:51,597 INFO Processing [148/294] 0800161723
2025-12-14 08:19:51,599 INFO Geocoding [148/294] 0800161723 — Ravenna, Via Monti, 0
2025-12-14 08:19:51,601 INFO Geocoded 0800161723 -> 44.4504896 12.2147229
2025-12-14 08:19:51,603 INFO Processing [149/294] 0800319246-bene individuo
2025-12-14 08:19:51,604 INFO Geocoding [149/294] 0800319246-bene individuo — Ravenna, Piazza del Popolo, 0
2025-12-14 08:19:51,604 INFO Geocoded 0800319246-bene individuo -> 44.4178985 12.1992196
2025-12-14 08:19:51,606 INFO Processing [150/294] 0800308256-bene componente
2025-12-14 08:19:51,607 INFO Geocoding [150/294] 0800308256-bene componente — Ravenna, Via Guaccimanni, 44
2025-12-14 08:19:51,607 INFO Geocoded 0800308256-bene componente -> 44.4157906 12.2031660
2025-12-14 08:19:51,611 INFO Processing [151/294] 0800161760
2025-12-14 08:19:51,613 INFO Geocoding [151/294] 0800161760 — Ravenna, via Rondinelli, 0
2025-12-14 08:19:51,614 INFO Geocoded 0800161760 -> 44.4135805 12.1981074
2025-12-14 08:19:51,621 INFO Processing [152/294] 0800161728
2025-12-14 08:19:51,622 INFO Geocoding [152/294] 0800161728 — Ravenna, via XIII Giugno, 2
2025-12-14 08:19:51,623 INFO Trying Overpass for: street=via XIII Giugno housenumber=2 city=Ravenna
2025-12-14 08:19:52,684 INFO Nominatim query: {'street': 'via XIII Giugno', 'city': 'Ravenna', 'state': 'Emilia-Romagna', 'country': 'Italy'}
2025-12-14 08:19:54,418 INFO Nominatim query: {'q': 'via XIII Giugno, Ravenna, Emilia-Romagna, Italy'}
2025-12-14 08:19:56,150 INFO Nominatim query: {'q': 'Ravenna, Emilia-Romagna, Italy'}
2025-12-14 08:19:57,857 INFO Geocoded 0800161728 -> 44.4161414 12.2017617
2025-12-14 08:19:57,860 INFO Processing [153/294] 0800161668
2025-12-14 08:19:57,861 INFO Geocoding [153/294] 0800161668 — Ravenna, Via Marco Dente, 0
2025-12-14 08:19:57,862 INFO Trying Overpass for: street=Via Marco Dente housenumber=None city=Ravenna
2025-12-14 08:19:58,729 INFO Geocoded 0800161668 -> 44.4151761 12.2020445
2025-12-14 08:19:58,730 INFO Processing [154/294] 0800161691
2025-12-14 08:19:58,731 INFO Geocoding [154/294] 0800161691 — Ravenna, via Guaccimanni, 54
2025-12-14 08:19:58,731 INFO Geocoded 0800161691 -> 44.4157906 12.2031660
2025-12-14 08:19:58,735 INFO Processing [155/294] 0800161802
2025-12-14 08:19:58,735 INFO Geocoding [155/294] 0800161802 — Ravenna, CASALBORSETTI
2025-12-14 08:19:58,736 INFO Geocoded 0800161802 -> 44.4161414 12.2017617
2025-12-14 08:19:58,740 INFO Processing [156/294] 0800161695
2025-12-14 08:19:58,742 INFO Geocoding [156/294] 0800161695 — Ravenna, Piazza Kennedy, 0
2025-12-14 08:19:58,745 INFO Geocoded 0800161695 -> 44.4168581 12.1974394
2025-12-14 08:19:58,751 INFO Processing [157/294] 0800308271
2025-12-14 08:19:58,752 INFO Geocoding [157/294] 0800308271 — Ravenna, Via Mandriole, 122
2025-12-14 08:19:58,754 INFO Trying Overpass for: street=Via Mandriole housenumber=122 city=Ravenna
2025-12-14 08:19:59,525 INFO Nominatim query: {'street': 'Via Mandriole', 'city': 'Ravenna', 'state': 'Emilia-Romagna', 'country': 'Italy'}
2025-12-14 08:20:01,165 INFO Nominatim query: {'q': 'Via Mandriole, Ravenna, Emilia-Romagna, Italy'}
2025-12-14 08:20:02,852 INFO Nominatim query: {'q': 'Ravenna, Emilia-Romagna, Italy'}
2025-12-14 08:20:04,443 INFO Geocoded 0800308271 -> 44.4161414 12.2017617
2025-12-14 08:20:04,445 INFO Processing [158/294] 0800161765
2025-12-14 08:20:04,445 INFO Geocoding [158/294] 0800161765 — Ravenna, via Girolamo Rossi, 2
2025-12-14 08:20:04,447 INFO Trying Overpass for: street=via Girolamo Rossi housenumber=2 city=Ravenna
2025-12-14 08:20:05,270 INFO Geocoded 0800161765 -> 44.4192147 12.1999075
2025-12-14 08:20:05,271 INFO Processing [159/294] 0800161640
2025-12-14 08:20:05,271 INFO Geocoding [159/294] 0800161640 — Ravenna, Via Gian Battista Barbiani, 16
2025-12-14 08:20:05,272 INFO Trying Overpass for: street=Via Gian Battista Barbiani housenumber=16 city=Ravenna
2025-12-14 08:20:06,160 INFO Nominatim query: {'street': 'Via Gian Battista Barbiani', 'city': 'Ravenna', 'state': 'Emilia-Romagna', 'country': 'Italy'}
2025-12-14 08:20:07,882 INFO Nominatim query: {'q': 'Via Gian Battista Barbiani, Ravenna, Emilia-Romagna, Italy'}
2025-12-14 08:20:09,531 INFO Nominatim query: {'q': 'Ravenna, Emilia-Romagna, Italy'}
2025-12-14 08:20:11,184 INFO Geocoded 0800161640 -> 44.4161414 12.2017617
2025-12-14 08:20:11,186 INFO Processing [160/294] 0800161696
2025-12-14 08:20:11,186 INFO Geocoding [160/294] 0800161696 — Ravenna, Piazza Mameli, 0
2025-12-14 08:20:11,187 INFO Trying Overpass for: street=Piazza Mameli housenumber=None city=Ravenna
2025-12-14 08:20:12,098 INFO Nominatim query: {'street': 'Piazza Mameli', 'city': 'Ravenna', 'state': 'Emilia-Romagna', 'country': 'Italy'}
2025-12-14 08:20:13,697 INFO Geocoded 0800161696 -> 44.4190553 12.2053327
2025-12-14 08:20:13,698 INFO Processing [161/294] 0800161680
2025-12-14 08:20:13,698 INFO Geocoding [161/294] 0800161680 — Ravenna, via Romolo Gessi, 18
2025-12-14 08:20:13,699 INFO Geocoded 0800161680 -> 44.4157737 12.1981351
2025-12-14 08:20:13,701 INFO Processing [162/294] 0800161740
2025-12-14 08:20:13,702 INFO Geocoding [162/294] 0800161740 — Ravenna, via di Roma, 69
2025-12-14 08:20:13,702 INFO Geocoded 0800161740 -> 44.4172839 12.2039997
2025-12-14 08:20:13,705 INFO Processing [163/294] 0800161798
2025-12-14 08:20:13,707 INFO Geocoding [163/294] 0800161798 — Ravenna, Via Chiesa, 1
2025-12-14 08:20:13,708 INFO Geocoded 0800161798 -> 44.5158582 12.1066965
2025-12-14 08:20:13,710 INFO Processing [164/294] 0800161711
2025-12-14 08:20:13,711 INFO Geocoding [164/294] 0800161711 — Ravenna, Via Giuseppe Mazzini, 65
2025-12-14 08:20:13,713 INFO Trying Overpass for: street=Via Giuseppe Mazzini housenumber=65 city=Ravenna
2025-12-14 08:20:14,450 INFO Geocoded 0800161711 -> 44.4133108 12.2011124
2025-12-14 08:20:14,452 INFO Processing [165/294] 0800161670
2025-12-14 08:20:14,452 INFO Geocoding [165/294] 0800161670 — Ravenna, Via A. Diaz, 4
2025-12-14 08:20:14,453 INFO Trying Overpass for: street=Via A. Diaz housenumber=4 city=Ravenna
2025-12-14 08:20:15,376 INFO Nominatim query: {'street': 'Via A. Diaz', 'city': 'Ravenna', 'state': 'Emilia-Romagna', 'country': 'Italy'}
2025-12-14 08:20:17,018 INFO Nominatim query: {'q': 'Via A. Diaz, Ravenna, Emilia-Romagna, Italy'}
2025-12-14 08:20:18,811 INFO Nominatim query: {'q': 'Ravenna, Emilia-Romagna, Italy'}
2025-12-14 08:20:20,503 INFO Geocoded 0800161670 -> 44.4161414 12.2017617
2025-12-14 08:20:20,505 INFO Processing [166/294] 0800161701
2025-12-14 08:20:20,506 INFO Geocoding [166/294] 0800161701 — Ravenna, Via Mariani, 26
2025-12-14 08:20:20,506 INFO Geocoded 0800161701 -> 44.4172272 12.2017926
2025-12-14 08:20:20,511 INFO Processing [167/294] 0800161645
2025-12-14 08:20:20,514 INFO Geocoding [167/294] 0800161645 — Ravenna, via Cairoli, 10
2025-12-14 08:20:20,515 INFO Trying Overpass for: street=via Cairoli housenumber=10 city=Ravenna
2025-12-14 08:20:21,399 INFO Nominatim query: {'street': 'via Cairoli', 'city': 'Ravenna', 'state': 'Emilia-Romagna', 'country': 'Italy'}
2025-12-14 08:20:23,065 INFO Geocoded 0800161645 -> 44.4170790 12.1993977
2025-12-14 08:20:23,067 INFO Processing [168/294] 0800161692
2025-12-14 08:20:23,067 INFO Geocoding [168/294] 0800161692 — Ravenna, via Guerrini, 11
2025-12-14 08:20:23,068 INFO Geocoded 0800161692 -> 44.4157687 12.1987216
2025-12-14 08:20:23,073 INFO Processing [169/294] 0800319233
2025-12-14 08:20:23,075 INFO Geocoding [169/294] 0800319233 — Ravenna, via Galla Placidia, 0
2025-12-14 08:20:23,076 INFO Geocoded 0800319233 -> 44.4213171 12.1971941
2025-12-14 08:20:23,080 INFO Processing [170/294] 0800161787
2025-12-14 08:20:23,083 INFO Geocoding [170/294] 0800161787 — Ravenna, via Strada Provinciale Bagnolo, 0
2025-12-14 08:20:23,083 INFO Geocoded 0800161787 -> 44.4161414 12.2017617
2025-12-14 08:20:23,085 INFO Processing [171/294] 0800161757-bene componente
2025-12-14 08:20:23,086 INFO Skipping 0800161757-bene componente: no address
2025-12-14 08:20:23,088 INFO Processing [172/294] 0800266242
2025-12-14 08:20:23,089 INFO Geocoding [172/294] 0800266242 — Ravenna, Via Argine Destro Ronco, 98
2025-12-14 08:20:23,090 INFO Trying Overpass for: street=Via Argine Destro Ronco housenumber=98 city=Ravenna
2025-12-14 08:20:23,740 INFO Geocoded 0800266242 -> 44.3615418 12.1640316
2025-12-14 08:20:23,743 INFO Processing [173/294] 0800308275
2025-12-14 08:20:23,743 INFO Geocoding [173/294] 0800308275 — Ravenna, SANTO STEFANO - CARRAIE, via Cella, 0, Carraia Ginanni
2025-12-14 08:20:23,744 INFO Geocoded 0800308275 -> 44.3601333 12.1816153
2025-12-14 08:20:23,746 INFO Processing [174/294] 0800319247-bene individuo
2025-12-14 08:20:23,747 INFO Geocoding [174/294] 0800319247-bene individuo — Ravenna, via Nino Bixio, 23
2025-12-14 08:20:23,747 INFO Geocoded 0800319247-bene individuo -> 44.4137504 12.1948266
2025-12-14 08:20:23,752 INFO Processing [175/294] 0800161761
2025-12-14 08:20:23,752 INFO Geocoding [175/294] 0800161761 — Ravenna, Via Girolamo Rossi, 0
2025-12-14 08:20:23,752 INFO Geocoded 0800161761 -> 44.4200553 12.2012274
2025-12-14 08:20:23,756 INFO Processing [176/294] 0800319300
2025-12-14 08:20:23,758 INFO Geocoding [176/294] 0800319300 — Ravenna, Piazza del popolo, 0
2025-12-14 08:20:23,759 INFO Geocoded 0800319300 -> 44.4178985 12.1992196
2025-12-14 08:20:23,765 INFO Processing [177/294] 0800161637
2025-12-14 08:20:23,766 INFO Geocoding [177/294] 0800161637 — Ravenna
2025-12-14 08:20:23,766 INFO Geocoded 0800161637 -> 44.4161414 12.2017617
2025-12-14 08:20:23,769 INFO Processing [178/294] 0800161669
2025-12-14 08:20:23,770 INFO Geocoding [178/294] 0800161669 — Ravenna, Via Tombesi Dall'Ova, 0
2025-12-14 08:20:23,770 INFO Geocoded 0800161669 -> 44.4149318 12.2036117
2025-12-14 08:20:23,777 INFO Processing [179/294] 0800161642
2025-12-14 08:20:23,779 INFO Geocoding [179/294] 0800161642 — Ravenna, Piazza Duomo, 0
2025-12-14 08:20:23,779 INFO Trying Overpass for: street=Piazza Duomo housenumber=None city=Ravenna
2025-12-14 08:20:24,673 INFO Geocoded 0800161642 -> 44.4154629 12.1960428
2025-12-14 08:20:24,675 INFO Processing [180/294] 0800161758
2025-12-14 08:20:24,675 INFO Geocoding [180/294] 0800161758 — Ravenna, via di Roma, 0
2025-12-14 08:20:24,676 INFO Geocoded 0800161758 -> 44.4179146 12.2035804
2025-12-14 08:20:24,678 INFO Processing [181/294] 0800161726-bene complesso
2025-12-14 08:20:24,678 INFO Skipping 0800161726-bene complesso: no address
2025-12-14 08:20:24,680 INFO Processing [182/294] 0800308262
2025-12-14 08:20:24,680 INFO Geocoding [182/294] 0800308262 — Ravenna, Via Dismano, 0
2025-12-14 08:20:24,682 INFO Trying Overpass for: street=Via Dismano housenumber=None city=Ravenna
2025-12-14 08:20:25,507 INFO Geocoded 0800308262 -> 44.4016144 12.207177
2025-12-14 08:20:25,509 INFO Processing [183/294] 0800161684
2025-12-14 08:20:25,510 INFO Geocoding [183/294] 0800161684 — Emilia-Romagna, RA, Ravenna
2025-12-14 08:20:25,510 INFO Geocoded 0800161684 -> 44.4403718 12.2923064
2025-12-14 08:20:25,512 INFO Processing [184/294] 0800161736
2025-12-14 08:20:25,513 INFO Geocoding [184/294] 0800161736 — Ravenna, Via Di Roma, 102
2025-12-14 08:20:25,513 INFO Geocoded 0800161736 -> 44.4152614 12.2047199
2025-12-14 08:20:25,517 INFO Processing [185/294] 0800161742
2025-12-14 08:20:25,517 INFO Geocoding [185/294] 0800161742 — Ravenna, Via Di Roma, 0
2025-12-14 08:20:25,518 INFO Geocoded 0800161742 -> 44.4179146 12.2035804
2025-12-14 08:20:25,532 INFO Processing [186/294] 0800161719
2025-12-14 08:20:25,533 INFO Geocoding [186/294] 0800161719 — Ravenna, Via Giuseppe Mazzini, 44
2025-12-14 08:20:25,535 INFO Trying Overpass for: street=Via Giuseppe Mazzini housenumber=44 city=Ravenna
2025-12-14 08:20:27,449 INFO Geocoded 0800161719 -> 44.4141092 12.2009368
2025-12-14 08:20:27,450 INFO Processing [187/294] 0800266230
2025-12-14 08:20:27,451 INFO Geocoding [187/294] 0800266230 — Ravenna, via San Vitale, 34
2025-12-14 08:20:27,451 INFO Trying Overpass for: street=via San Vitale housenumber=34 city=Ravenna
2025-12-14 08:20:28,517 INFO Geocoded 0800266230 -> 44.4197925 12.1964832
2025-12-14 08:20:28,519 INFO Processing [188/294] 0800319236
2025-12-14 08:20:28,519 INFO Geocoding [188/294] 0800319236 — Ravenna, via Castello, 74
2025-12-14 08:20:28,520 INFO Geocoded 0800319236 -> 44.4161414 12.2017617
2025-12-14 08:20:28,525 INFO Processing [189/294] 0800266245
2025-12-14 08:20:28,527 INFO Geocoding [189/294] 0800266245 — Ravenna, Via Nuova, 1
2025-12-14 08:20:28,527 INFO Trying Overpass for: street=Via Nuova housenumber=1 city=Ravenna
2025-12-14 08:20:29,520 INFO Nominatim query: {'street': 'Via Nuova', 'city': 'Ravenna', 'state': 'Emilia-Romagna', 'country': 'Italy'}
2025-12-14 08:20:31,123 INFO Nominatim query: {'q': 'Via Nuova, Ravenna, Emilia-Romagna, Italy'}
2025-12-14 08:20:32,847 INFO Nominatim query: {'q': 'Ravenna, Emilia-Romagna, Italy'}
2025-12-14 08:20:34,544 INFO Geocoded 0800266245 -> 44.4161414 12.2017617
2025-12-14 08:20:34,545 INFO Processing [190/294] 0800161624-bene complesso
2025-12-14 08:20:34,545 INFO Skipping 0800161624-bene complesso: no address
2025-12-14 08:20:34,549 INFO Processing [191/294] 0800161620
2025-12-14 08:20:34,549 INFO Geocoding [191/294] 0800161620 — Ravenna, Piazza San Francesco, 0
2025-12-14 08:20:34,550 INFO Geocoded 0800161620 -> 44.4155985 12.2002704
2025-12-14 08:20:34,555 INFO Processing [192/294] 0800161619-bene complesso
2025-12-14 08:20:34,556 INFO Skipping 0800161619-bene complesso: no address
2025-12-14 08:20:34,561 INFO Processing [193/294] 0800266239
2025-12-14 08:20:34,562 INFO Geocoding [193/294] 0800266239 — Ravenna, via Galassa, 10
2025-12-14 08:20:34,562 INFO Trying Overpass for: street=via Galassa housenumber=10 city=Ravenna
2025-12-14 08:20:35,345 INFO Geocoded 0800266239 -> 44.4063703 12.089004
2025-12-14 08:20:35,346 INFO Processing [194/294] 0800161803
2025-12-14 08:20:35,347 INFO Geocoding [194/294] 0800161803 — Ravenna, Via Olindo Guerrini
2025-12-14 08:20:35,347 INFO Trying Overpass for: street=Via Olindo Guerrini housenumber=None city=Ravenna
2025-12-14 08:20:36,144 INFO Nominatim query: {'street': 'Via Olindo Guerrini', 'city': 'Ravenna', 'state': 'Emilia-Romagna', 'country': 'Italy'}
2025-12-14 08:20:37,813 INFO Nominatim query: {'q': 'Via Olindo Guerrini, Ravenna, Emilia-Romagna, Italy'}
2025-12-14 08:20:39,433 INFO Nominatim query: {'q': 'Ravenna, Emilia-Romagna, Italy'}
2025-12-14 08:20:41,162 INFO Geocoded 0800161803 -> 44.4161414 12.2017617
2025-12-14 08:20:41,164 INFO Processing [195/294] 0800308264-bene individuo
2025-12-14 08:20:41,164 INFO Geocoding [195/294] 0800308264-bene individuo — Ravenna, Via Trava, 2
2025-12-14 08:20:41,165 INFO Geocoded 0800308264-bene individuo -> 44.4161414 12.2017617
2025-12-14 08:20:41,167 INFO Processing [196/294] 0800161716
2025-12-14 08:20:41,168 INFO Geocoding [196/294] 0800161716 — Ravenna, Via Giuseppe Mazzini, 0
2025-12-14 08:20:41,168 INFO Geocoded 0800161716 -> 44.4121832 12.2016889
2025-12-14 08:20:41,173 INFO Processing [197/294] 0800161638
2025-12-14 08:20:41,174 INFO Geocoding [197/294] 0800161638 — Ravenna
2025-12-14 08:20:41,175 INFO Geocoded 0800161638 -> 44.4161414 12.2017617
2025-12-14 08:20:41,178 INFO Processing [198/294] 0800161663
2025-12-14 08:20:41,180 INFO Geocoding [198/294] 0800161663 — Ravenna, via Massimo d'Azeglio, 2
2025-12-14 08:20:41,181 INFO Geocoded 0800161663 -> 44.4168957 12.1964801
2025-12-14 08:20:41,182 INFO Processing [199/294] 0800308270
2025-12-14 08:20:41,182 INFO Geocoding [199/294] 0800308270 — Ravenna, Via Sant'Egidio, 0
2025-12-14 08:20:41,183 INFO Trying Overpass for: street=Via Sant'Egidio housenumber=None city=Ravenna
2025-12-14 08:20:42,849 INFO Geocoded 0800308270 -> 44.4175749 12.1343152
2025-12-14 08:20:42,850 INFO Processing [200/294] 0800266226
2025-12-14 08:20:42,850 INFO Geocoding [200/294] 0800266226 — Ravenna, via Pasolini, 9
2025-12-14 08:20:42,851 INFO Geocoded 0800266226 -> 44.4086083 12.2475551
2025-12-14 08:20:42,855 INFO Processing [201/294] 0800161792
2025-12-14 08:20:42,856 INFO Geocoding [201/294] 0800161792 — Ravenna, via Ravegnana, 655
2025-12-14 08:20:42,858 INFO Trying Overpass for: street=via Ravegnana housenumber=655 city=Ravenna
2025-12-14 08:20:43,541 INFO Geocoded 0800161792 -> 44.3360859 12.1258896
2025-12-14 08:20:43,542 INFO Processing [202/294] 0800319300-bene componente
2025-12-14 08:20:43,543 INFO Skipping 0800319300-bene componente: no address
2025-12-14 08:20:43,546 INFO Processing [203/294] 0800308263
2025-12-14 08:20:43,547 INFO Geocoding [203/294] 0800308263 — Ravenna, Via Gambellara, 79
2025-12-14 08:20:43,549 INFO Trying Overpass for: street=Via Gambellara housenumber=79 city=Ravenna
2025-12-14 08:20:44,238 INFO Geocoded 0800308263 -> 44.3310383 12.1380768
2025-12-14 08:20:44,240 INFO Processing [204/294] 0800161700
2025-12-14 08:20:44,240 INFO Geocoding [204/294] 0800161700 — Ravenna, Via Mariani, 24
2025-12-14 08:20:44,241 INFO Geocoded 0800161700 -> 44.4172272 12.2017926
2025-12-14 08:20:44,243 INFO Processing [205/294] 0800266241
2025-12-14 08:20:44,244 INFO Geocoding [205/294] 0800266241 — Ravenna, via Baiona, 0
2025-12-14 08:20:44,244 INFO Geocoded 0800266241 -> 44.4586862 12.2340828
2025-12-14 08:20:44,248 INFO Processing [206/294] 0800266236
2025-12-14 08:20:44,248 INFO Geocoding [206/294] 0800266236 — Ravenna, strada provinciale, 24
2025-12-14 08:20:44,249 INFO Trying Overpass for: street=strada provinciale housenumber=24 city=Ravenna
2025-12-14 08:20:45,665 INFO Nominatim query: {'street': 'strada provinciale', 'city': 'Ravenna', 'state': 'Emilia-Romagna', 'country': 'Italy'}
2025-12-14 08:20:47,434 INFO Geocoded 0800266236 -> 44.4799854 12.1756613
2025-12-14 08:20:47,437 INFO Processing [207/294] 0800161811
2025-12-14 08:20:47,438 INFO Geocoding [207/294] 0800161811 — Ravenna, via Palazza, 0
2025-12-14 08:20:47,439 INFO Trying Overpass for: street=via Palazza housenumber=None city=Ravenna
2025-12-14 08:20:48,600 INFO Nominatim query: {'street': 'via Palazza', 'city': 'Ravenna', 'state': 'Emilia-Romagna', 'country': 'Italy'}
2025-12-14 08:20:50,276 INFO Nominatim query: {'q': 'via Palazza, Ravenna, Emilia-Romagna, Italy'}
2025-12-14 08:20:51,950 INFO Nominatim query: {'q': 'Ravenna, Emilia-Romagna, Italy'}
2025-12-14 08:20:53,577 INFO Geocoded 0800161811 -> 44.4161414 12.2017617
2025-12-14 08:20:53,578 INFO Processing [208/294] 0800266220
2025-12-14 08:20:53,578 INFO Geocoding [208/294] 0800266220 — Ravenna, via Carlo Cattaneo, 22
2025-12-14 08:20:53,579 INFO Geocoded 0800266220 -> 44.4186256 12.1955935
2025-12-14 08:20:53,582 INFO Processing [209/294] 0800161644-bene individuo
2025-12-14 08:20:53,582 INFO Skipping 0800161644-bene individuo: no address
2025-12-14 08:20:53,588 INFO Processing [210/294] 0800161694
2025-12-14 08:20:53,589 INFO Geocoding [210/294] 0800161694 — Ravenna, via delle Industrie, 0
2025-12-14 08:20:53,590 INFO Geocoded 0800161694 -> 44.4328054 12.2253643
2025-12-14 08:20:53,594 INFO Processing [211/294] 0800161762
2025-12-14 08:20:53,595 INFO Geocoding [211/294] 0800161762 — Ravenna, Via Girolamo Rossi, 0
2025-12-14 08:20:53,595 INFO Geocoded 0800161762 -> 44.4200553 12.2012274
2025-12-14 08:20:53,597 INFO Processing [212/294] 0800161771
2025-12-14 08:20:53,598 INFO Geocoding [212/294] 0800161771 — Ravenna, Via San Vitale, 17
2025-12-14 08:20:53,599 INFO Geocoded 0800161771 -> 44.4201193 12.195915
2025-12-14 08:20:53,601 INFO Processing [213/294] 0800308265-bene individuo
2025-12-14 08:20:53,602 INFO Geocoding [213/294] 0800308265-bene individuo — Ravenna, Via Babini, 246
2025-12-14 08:20:53,603 INFO Trying Overpass for: street=Via Babini housenumber=246 city=Ravenna
2025-12-14 08:20:54,357 INFO Nominatim query: {'street': 'Via Babini', 'city': 'Ravenna', 'state': 'Emilia-Romagna', 'country': 'Italy'}
2025-12-14 08:20:56,033 INFO Geocoded 0800308265-bene individuo -> 44.3471527 12.1324064
2025-12-14 08:20:56,038 INFO Processing [214/294] 0800161665
2025-12-14 08:20:56,039 INFO Geocoding [214/294] 0800161665 — Ravenna, via Massimo d'Azeglio, 38
2025-12-14 08:20:56,042 INFO Geocoded 0800161665 -> 44.4180807 12.1942878
2025-12-14 08:20:56,057 INFO Processing [215/294] 0800161630
2025-12-14 08:20:56,063 INFO Geocoding [215/294] 0800161630 — Ravenna, Piazza Arcivescovado, 1
2025-12-14 08:20:56,065 INFO Geocoded 0800161630 -> 44.415209 12.1976094
2025-12-14 08:20:56,070 INFO Processing [216/294] 0800161681
2025-12-14 08:20:56,078 INFO Geocoding [216/294] 0800161681 — Ravenna, via Romolo Gessi, 14
2025-12-14 08:20:56,081 INFO Trying Overpass for: street=via Romolo Gessi housenumber=14 city=Ravenna
2025-12-14 08:20:57,271 INFO Nominatim query: {'street': 'via Romolo Gessi', 'city': 'Ravenna', 'state': 'Emilia-Romagna', 'country': 'Italy'}
2025-12-14 08:20:58,965 INFO Geocoded 0800161681 -> 44.4157737 12.1981351
2025-12-14 08:20:58,969 INFO Processing [217/294] 0800319231
2025-12-14 08:20:58,970 INFO Geocoding [217/294] 0800319231 — Ravenna, via Diaz, 2
2025-12-14 08:20:58,970 INFO Geocoded 0800319231 -> 44.4181732 12.2019424
2025-12-14 08:20:58,978 INFO Processing [218/294] 0800161741
2025-12-14 08:20:58,979 INFO Geocoding [218/294] 0800161741 — Ravenna, Via Di Roma, 0
2025-12-14 08:20:58,980 INFO Geocoded 0800161741 -> 44.4179146 12.2035804
2025-12-14 08:20:58,987 INFO Processing [219/294] 0800161686
2025-12-14 08:20:58,989 INFO Geocoding [219/294] 0800161686 — Ravenna, via Guaccimanni, 11
2025-12-14 08:20:58,992 INFO Geocoded 0800161686 -> 44.4157906 12.2031660
2025-12-14 08:20:58,997 INFO Processing [220/294] 0800308269
2025-12-14 08:20:58,998 INFO Geocoding [220/294] 0800308269 — Ravenna, Via Roncalcesi, 0
2025-12-14 08:20:58,998 INFO Trying Overpass for: street=Via Roncalcesi housenumber=None city=Ravenna
2025-12-14 08:21:00,004 INFO Nominatim query: {'street': 'Via Roncalcesi', 'city': 'Ravenna', 'state': 'Emilia-Romagna', 'country': 'Italy'}
2025-12-14 08:21:01,658 INFO Nominatim query: {'q': 'Via Roncalcesi, Ravenna, Emilia-Romagna, Italy'}
2025-12-14 08:21:03,330 INFO Nominatim query: {'q': 'Ravenna, Emilia-Romagna, Italy'}
2025-12-14 08:21:05,180 INFO Geocoded 0800308269 -> 44.4161414 12.2017617
2025-12-14 08:21:05,182 INFO Processing [221/294] 0800161810
2025-12-14 08:21:05,182 INFO Geocoding [221/294] 0800161810 — Ravenna, via Cella, 0
2025-12-14 08:21:05,183 INFO Trying Overpass for: street=via Cella housenumber=None city=Ravenna
2025-12-14 08:21:06,032 INFO Geocoded 0800161810 -> 44.3601333 12.1816153
2025-12-14 08:21:06,034 INFO Processing [222/294] 0800308261
2025-12-14 08:21:06,035 INFO Geocoding [222/294] 0800308261 — Ravenna, Via Dismano, 663
2025-12-14 08:21:06,035 INFO Trying Overpass for: street=Via Dismano housenumber=663 city=Ravenna
2025-12-14 08:21:06,791 INFO Nominatim query: {'street': 'Via Dismano', 'city': 'Ravenna', 'state': 'Emilia-Romagna', 'country': 'Italy'}
2025-12-14 08:21:08,464 INFO Geocoded 0800308261 -> 44.3836113 12.2125021
2025-12-14 08:21:08,467 INFO Processing [223/294] 0800266219
2025-12-14 08:21:08,467 INFO Geocoding [223/294] 0800266219 — Ravenna, via Canale Molinetto, 90
2025-12-14 08:21:08,468 INFO Trying Overpass for: street=via Canale Molinetto housenumber=90 city=Ravenna
2025-12-14 08:21:09,288 INFO Nominatim query: {'street': 'via Canale Molinetto', 'city': 'Ravenna', 'state': 'Emilia-Romagna', 'country': 'Italy'}
2025-12-14 08:21:10,955 INFO Geocoded 0800266219 -> 44.4344235 12.2650348
2025-12-14 08:21:10,956 INFO Processing [224/294] 0800266244
2025-12-14 08:21:10,957 INFO Geocoding [224/294] 0800266244 — Ravenna, via Basilica, 158
2025-12-14 08:21:10,957 INFO Trying Overpass for: street=via Basilica housenumber=158 city=Ravenna
2025-12-14 08:21:11,561 INFO Nominatim query: {'street': 'via Basilica', 'city': 'Ravenna', 'state': 'Emilia-Romagna', 'country': 'Italy'}
2025-12-14 08:21:13,217 INFO Geocoded 0800266244 -> 44.4988073 12.0885292
2025-12-14 08:21:13,219 INFO Processing [225/294] 0800161739
2025-12-14 08:21:13,219 INFO Geocoding [225/294] 0800161739 — Ravenna, via di Roma, 118
2025-12-14 08:21:13,220 INFO Geocoded 0800161739 -> 44.4163462 12.2042227
2025-12-14 08:21:13,222 INFO Processing [226/294] 0800161659
2025-12-14 08:21:13,223 INFO Geocoding [226/294] 0800161659 — Ravenna, via Paola Costa, 7
2025-12-14 08:21:13,223 INFO Geocoded 0800161659 -> 44.4161414 12.2017617
2025-12-14 08:21:13,227 INFO Processing [227/294] 0800161651
2025-12-14 08:21:13,228 INFO Geocoding [227/294] 0800161651 — Ravenna, Via Camillo Benso Conte di Cavour, 0
2025-12-14 08:21:13,228 INFO Trying Overpass for: street=Via Camillo Benso Conte di Cavour housenumber=None city=Ravenna
2025-12-14 08:21:14,022 INFO Geocoded 0800161651 -> 44.4189411 12.1979156
2025-12-14 08:21:14,024 INFO Processing [228/294] 0800161806
2025-12-14 08:21:14,024 INFO Geocoding [228/294] 0800161806 — Ravenna, Strada Provinciale Faentina, 362
2025-12-14 08:21:14,025 INFO Geocoded 0800161806 -> 44.4161414 12.2017617
2025-12-14 08:21:14,026 INFO Processing [229/294] 0800161731
2025-12-14 08:21:14,027 INFO Geocoding [229/294] 0800161731 — Ravenna, via Gregorio Ricci Cubastro, 20
2025-12-14 08:21:14,027 INFO Trying Overpass for: street=via Gregorio Ricci Cubastro housenumber=20 city=Ravenna
2025-12-14 08:21:14,875 INFO Nominatim query: {'street': 'via Gregorio Ricci Cubastro', 'city': 'Ravenna', 'state': 'Emilia-Romagna', 'country': 'Italy'}
2025-12-14 08:21:16,511 INFO Geocoded 0800161731 -> 44.4144159 12.1388559
2025-12-14 08:21:16,513 INFO Processing [230/294] 0800161729
2025-12-14 08:21:16,514 INFO Geocoding [230/294] 0800161729 — Ravenna, Via Porta Gaza, 0
2025-12-14 08:21:16,517 INFO Geocoded 0800161729 -> 44.413645 12.1958459
2025-12-14 08:21:16,523 INFO Processing [231/294] 0800319340-bene individuo
2025-12-14 08:21:16,524 INFO Geocoding [231/294] 0800319340-bene individuo — Ravenna, Piazza Kennedy, 14
2025-12-14 08:21:16,525 INFO Trying Overpass for: street=Piazza Kennedy housenumber=14 city=Ravenna
2025-12-14 08:21:20,484 INFO Nominatim query: {'street': 'Piazza Kennedy', 'city': 'Ravenna', 'state': 'Emilia-Romagna', 'country': 'Italy'}
2025-12-14 08:21:22,118 INFO Geocoded 0800319340-bene individuo -> 44.4168581 12.1974394
2025-12-14 08:21:22,121 INFO Processing [232/294] 0800161674
2025-12-14 08:21:22,122 INFO Geocoding [232/294] 0800161674 — Ravenna, Piazza Duomo
2025-12-14 08:21:22,122 INFO Trying Overpass for: street=Piazza Duomo housenumber=None city=Ravenna
2025-12-14 08:21:23,103 INFO Geocoded 0800161674 -> 44.4154629 12.1960428
2025-12-14 08:21:23,105 INFO Processing [233/294] 0800161778
2025-12-14 08:21:23,105 INFO Geocoding [233/294] 0800161778 — Ravenna, via XIII Giugno, 3
2025-12-14 08:21:23,105 INFO Geocoded 0800161778 -> 44.4161414 12.2017617
2025-12-14 08:21:23,108 INFO Processing [234/294] 0800161710
2025-12-14 08:21:23,108 INFO Geocoding [234/294] 0800161710 — Ravenna, Via Giuseppe Mazzini, 7
2025-12-14 08:21:23,109 INFO Trying Overpass for: street=Via Giuseppe Mazzini housenumber=7 city=Ravenna
2025-12-14 08:21:24,043 INFO Geocoded 0800161710 -> 44.4149154 12.2002934
2025-12-14 08:21:24,044 INFO Processing [235/294] 0800161715
2025-12-14 08:21:24,045 INFO Geocoding [235/294] 0800161715 — Ravenna, Via Giuseppe Mazzini,0
2025-12-14 08:21:24,045 INFO Trying Overpass for: street=Via Giuseppe Mazzini housenumber=None city=Ravenna
2025-12-14 08:21:24,924 INFO Geocoded 0800161715 -> 44.4121832 12.2016889
2025-12-14 08:21:24,926 INFO Processing [236/294] 0800308253-bene componente
2025-12-14 08:21:24,927 INFO Skipping 0800308253-bene componente: no address
2025-12-14 08:21:24,931 INFO Processing [237/294] 0800161641
2025-12-14 08:21:24,934 INFO Geocoding [237/294] 0800161641 — Ravenna, Piazza Duomo, 0
2025-12-14 08:21:24,935 INFO Geocoded 0800161641 -> 44.4154629 12.1960428
2025-12-14 08:21:24,940 INFO Processing [238/294] 0800161707
2025-12-14 08:21:24,942 INFO Geocoding [238/294] 0800161707 — Ravenna, Via Giuseppe Mazzini, 72
2025-12-14 08:21:24,944 INFO Trying Overpass for: street=Via Giuseppe Mazzini housenumber=72 city=Ravenna
2025-12-14 08:21:27,763 INFO Geocoded 0800161707 -> 44.4128885 12.2014649
2025-12-14 08:21:27,765 INFO Processing [239/294] 0800319234
2025-12-14 08:21:27,765 INFO Geocoding [239/294] 0800319234 — Ravenna, via Roncalceci, 195
2025-12-14 08:21:27,766 INFO Trying Overpass for: street=via Roncalceci housenumber=195 city=Ravenna
2025-12-14 08:21:28,412 INFO Nominatim query: {'street': 'via Roncalceci', 'city': 'Ravenna', 'state': 'Emilia-Romagna', 'country': 'Italy'}
2025-12-14 08:21:30,149 INFO Nominatim query: {'q': 'via Roncalceci, Ravenna, Emilia-Romagna, Italy'}
2025-12-14 08:21:31,868 INFO Geocoded 0800319234 -> 44.3547003 12.1191605
2025-12-14 08:21:31,870 INFO Processing [240/294] 0800161717
2025-12-14 08:21:31,870 INFO Geocoding [240/294] 0800161717 — Ravenna, Via Giuseppe Mazzini, 76
2025-12-14 08:21:31,871 INFO Trying Overpass for: street=Via Giuseppe Mazzini housenumber=76 city=Ravenna
2025-12-14 08:21:32,558 INFO Geocoded 0800161717 -> 44.41263 12.2015159
2025-12-14 08:21:32,560 INFO Processing [241/294] 0800266228
2025-12-14 08:21:32,560 INFO Geocoding [241/294] 0800266228 — Ravenna, via Salara, 33
2025-12-14 08:21:32,561 INFO Trying Overpass for: street=via Salara housenumber=33 city=Ravenna
2025-12-14 08:21:33,327 INFO Geocoded 0800266228 -> 44.4200214 12.1985782
2025-12-14 08:21:33,328 INFO Processing [242/294] 0800308999-bene individuo
2025-12-14 08:21:33,329 INFO Skipping 0800308999-bene individuo: no address
2025-12-14 08:21:33,336 INFO Processing [243/294] 0800161771-bene componente
2025-12-14 08:21:33,337 INFO Skipping 0800161771-bene componente: no address
2025-12-14 08:21:33,340 INFO Processing [244/294] 0800161678
2025-12-14 08:21:33,340 INFO Geocoding [244/294] 0800161678 — Ravenna, Via Galla Placidia, 0
2025-12-14 08:21:33,341 INFO Geocoded 0800161678 -> 44.4213171 12.1971941
2025-12-14 08:21:33,345 INFO Processing [245/294] 0800161724
2025-12-14 08:21:33,345 INFO Geocoding [245/294] 0800161724 — Ravenna, Via Morigia, 1
2025-12-14 08:21:33,346 INFO Geocoded 0800161724 -> 44.4185410 12.1963069
2025-12-14 08:21:33,350 INFO Processing [246/294] 0800266227
2025-12-14 08:21:33,351 INFO Geocoding [246/294] 0800266227 — Ravenna, piazzetta degli Ariani, 0
2025-12-14 08:21:33,354 INFO Geocoded 0800266227 -> 44.4161414 12.2017617
2025-12-14 08:21:33,356 INFO Processing [247/294] 0800319235
2025-12-14 08:21:33,356 INFO Geocoding [247/294] 0800319235 — Ravenna, via Barleti, 5
2025-12-14 08:21:33,357 INFO Trying Overpass for: street=via Barleti housenumber=5 city=Ravenna
2025-12-14 08:21:34,241 INFO Nominatim query: {'street': 'via Barleti', 'city': 'Ravenna', 'state': 'Emilia-Romagna', 'country': 'Italy'}
2025-12-14 08:21:35,848 INFO Geocoded 0800319235 -> 44.3679462 12.0810017
2025-12-14 08:21:35,849 INFO Processing [248/294] 0800161788
2025-12-14 08:21:35,850 INFO Geocoding [248/294] 0800161788 — Ravenna, via Dismano, 749
2025-12-14 08:21:35,850 INFO Geocoded 0800161788 -> 44.3416156 12.2128106
2025-12-14 08:21:35,852 INFO Processing [249/294] 0800161734
2025-12-14 08:21:35,853 INFO Geocoding [249/294] 0800161734 — Ravenna, via Rocca di Brancaleone, 0
2025-12-14 08:21:35,853 INFO Geocoded 0800161734 -> 44.4220621 12.2055153
2025-12-14 08:21:35,857 INFO Processing [250/294] 0800161623
2025-12-14 08:21:35,858 INFO Geocoding [250/294] 0800161623 — Ravenna, via Dante Alighieri, 2
2025-12-14 08:21:35,858 INFO Trying Overpass for: street=via Dante Alighieri housenumber=2 city=Ravenna
2025-12-14 08:21:36,748 INFO Geocoded 0800161623 -> 44.4166311 12.2008181
2025-12-14 08:21:36,750 INFO Processing [251/294] 0800308276
2025-12-14 08:21:36,750 INFO Geocoding [251/294] 0800308276 — Ravenna, via Cella, 0
2025-12-14 08:21:36,751 INFO Geocoded 0800308276 -> 44.3601333 12.1816153
2025-12-14 08:21:36,753 INFO Processing [252/294] 0800309001
2025-12-14 08:21:36,753 INFO Geocoding [252/294] 0800309001 — Ravenna, vicolo Capannetti, 5
2025-12-14 08:21:36,754 INFO Geocoded 0800309001 -> 44.4091605 12.2010159
2025-12-14 08:21:36,755 INFO Processing [253/294] 0800161800
2025-12-14 08:21:36,757 INFO Geocoding [253/294] 0800161800 — Ravenna, strada comunale Carrarone Chiesa, 0
2025-12-14 08:21:36,758 INFO Geocoded 0800161800 -> 44.4161414 12.2017617
2025-12-14 08:21:36,760 INFO Processing [254/294] 0800161808
2025-12-14 08:21:36,761 INFO Geocoding [254/294] 0800161808 — Ravenna, via Ramona, 55
2025-12-14 08:21:36,762 INFO Trying Overpass for: street=via Ramona housenumber=55 city=Ravenna
2025-12-14 08:21:37,545 INFO Nominatim query: {'street': 'via Ramona', 'city': 'Ravenna', 'state': 'Emilia-Romagna', 'country': 'Italy'}
2025-12-14 08:21:39,158 INFO Geocoded 0800161808 -> 44.3301274 12.0824160
2025-12-14 08:21:39,159 INFO Processing [255/294] 0800161627
2025-12-14 08:21:39,160 INFO Geocoding [255/294] 0800161627 — Ravenna, Piazza Anita Garibaldi, 0
2025-12-14 08:21:39,160 INFO Geocoded 0800161627 -> 44.418002 12.2049025
2025-12-14 08:21:39,167 INFO Processing [256/294] 0800308277-bene componente
2025-12-14 08:21:39,168 INFO Geocoding [256/294] 0800308277-bene componente — Ravenna, via Cella, 0
2025-12-14 08:21:39,168 INFO Geocoded 0800308277-bene componente -> 44.3601333 12.1816153
2025-12-14 08:21:39,170 INFO Processing [257/294] 0800161673
2025-12-14 08:21:39,170 INFO Geocoding [257/294] 0800161673 — Ravenna, Piazza Duomo, 0
2025-12-14 08:21:39,171 INFO Geocoded 0800161673 -> 44.4154629 12.1960428
2025-12-14 08:21:39,174 INFO Processing [258/294] 0800161756
2025-12-14 08:21:39,175 INFO Geocoding [258/294] 0800161756 — Ravenna, via di Roma, 0
2025-12-14 08:21:39,175 INFO Geocoded 0800161756 -> 44.4179146 12.2035804
2025-12-14 08:21:39,177 INFO Processing [259/294] 0800161720
2025-12-14 08:21:39,177 INFO Geocoding [259/294] 0800161720 — Ravenna, Via Giuseppe Mazzini, 57
2025-12-14 08:21:39,177 INFO Trying Overpass for: street=Via Giuseppe Mazzini housenumber=57 city=Ravenna
2025-12-14 08:21:39,895 INFO Geocoded 0800161720 -> 44.4135667 12.2010238
2025-12-14 08:21:39,897 INFO Processing [260/294] 0800161675
2025-12-14 08:21:39,898 INFO Geocoding [260/294] 0800161675 — Ravenna, via Ercolana, 29
2025-12-14 08:21:39,898 INFO Trying Overpass for: street=via Ercolana housenumber=29 city=Ravenna
2025-12-14 08:21:40,742 INFO Geocoded 0800161675 -> 44.4157076 12.1935417
2025-12-14 08:21:40,745 INFO Processing [261/294] 0800161712
2025-12-14 08:21:40,747 INFO Geocoding [261/294] 0800161712 — Ravenna, Via Giuseppe Mazzini, 84
2025-12-14 08:21:40,748 INFO Trying Overpass for: street=Via Giuseppe Mazzini housenumber=84 city=Ravenna
2025-12-14 08:21:41,462 INFO Geocoded 0800161712 -> 44.4121597 12.2016034
2025-12-14 08:21:41,464 INFO Processing [262/294] 0800161623-bene componente
2025-12-14 08:21:41,465 INFO Skipping 0800161623-bene componente: no address
2025-12-14 08:21:41,469 INFO Processing [263/294] 0800308273-bene individuo
2025-12-14 08:21:41,471 INFO Geocoding [263/294] 0800308273-bene individuo — Ravenna, Via Santerno, 0
2025-12-14 08:21:41,472 INFO Geocoded 0800308273-bene individuo -> 44.4654777 12.0885656
2025-12-14 08:21:41,475 INFO Processing [264/294] 0800161785
2025-12-14 08:21:41,476 INFO Geocoding [264/294] 0800161785 — Ravenna, via Petrosa, 0
2025-12-14 08:21:41,477 INFO Geocoded 0800161785 -> 44.4161414 12.2017617
2025-12-14 08:21:41,485 INFO Processing [265/294] 0800161697
2025-12-14 08:21:41,486 INFO Geocoding [265/294] 0800161697 — Ravenna, Via A. Mariani, 22
2025-12-14 08:21:41,487 INFO Geocoded 0800161697 -> 44.4161414 12.2017617
2025-12-14 08:21:41,494 INFO Processing [266/294] 0800266246
2025-12-14 08:21:41,497 INFO Geocoding [266/294] 0800266246 — Ravenna, via del Sale Vecchia, 18
2025-12-14 08:21:41,498 INFO Trying Overpass for: street=via del Sale Vecchia housenumber=18 city=Ravenna
2025-12-14 08:21:42,485 INFO Nominatim query: {'street': 'via del Sale Vecchia', 'city': 'Ravenna', 'state': 'Emilia-Romagna', 'country': 'Italy'}
2025-12-14 08:21:44,081 INFO Nominatim query: {'q': 'via del Sale Vecchia, Ravenna, Emilia-Romagna, Italy'}
2025-12-14 08:21:45,783 INFO Nominatim query: {'q': 'Ravenna, Emilia-Romagna, Italy'}
2025-12-14 08:21:47,563 INFO Geocoded 0800266246 -> 44.4161414 12.2017617
2025-12-14 08:21:47,564 INFO Processing [267/294] 0800161749
2025-12-14 08:21:47,565 INFO Geocoding [267/294] 0800161749 — Ravenna, Via Di Roma, 108
2025-12-14 08:21:47,565 INFO Geocoded 0800161749 -> 44.4156956 12.2045014
2025-12-14 08:21:47,567 INFO Processing [268/294] 0800161693
2025-12-14 08:21:47,568 INFO Geocoding [268/294] 0800161693 — Ravenna, via Guerrini, 15
2025-12-14 08:21:47,568 INFO Geocoded 0800161693 -> 44.4157687 12.1987216
2025-12-14 08:21:47,570 INFO Processing [269/294] 0800161783
2025-12-14 08:21:47,571 INFO Geocoding [269/294] 0800161783 — Ravenna, Strada Statale Adriatica, 16
2025-12-14 08:21:47,572 INFO Geocoded 0800161783 -> 44.4161414 12.2017617
2025-12-14 08:21:47,574 INFO Processing [270/294] 0800161667
2025-12-14 08:21:47,574 INFO Geocoding [270/294] 0800161667 — Ravenna, Via Marco Dente, 0
2025-12-14 08:21:47,575 INFO Geocoded 0800161667 -> 44.4151761 12.2020445
2025-12-14 08:21:47,576 INFO Processing [271/294] 0800161722
2025-12-14 08:21:47,577 INFO Geocoding [271/294] 0800161722 — Ravenna, Via Monti, 0
2025-12-14 08:21:47,579 INFO Geocoded 0800161722 -> 44.4504896 12.2147229
2025-12-14 08:21:47,588 INFO Processing [272/294] 0800161752
2025-12-14 08:21:47,590 INFO Geocoding [272/294] 0800161752 — Ravenna, Via Di Roma, 98
2025-12-14 08:21:47,591 INFO Geocoded 0800161752 -> 44.415089 12.2048173
2025-12-14 08:21:47,597 INFO Processing [273/294] 0800319415
2025-12-14 08:21:47,598 INFO Geocoding [273/294] 0800319415 — Ravenna, via Dismano, 747
2025-12-14 08:21:47,599 INFO Geocoded 0800319415 -> 44.3416156 12.2128106
2025-12-14 08:21:47,603 INFO Processing [274/294] 0800161653
2025-12-14 08:21:47,603 INFO Geocoding [274/294] 0800161653 — Ravenna, via Paolo Costa, 2
2025-12-14 08:21:47,604 INFO Geocoded 0800161653 -> 44.4191432 12.200469
2025-12-14 08:21:47,605 INFO Processing [275/294] 0800266248
2025-12-14 08:21:47,606 INFO Geocoding [275/294] 0800266248 — Ravenna, via Villanova, 96
2025-12-14 08:21:47,606 INFO Geocoded 0800266248 -> 44.3805146 12.1176101
2025-12-14 08:21:47,608 INFO Processing [276/294] 0800161791
2025-12-14 08:21:47,609 INFO Geocoding [276/294] 0800161791 — Ravenna, Via Roncalceci, 0
2025-12-14 08:21:47,609 INFO Trying Overpass for: street=Via Roncalceci housenumber=None city=Ravenna
2025-12-14 08:21:48,795 INFO Geocoded 0800161791 -> 44.3452707 12.1000114
2025-12-14 08:21:48,798 INFO Processing [277/294] 0800161671
2025-12-14 08:21:48,799 INFO Geocoding [277/294] 0800161671 — Ravenna, via Diaz, 15
2025-12-14 08:21:48,802 INFO Trying Overpass for: street=via Diaz housenumber=15 city=Ravenna
2025-12-14 08:21:49,881 INFO Nominatim query: {'street': 'via Diaz', 'city': 'Ravenna', 'state': 'Emilia-Romagna', 'country': 'Italy'}
2025-12-14 08:21:51,473 INFO Geocoded 0800161671 -> 44.4181732 12.2019424
2025-12-14 08:21:51,475 INFO Processing [278/294] 0800161727
2025-12-14 08:21:51,476 INFO Geocoding [278/294] 0800161727 — Ravenna, via Ponte Marino, 7
2025-12-14 08:21:51,477 INFO Trying Overpass for: street=via Ponte Marino housenumber=7 city=Ravenna
2025-12-14 08:21:52,435 INFO Geocoded 0800161727 -> 44.4192708 12.1995285
2025-12-14 08:21:52,437 INFO Processing [279/294] 0800308258
2025-12-14 08:21:52,437 INFO Geocoding [279/294] 0800308258 — Ravenna, Via Galassa, 10
2025-12-14 08:21:52,438 INFO Trying Overpass for: street=Via Galassa housenumber=10 city=Ravenna
2025-12-14 08:21:53,251 INFO Geocoded 0800308258 -> 44.4063703 12.089004
2025-12-14 08:21:53,253 INFO Processing [280/294] 0800309001-bene individuo
2025-12-14 08:21:53,254 INFO Skipping 0800309001-bene individuo: no address
2025-12-14 08:21:53,255 INFO Processing [281/294] 0800161621-bene componente
2025-12-14 08:21:53,256 INFO Skipping 0800161621-bene componente: no address
2025-12-14 08:21:53,258 INFO Processing [282/294] 0800308255
2025-12-14 08:21:53,259 INFO Geocoding [282/294] 0800308255 — Ravenna, Via Guaccimanni, 44
2025-12-14 08:21:53,261 INFO Geocoded 0800308255 -> 44.4157906 12.2031660
2025-12-14 08:21:53,266 INFO Processing [283/294] 0800308278
2025-12-14 08:21:53,268 INFO Geocoding [283/294] 0800308278 — Ravenna, Via Fossatone, 0
2025-12-14 08:21:53,269 INFO Trying Overpass for: street=Via Fossatone housenumber=None city=Ravenna
2025-12-14 08:21:54,079 INFO Nominatim query: {'street': 'Via Fossatone', 'city': 'Ravenna', 'state': 'Emilia-Romagna', 'country': 'Italy'}
2025-12-14 08:21:55,826 INFO Geocoded 0800308278 -> 44.5084017 12.2271296
2025-12-14 08:21:55,828 INFO Processing [284/294] 0800161704
2025-12-14 08:21:55,828 INFO Geocoding [284/294] 0800161704 — Ravenna, via Salara, 40
2025-12-14 08:21:55,829 INFO Trying Overpass for: street=via Salara housenumber=40 city=Ravenna
2025-12-14 08:21:56,735 INFO Geocoded 0800161704 -> 44.4205809 12.1989204
2025-12-14 08:21:56,737 INFO Processing [285/294] 0800161721
2025-12-14 08:21:56,738 INFO Geocoding [285/294] 0800161721 — Ravenna, Via Monti, 0
2025-12-14 08:21:56,738 INFO Geocoded 0800161721 -> 44.4504896 12.2147229
2025-12-14 08:21:56,740 INFO Processing [286/294] 0800266243
2025-12-14 08:21:56,741 INFO Geocoding [286/294] 0800266243 — Ravenna, SANTERNO, via Santerno, 284
2025-12-14 08:21:56,741 INFO Geocoded 0800266243 -> 44.4633892 12.0864934
2025-12-14 08:21:56,747 INFO Processing [287/294] 0800161789
2025-12-14 08:21:56,749 INFO Geocoding [287/294] 0800161789 — Ravenna, via Dismano, 749
2025-12-14 08:21:56,750 INFO Geocoded 0800161789 -> 44.3416156 12.2128106
2025-12-14 08:21:56,754 INFO Processing [288/294] 0800161801
2025-12-14 08:21:56,755 INFO Geocoding [288/294] 0800161801 — Ravenna, Via Stradone, 46
2025-12-14 08:21:56,755 INFO Geocoded 0800161801 -> 44.4026479 12.2454835
2025-12-14 08:21:56,757 INFO Processing [289/294] 0800266234
2025-12-14 08:21:56,757 INFO Geocoding [289/294] 0800266234 — Ravenna, piazza XX Settembre, 7
2025-12-14 08:21:56,758 INFO Geocoded 0800266234 -> 44.4176313 12.1986317
2025-12-14 08:21:56,761 INFO Processing [290/294] 0800161756-bene complesso
2025-12-14 08:21:56,762 INFO Skipping 0800161756-bene complesso: no address
2025-12-14 08:21:56,768 INFO Processing [291/294] 0800161790
2025-12-14 08:21:56,769 INFO Geocoding [291/294] 0800161790 — Ravenna, via Sisa, 17
2025-12-14 08:21:56,770 INFO Trying Overpass for: street=via Sisa housenumber=17 city=Ravenna
2025-12-14 08:21:57,865 INFO Nominatim query: {'street': 'via Sisa', 'city': 'Ravenna', 'state': 'Emilia-Romagna', 'country': 'Italy'}
2025-12-14 08:21:59,494 INFO Nominatim query: {'q': 'via Sisa, Ravenna, Emilia-Romagna, Italy'}
2025-12-14 08:22:01,145 INFO Nominatim query: {'q': 'Ravenna, Emilia-Romagna, Italy'}
2025-12-14 08:22:02,882 INFO Geocoded 0800161790 -> 44.4161414 12.2017617
2025-12-14 08:22:02,884 INFO Processing [292/294] 0800161636
2025-12-14 08:22:02,884 INFO Geocoding [292/294] 0800161636 — Ravenna
2025-12-14 08:22:02,884 INFO Geocoded 0800161636 -> 44.4161414 12.2017617
2025-12-14 08:22:02,887 INFO Processing [293/294] 0800161666
2025-12-14 08:22:02,887 INFO Geocoding [293/294] 0800161666 — Ravenna, Via Massimo D'Azeglio, 47
2025-12-14 08:22:02,888 INFO Trying Overpass for: street=Via Massimo D'Azeglio housenumber=47 city=Ravenna
2025-12-14 08:22:03,585 INFO Geocoded 0800161666 -> 44.4182064 12.1943565
2025-12-14 08:22:03,586 INFO Processing [294/294] 0800161646
2025-12-14 08:22:03,587 INFO Geocoding [294/294] 0800161646 — Ravenna, via Cairoli, 27
2025-12-14 08:22:03,587 INFO Trying Overpass for: street=via Cairoli housenumber=27 city=Ravenna
2025-12-14 08:22:04,398 INFO Nominatim query: {'street': 'via Cairoli', 'city': 'Ravenna', 'state': 'Emilia-Romagna', 'country': 'Italy'}
2025-12-14 08:22:06,087 INFO Geocoded 0800161646 -> 44.4170790 12.1993977
2025-12-14 08:22:06,100 INFO DONE. Total=294 Processed=294 Updated=273
