{"ts": "2025-12-13T20:19:57.378016+00:00", "resource": "0800161620-bene componente", "index": 1, "total": 294, "address": "", "success": false, "source": null, "message": "no-address"}
{"ts": "2025-12-13T20:21:18.389208+00:00", "resource": "0800308997", "index": 2, "total": 294, "address": "Ravenna, via Guerrini, 0 , piazza Arcivescovado 0", "success": false, "source": null, "message": "not-found"}
{"ts": "2025-12-13T20:21:18.394895+00:00", "resource": "0800161656", "index": 3, "total": 294, "address": "Ravenna, via Paolo Costa, 10", "success": true, "source": "overpass", "message": null}
{"ts": "2025-12-13T20:21:18.400683+00:00", "resource": "0800161745", "index": 4, "total": 294, "address": "Ravenna, Via Di Roma, 0", "success": true, "source": "overpass", "message": null}
{"ts": "2025-12-13T20:22:44.398843+00:00", "resource": "0800161718", "index": 5, "total": 294, "address": "Ravenna, via G. Mazzini, 75", "success": false, "source": null, "message": "not-found"}
{"ts": "2025-12-13T20:22:45.002246+00:00", "resource": "0800161753", "index": 6, "total": 294, "address": "Ravenna, via di Roma, 47", "success": true, "source": "overpass", "message": null}
{"ts": "2025-12-13T20:24:05.816816+00:00", "resource": "0800308260-bene complesso", "index": 7, "total": 294, "address": "Ravenna, SAN ZACCARIA, Via Dismano, 663", "success": false, "source": null, "message": "not-found"}
{"ts": "2025-12-13T20:25:26.807745+00:00", "resource": "0800161652", "index": 8, "total": 294, "address": "Ravenna, Via della Chiesa, 0", "success": false, "source": null, "message": "not-found"}
{"ts": "2025-12-13T20:26:48.799378+00:00", "resource": "0800266225", "index": 9, "total": 294, "address": "Ravenna, via Galla Placida, 2", "success": false, "source": null, "message": "not-found"}
{"ts": "2025-12-13T20:26:49.538407+00:00", "resource": "0800161812", "index": 10, "total": 294, "address": "Ravenna, via Casa Matha, 1/ 3, via IV Novembre, 37/ 39", "success": true, "source": "overpass", "message": null}
{"ts": "2025-12-13T20:26:50.421936+00:00", "resource": "0800161757", "index": 11, "total": 294, "address": "Ravenna, via di Roma, 0", "success": true, "source": "overpass", "message": null}
{"ts": "2025-12-13T20:27:30.506513+00:00", "resource": "0800161768", "index": 12, "total": 294, "address": "Ravenna, Vic. S. Nicandro, 0", "success": false, "source": null, "message": "not-found"}
{"ts": "2025-12-13T20:27:30.509697+00:00", "resource": "0800308997-bene individuo", "index": 13, "total": 294, "address": "", "success": false, "source": null, "message": "no-address"}
{"ts": "2025-12-13T20:27:35.374764+00:00", "resource": "0800319221", "index": 14, "total": 294, "address": "Ravenna, Piazza del popolo, 0", "success": true, "source": "overpass", "message": null}
{"ts": "2025-12-13T20:27:35.376772+00:00", "resource": "0800161735", "index": 15, "total": 294, "address": "Ravenna, via di Roma, 0", "success": true, "source": "overpass", "message": null}
{"ts": "2025-12-13T20:27:41.093995+00:00", "resource": "0800161629", "index": 16, "total": 294, "address": "Ravenna, Piazza Anita Garibaldi, 0", "success": true, "source": "overpass", "message": null}
{"ts": "2025-12-13T20:29:02.167181+00:00", "resource": "0800161647", "index": 17, "total": 294, "address": "Ravenna, Via del Candiano", "success": false, "source": null, "message": "not-found"}
{"ts": "2025-12-13T20:29:02.920499+00:00", "resource": "0800161750", "index": 18, "total": 294, "address": "Ravenna, via di Roma, 113 ,115", "success": true, "source": "overpass", "message": null}
{"ts": "2025-12-13T20:29:03.944637+00:00", "resource": "0800161793", "index": 19, "total": 294, "address": "Ravenna, LONGANA, Via Ravegnana, 0", "success": true, "source": "overpass", "message": null}
{"ts": "2025-12-13T20:29:44.481841+00:00", "resource": "0800161620-bene componente", "index": 1, "total": 294, "address": "", "success": false, "source": null, "message": "no-address"}
{"ts": "2025-12-13T20:31:06.347151+00:00", "resource": "0800308997", "index": 2, "total": 294, "address": "Ravenna, via Guerrini, 0 , piazza Arcivescovado 0", "success": false, "source": null, "message": "not-found"}
{"ts": "2025-12-13T20:31:06.350342+00:00", "resource": "0800161656", "index": 3, "total": 294, "address": "Ravenna, via Paolo Costa, 10", "success": true, "source": "overpass", "message": null}
{"ts": "2025-12-13T20:31:06.356653+00:00", "resource": "0800161745", "index": 4, "total": 294, "address": "Ravenna, Via Di Roma, 0", "success": true, "source": "overpass", "message": null}
{"ts": "2025-12-13T20:32:27.097906+00:00", "resource": "0800161718", "index": 5, "total": 294, "address": "Ravenna, via G. Mazzini, 75", "success": false, "source": null, "message": "not-found"}
{"ts": "2025-12-13T20:32:27.103930+00:00", "resource": "0800161753", "index": 6, "total": 294, "address": "Ravenna, via di Roma, 47", "success": true, "source": "overpass", "message": null}
{"ts": "2025-12-13T20:33:53.361553+00:00", "resource": "0800308260-bene complesso", "index": 7, "total": 294, "address": "Ravenna, SAN ZACCARIA, Via Dismano, 663", "success": false, "source": null, "message": "not-found"}
{"ts": "2025-12-13T20:35:14.355545+00:00", "resource": "0800161652", "index": 8, "total": 294, "address": "Ravenna, Via della Chiesa, 0", "success": false, "source": null, "message": "not-found"}
{"ts": "2025-12-13T20:35:57.628288+00:00", "resource": "0800266225", "index": 9, "total": 294, "address": "Ravenna, via Galla Placida, 2", "success": true, "source": "nominatim", "message": null}
{"ts": "2025-12-13T20:35:57.630374+00:00", "resource": "0800161812", "index": 10, "total": 294, "address": "Ravenna, via Casa Matha, 1/ 3, via IV Novembre, 37/ 39", "success": true, "source": "overpass", "message": null}
{"ts": "2025-12-13T20:35:57.632894+00:00", "resource": "0800161757", "index": 11, "total": 294, "address": "Ravenna, via di Roma, 0", "success": true, "source": "overpass", "message": null}
{"ts": "2025-12-13T20:35:59.101601+00:00", "resource": "0800161768", "index": 12, "total": 294, "address": "Ravenna, Vic. S. Nicandro, 0", "success": true, "source": "nominatim", "message": null}
{"ts": "2025-12-13T20:35:59.104554+00:00", "resource": "0800308997-bene individuo", "index": 13, "total": 294, "address": "", "success": false, "source": null, "message": "no-address"}
{"ts": "2025-12-13T20:35:59.114677+00:00", "resource": "0800319221", "index": 14, "total": 294, "address": "Ravenna, Piazza del popolo, 0", "success": true, "source": "overpass", "message": null}
{"ts": "2025-12-13T20:35:59.119461+00:00", "resource": "0800161735", "index": 15, "total": 294, "address": "Ravenna, via di Roma, 0", "success": true, "source": "overpass", "message": null}
{"ts": "2025-12-13T20:35:59.125328+00:00", "resource": "0800161629", "index": 16, "total": 294, "address": "Ravenna, Piazza Anita Garibaldi, 0", "success": true, "source": "overpass", "message": null}
{"ts": "2025-12-13T20:36:04.568002+00:00", "resource": "0800161647", "index": 17, "total": 294, "address": "Ravenna, Via del Candiano", "success": true, "source": "nominatim", "message": null}
{"ts": "2025-12-13T20:36:04.574763+00:00", "resource": "0800161750", "index": 18, "total": 294, "address": "Ravenna, via di Roma, 113 ,115", "success": true, "source": "overpass", "message": null}
{"ts": "2025-12-13T20:36:04.584461+00:00", "resource": "0800161793", "index": 19, "total": 294, "address": "Ravenna, LONGANA, Via Ravegnana, 0", "success": true, "source": "overpass", "message": null}
{"ts": "2025-12-13T20:36:06.162379+00:00", "resource": "0800161622", "index": 20, "total": 294, "address": "Ravenna, Via Guido Da Polenta, 0", "success": true, "source": "overpass", "message": null}
{"ts": "2025-12-13T20:36:07.236144+00:00", "resource": "0800266218", "index": 21, "total": 294, "address": "Ravenna, via Dante Alighieri, 9", "success": true, "source": "overpass", "message": null}
{"ts": "2025-12-13T20:36:07.239997+00:00", "resource": "0800309000-bene individuo", "index": 22, "total": 294, "address": "", "success": false, "source": null, "message": "no-address"}
{"ts": "2025-12-13T20:36:14.834783+00:00", "resource": "0800161774", "index": 23, "total": 294, "address": "Ravenna, Via S.Vitale, 17", "success": true, "source": "nominatim", "message": null}
{"ts": "2025-12-13T20:36:15.698747+00:00", "resource": "0800161628", "index": 24, "total": 294, "address": "Ravenna, P.zza Anita Garibaldi, 0", "success": true, "source": "overpass", "message": null}
{"ts": "2025-12-13T20:36:16.555217+00:00", "resource": "0800161660", "index": 25, "total": 294, "address": "Ravenna, Via Cura, 0", "success": true, "source": "overpass", "message": null}
{"ts": "2025-12-13T20:36:22.389526+00:00", "resource": "0800161764", "index": 26, "total": 294, "address": "Ravenna, via G. Rossi, 51, 53", "success": true, "source": "nominatim", "message": null}
{"ts": "2025-12-13T20:36:23.346341+00:00", "resource": "0800161769", "index": 27, "total": 294, "address": "Ravenna, via San Vitale, 5", "success": true, "source": "overpass", "message": null}
{"ts": "2025-12-13T20:36:25.476631+00:00", "resource": "0800161649", "index": 28, "total": 294, "address": "Ravenna, via Cavour, 54", "success": true, "source": "nominatim", "message": null}
{"ts": "2025-12-13T20:36:27.825558+00:00", "resource": "0800161682", "index": 29, "total": 294, "address": "Ravenna, via Romolo Gessi, 20", "success": true, "source": "nominatim", "message": null}
{"ts": "2025-12-13T20:36:28.640424+00:00", "resource": "0800161625", "index": 30, "total": 294, "address": "Ravenna, Via Anastagi, 19", "success": true, "source": "overpass", "message": null}
{"ts": "2025-12-13T20:36:29.326353+00:00", "resource": "0800161780", "index": 31, "total": 294, "address": "Ravenna, via Zagarelli Alle Mura, 32", "success": true, "source": "overpass", "message": null}
{"ts": "2025-12-13T20:36:30.133541+00:00", "resource": "0800266223", "index": 32, "total": 294, "address": "Ravenna, via Paolo Costa, 49", "success": true, "source": "overpass", "message": null}
{"ts": "2025-12-13T20:36:35.451577+00:00", "resource": "0800308266", "index": 33, "total": 294, "address": "Ravenna, Via Zignani, 44", "success": true, "source": "nominatim", "message": null}
{"ts": "2025-12-13T20:36:40.703573+00:00", "resource": "0800161709", "index": 34, "total": 294, "address": "Ravenna, via G. Mazzini, 49, 51, 53, 55", "success": true, "source": "nominatim", "message": null}
{"ts": "2025-12-13T20:36:48.224325+00:00", "resource": "0800319248-bene individuo", "index": 35, "total": 294, "address": "Ravenna, CLASSE, Via Romea, 0", "success": true, "source": "overpass", "message": null}
{"ts": "2025-12-13T20:36:50.935927+00:00", "resource": "0800161639", "index": 36, "total": 294, "address": "Ravenna, Via Baccarini", "success": true, "source": "nominatim", "message": null}
{"ts": "2025-12-13T20:36:58.010251+00:00", "resource": "0800161767", "index": 37, "total": 294, "address": "Ravenna, Via G. Ghiselli, 32", "success": true, "source": "nominatim", "message": null}
{"ts": "2025-12-13T20:37:07.261797+00:00", "resource": "0800161786", "index": 38, "total": 294, "address": "Ravenna, via Bagnolo Salara, 65", "success": true, "source": "nominatim", "message": null}
{"ts": "2025-12-13T20:37:15.087519+00:00", "resource": "0800308999", "index": 39, "total": 294, "address": "Ravenna, vicolo Genocchi, 9", "success": true, "source": "nominatim", "message": null}
{"ts": "2025-12-13T20:37:21.514651+00:00", "resource": "0800161766", "index": 40, "total": 294, "address": "Ravenna, Via G. Rossi, 6", "success": true, "source": "nominatim", "message": null}
{"ts": "2025-12-13T20:37:22.432844+00:00", "resource": "0800266222", "index": 41, "total": 294, "address": "Ravenna, Via del Cimitero, 0", "success": true, "source": "overpass", "message": null}
{"ts": "2025-12-13T20:37:25.540340+00:00", "resource": "0800266240", "index": 42, "total": 294, "address": "Ravenna, PIANGIPANE, via Mezzoli, 45", "success": true, "source": "nominatim", "message": null}
{"ts": "2025-12-13T20:37:26.312281+00:00", "resource": "0800161644", "index": 43, "total": 294, "address": "Ravenna, Via Battistero, 0, all'interno del giardino del Duomo fra via G. Rasponi e via R. Gessi", "success": true, "source": "overpass", "message": null}
{"ts": "2025-12-13T20:37:32.082557+00:00", "resource": "0800266233", "index": 44, "total": 294, "address": "Ravenna, Via Mura S. Vitale", "success": true, "source": "nominatim", "message": null}
{"ts": "2025-12-13T20:37:34.072334+00:00", "resource": "0800161763", "index": 45, "total": 294, "address": "Ravenna, Via Girolamo Rossi, 0", "success": true, "source": "overpass", "message": null}
{"ts": "2025-12-13T20:37:35.689638+00:00", "resource": "0800161784", "index": 46, "total": 294, "address": "Ravenna, S.S. Adriatica, 16", "success": true, "source": "nominatim", "message": null}
{"ts": "2025-12-13T20:37:42.614535+00:00", "resource": "0800161672", "index": 47, "total": 294, "address": "Ravenna, piazza Duomo, 3/ 2", "success": true, "source": "overpass", "message": null}
{"ts": "2025-12-13T20:37:43.522212+00:00", "resource": "0800161794", "index": 48, "total": 294, "address": "Ravenna, MADONNA DELL'ALBERO, Via Cella,0", "success": true, "source": "overpass", "message": null}
{"ts": "2025-12-13T20:37:45.050672+00:00", "resource": "0800161770", "index": 49, "total": 294, "address": "Ravenna", "success": true, "source": "nominatim", "message": null}
{"ts": "2025-12-13T20:37:47.557692+00:00", "resource": "0800161713", "index": 50, "total": 294, "address": "Ravenna, Via Mazzini, 0", "success": true, "source": "nominatim", "message": null}
{"ts": "2025-12-13T20:37:51.967061+00:00", "resource": "0800161676", "index": 51, "total": 294, "address": "Ravenna, Via Fiume Abbandonato, 0", "success": true, "source": "nominatim", "message": null}
{"ts": "2025-12-13T20:37:57.697809+00:00", "resource": "0800161708", "index": 52, "total": 294, "address": "Ravenna, via G. Mazzini, 64", "success": true, "source": "nominatim", "message": null}
{"ts": "2025-12-13T20:38:03.627833+00:00", "resource": "0800161619", "index": 53, "total": 294, "address": "Ravenna, Piazza S.Francesco, 0", "success": true, "source": "nominatim", "message": null}
{"ts": "2025-12-13T20:38:09.361684+00:00", "resource": "0800161687", "index": 54, "total": 294, "address": "Ravenna, Via G. Guaccimanni, 0", "success": true, "source": "nominatim", "message": null}
{"ts": "2025-12-13T20:38:15.306189+00:00", "resource": "0800161705", "index": 55, "total": 294, "address": "Ravenna, Via G. Mazzini, 42", "success": true, "source": "nominatim", "message": null}
{"ts": "2025-12-13T20:38:16.138452+00:00", "resource": "0800161737", "index": 56, "total": 294, "address": "Ravenna, Via Di Roma, 67", "success": true, "source": "overpass", "message": null}
{"ts": "2025-12-13T20:38:19.093480+00:00", "resource": "0800161748", "index": 57, "total": 294, "address": "Italia, Emilia Romagna, RA, Ravenna", "success": false, "source": null, "message": "not-found"}
{"ts": "2025-12-13T20:38:19.095979+00:00", "resource": "0800206008-bene individuo", "index": 58, "total": 294, "address": "", "success": false, "source": null, "message": "no-address"}
{"ts": "2025-12-13T20:38:26.060504+00:00", "resource": "0800161733", "index": 59, "total": 294, "address": "Ravenna, via C. Ricci, 12,14 ,16,18", "success": true, "source": "nominatim", "message": null}
{"ts": "2025-12-13T20:38:26.064757+00:00", "resource": "0800161661", "index": 60, "total": 294, "address": "Ravenna, Via Cura, 0", "success": true, "source": "overpass", "message": null}
{"ts": "2025-12-13T20:38:31.515439+00:00", "resource": "0800308274-bene individuo", "index": 61, "total": 294, "address": "Ravenna, SAN PIETRO IN TRENTO, Via Traversara, angolo via Bezzi, 67", "success": true, "source": "nominatim", "message": null}
{"ts": "2025-12-13T20:38:33.067775+00:00", "resource": "0800161730", "index": 62, "total": 294, "address": "Ravenna, via IV Novembre, 45/ 43", "success": true, "source": "overpass", "message": null}
{"ts": "2025-12-13T20:38:38.202036+00:00", "resource": "0800161797", "index": 63, "total": 294, "address": "Ravenna, MARINA DI RAVENNA, via D'Allaggio, 53", "success": true, "source": "nominatim", "message": null}
{"ts": "2025-12-13T20:38:43.640214+00:00", "resource": "0800308279", "index": 64, "total": 294, "address": "Ravenna, FOSSO GHIAIA, Via Fosso Ghiaia, 0, all'interno della pineta, parco primo maggio", "success": true, "source": "overpass", "message": null}
{"ts": "2025-12-13T20:38:45.461069+00:00", "resource": "0800266247", "index": 65, "total": 294, "address": "Ravenna, via Torri, 0", "success": true, "source": "overpass", "message": null}
{"ts": "2025-12-13T20:38:50.251191+00:00", "resource": "0800161690", "index": 66, "total": 294, "address": "Ravenna, via Guaccimanni, 27", "success": true, "source": "nominatim", "message": null}
{"ts": "2025-12-13T20:38:50.253771+00:00", "resource": "0800161621", "index": 67, "total": 294, "address": "Ravenna, Piazza S.Francesco, 0", "success": true, "source": "nominatim", "message": null}
{"ts": "2025-12-13T20:38:51.222399+00:00", "resource": "0800161633", "index": 68, "total": 294, "address": "Ravenna, Vicolo degli Ariani, 0", "success": true, "source": "overpass", "message": null}
{"ts": "2025-12-13T20:38:51.224974+00:00", "resource": "0800308254-bene componente", "index": 69, "total": 294, "address": "", "success": false, "source": null, "message": "no-address"}
{"ts": "2025-12-13T20:38:55.733331+00:00", "resource": "0800161679", "index": 70, "total": 294, "address": "Ravenna, via Gamba, 3", "success": true, "source": "overpass", "message": null}
{"ts": "2025-12-13T20:39:01.200741+00:00", "resource": "0800308281", "index": 71, "total": 294, "address": "Ravenna, SAN PIETRO IN VINCOLI, Via Gambellara, 1", "success": true, "source": "nominatim", "message": null}
{"ts": "2025-12-13T20:39:06.312623+00:00", "resource": "0800161799", "index": 72, "total": 294, "address": "Ravenna, Via Massa, 88", "success": true, "source": "nominatim", "message": null}
{"ts": "2025-12-13T20:39:14.135112+00:00", "resource": "0800161683", "index": 73, "total": 294, "address": "Ravenna, via Romolo Gessi 0, via Mentana 33/35", "success": true, "source": "overpass", "message": null}
{"ts": "2025-12-13T20:39:16.597400+00:00", "resource": "0800161702", "index": 74, "total": 294, "address": "Ravenna, via Mariani, 7/ 9", "success": true, "source": "nominatim", "message": null}
{"ts": "2025-12-13T20:39:16.600102+00:00", "resource": "0800308267", "index": 75, "total": 294, "address": "Ravenna, Via Zignani, 44", "success": true, "source": "nominatim", "message": null}
{"ts": "2025-12-13T20:39:17.649805+00:00", "resource": "0800266232", "index": 76, "total": 294, "address": "Ravenna, via San Vitale, 28, 30", "success": true, "source": "overpass", "message": null}
{"ts": "2025-12-13T20:39:27.451517+00:00", "resource": "0800266229", "index": 77, "total": 294, "address": "Ravenna, Via S.Mama, 175, 177, 179", "success": true, "source": "nominatim", "message": null}
{"ts": "2025-12-13T20:39:28.859737+00:00", "resource": "0800161658", "index": 78, "total": 294, "address": "Ravenna, via Paolo Costa, 8", "success": true, "source": "overpass", "message": null}
{"ts": "2025-12-13T20:39:31.192883+00:00", "resource": "0800161688", "index": 79, "total": 294, "address": "Ravenna, via Guaccimanni, 62", "success": true, "source": "nominatim", "message": null}
{"ts": "2025-12-13T20:39:37.698934+00:00", "resource": "0800161699", "index": 80, "total": 294, "address": "Ravenna, Via A. Mariani, 21", "success": true, "source": "nominatim", "message": null}
{"ts": "2025-12-13T20:39:37.718280+00:00", "resource": "0800161714", "index": 81, "total": 294, "address": "Ravenna, Via Mazzini, 0", "success": true, "source": "nominatim", "message": null}
{"ts": "2025-12-13T20:39:37.732503+00:00", "resource": "0800319221-bene componente", "index": 82, "total": 294, "address": "", "success": false, "source": null, "message": "no-address"}
{"ts": "2025-12-13T20:39:40.872542+00:00", "resource": "0800266238", "index": 83, "total": 294, "address": "Ravenna, PIANGIPANE, via Braccesca, 44", "success": true, "source": "overpass", "message": null}
{"ts": "2025-12-13T20:39:40.879481+00:00", "resource": "0800161662", "index": 84, "total": 294, "address": "Ravenna, Via Cura, 0", "success": true, "source": "overpass", "message": null}
{"ts": "2025-12-13T20:39:44.009568+00:00", "resource": "0800206008", "index": 85, "total": 294, "address": "Ravenna, via Mariani, 0", "success": true, "source": "nominatim", "message": null}
{"ts": "2025-12-13T20:39:55.172889+00:00", "resource": "0800161654", "index": 86, "total": 294, "address": "Ravenna, via P. Costa, 1, via XIII Giugno, 15 /17", "success": true, "source": "nominatim", "message": null}
{"ts": "2025-12-13T20:39:55.844698+00:00", "resource": "0800161796", "index": 87, "total": 294, "address": "Ravenna, MADONNA DELL'ALBERO, via Ravegnana, 479", "success": true, "source": "overpass", "message": null}
{"ts": "2025-12-13T20:39:57.347934+00:00", "resource": "0800161632", "index": 88, "total": 294, "address": "Emilia-Romagna, RA, Ravenna", "success": true, "source": "nominatim", "message": null}
{"ts": "2025-12-13T20:40:00.767282+00:00", "resource": "0800161706", "index": 89, "total": 294, "address": "Ravenna, via Mazzini, 30/ 32/ 34", "success": true, "source": "nominatim", "message": null}
{"ts": "2025-12-13T20:40:14.888467+00:00", "resource": "0800161775", "index": 90, "total": 294, "address": "Ravenna, Via Tombesi Dall'Ova, 14", "success": true, "source": "overpass", "message": null}
{"ts": "2025-12-13T20:40:17.047422+00:00", "resource": "0800266235", "index": 91, "total": 294, "address": "Ravenna, COCCOLIA, via Ravegnana, 731", "success": true, "source": "nominatim", "message": null}
{"ts": "2025-12-13T20:40:18.631217+00:00", "resource": "0800161635", "index": 92, "total": 294, "address": "Ravenna, Via Bastione, 0", "success": true, "source": "overpass", "message": null}
{"ts": "2025-12-13T20:40:25.503651+00:00", "resource": "0800161759", "index": 93, "total": 294, "address": "Ravenna, via N. Rondinelli, 4, 6", "success": true, "source": "nominatim", "message": null}
{"ts": "2025-12-13T20:40:32.191145+00:00", "resource": "0800161618", "index": 94, "total": 294, "address": "Ravenna, Via G. da Polenta, 0", "success": true, "source": "nominatim", "message": null}
{"ts": "2025-12-13T20:40:33.129303+00:00", "resource": "0800308254", "index": 95, "total": 294, "address": "Ravenna, Via Pietro Alighieri, 4", "success": true, "source": "overpass", "message": null}
{"ts": "2025-12-13T20:40:33.131281+00:00", "resource": "0800161747", "index": 96, "total": 294, "address": "Ravenna, Via Di Roma, 0", "success": true, "source": "overpass", "message": null}
{"ts": "2025-12-13T20:40:34.654796+00:00", "resource": "0800161738", "index": 97, "total": 294, "address": "Ravenna, via di Roma, 108", "success": true, "source": "overpass", "message": null}
{"ts": "2025-12-13T20:40:34.656881+00:00", "resource": "0800161626", "index": 98, "total": 294, "address": "Ravenna, P.zza Anita Garibaldi, 0", "success": true, "source": "overpass", "message": null}
{"ts": "2025-12-13T20:40:45.568579+00:00", "resource": "0800266221", "index": 99, "total": 294, "address": "Ravenna, via C. Cattaneo, 34", "success": true, "source": "nominatim", "message": null}
{"ts": "2025-12-13T20:40:58.802394+00:00", "resource": "0800161807", "index": 100, "total": 294, "address": "Ravenna, Via Sale, 102", "success": true, "source": "nominatim", "message": null}
{"ts": "2025-12-13T20:41:05.150142+00:00", "resource": "0800161809", "index": 101, "total": 294, "address": "Ravenna, SAN PIETRO IN TRENTO, via Alturie, 30", "success": true, "source": "nominatim", "message": null}
{"ts": "2025-12-13T20:41:05.880973+00:00", "resource": "0800161743", "index": 102, "total": 294, "address": "Ravenna, Via Di Roma, 13", "success": true, "source": "overpass", "message": null}
{"ts": "2025-12-13T20:41:05.885768+00:00", "resource": "0800161772", "index": 103, "total": 294, "address": "Ravenna, Via S.Vitale, 17", "success": true, "source": "nominatim", "message": null}
{"ts": "2025-12-13T20:41:08.179094+00:00", "resource": "0800309000", "index": 104, "total": 294, "address": "Ravenna, RAVENNA, via Alberoni, 12", "success": true, "source": "nominatim", "message": null}
{"ts": "2025-12-13T20:41:13.509171+00:00", "resource": "0800161782", "index": 105, "total": 294, "address": "Ravenna, via Zirardini, 14", "success": true, "source": "nominatim", "message": null}
{"ts": "2025-12-13T20:41:17.818386+00:00", "resource": "0800266254", "index": 106, "total": 294, "address": "Ravenna, via Montecatini, 3", "success": true, "source": "overpass", "message": null}
{"ts": "2025-12-13T20:41:20.864833+00:00", "resource": "0800161746", "index": 107, "total": 294, "address": "Italia, Emilia Romagna, RA, Ravenna", "success": false, "source": null, "message": "not-found"}
{"ts": "2025-12-13T20:41:26.442339+00:00", "resource": "0800161777", "index": 108, "total": 294, "address": "Ravenna, via XIII Giugno, 0", "success": true, "source": "nominatim", "message": null}
{"ts": "2025-12-13T20:41:28.878162+00:00", "resource": "0800161648", "index": 109, "total": 294, "address": "Ravenna, Via Castel S. Pietro, 0", "success": true, "source": "nominatim", "message": null}
{"ts": "2025-12-13T20:41:28.881908+00:00", "resource": "0800308268", "index": 110, "total": 294, "address": "Ravenna, Via Zignani, 44", "success": true, "source": "nominatim", "message": null}
{"ts": "2025-12-13T20:41:29.707236+00:00", "resource": "0800161677", "index": 111, "total": 294, "address": "Ravenna, Via Galla Placidia, 0", "success": true, "source": "overpass", "message": null}
{"ts": "2025-12-13T20:41:32.461364+00:00", "resource": "0800161698", "index": 112, "total": 294, "address": "Ravenna, via Mariani, 5", "success": true, "source": "nominatim", "message": null}
{"ts": "2025-12-13T20:41:39.365453+00:00", "resource": "0800161703", "index": 113, "total": 294, "address": "Ravenna, Via A. Mariani, 46", "success": true, "source": "nominatim", "message": null}
{"ts": "2025-12-13T20:41:41.794473+00:00", "resource": "0800161685", "index": 114, "total": 294, "address": "Ravenna, via Guaccimanni, 40/ 40A/ 42", "success": true, "source": "nominatim", "message": null}
{"ts": "2025-12-13T20:41:43.440008+00:00", "resource": "0800161655", "index": 115, "total": 294, "address": "Ravenna, via Paolo Costa, 22/ 24", "success": true, "source": "overpass", "message": null}
{"ts": "2025-12-13T20:41:44.841197+00:00", "resource": "0800266231", "index": 116, "total": 294, "address": "Ravenna, via San Vitale, 21", "success": true, "source": "overpass", "message": null}
{"ts": "2025-12-13T20:41:47.527711+00:00", "resource": "0800161726", "index": 117, "total": 294, "address": "Ravenna, Via Oberdan, 6", "success": true, "source": "nominatim", "message": null}
{"ts": "2025-12-13T20:41:52.328595+00:00", "resource": "0800161643", "index": 118, "total": 294, "address": "Ravenna, Via Battistero, 0", "success": true, "source": "overpass", "message": null}
{"ts": "2025-12-13T20:41:53.220256+00:00", "resource": "0800161781", "index": 119, "total": 294, "address": "Ravenna, via Zagarelli alle Mura, 2/a", "success": true, "source": "overpass", "message": null}
{"ts": "2025-12-13T20:41:54.352759+00:00", "resource": "0800308253", "index": 120, "total": 294, "address": "Ravenna, Via Pietro Alighieri, 6 - 8", "success": true, "source": "overpass", "message": null}
{"ts": "2025-12-13T20:41:56.865188+00:00", "resource": "0800308257-bene componente", "index": 121, "total": 294, "address": "Ravenna, Via Guaccimanni, 0", "success": true, "source": "nominatim", "message": null}
{"ts": "2025-12-13T20:41:59.375530+00:00", "resource": "0800161804", "index": 122, "total": 294, "address": "Ravenna, via Nigrisoli, 62", "success": true, "source": "nominatim", "message": null}
{"ts": "2025-12-13T20:42:05.448729+00:00", "resource": "0800161795", "index": 123, "total": 294, "address": "Ravenna, Via Argine destrofiume Ronco, 0", "success": true, "source": "nominatim", "message": null}
{"ts": "2025-12-13T20:42:06.259566+00:00", "resource": "0800161631", "index": 124, "total": 294, "address": "Ravenna, P.zza Arcivescovado, 1", "success": true, "source": "overpass", "message": null}
{"ts": "2025-12-13T20:42:11.692186+00:00", "resource": "0800266237", "index": 125, "total": 294, "address": "Ravenna, MARINA DI RAVENNA, via d'Allaggio", "success": true, "source": "nominatim", "message": null}
{"ts": "2025-12-13T20:42:12.631350+00:00", "resource": "0800161664", "index": 126, "total": 294, "address": "Ravenna, via Massimo d'Azeglio, 10/ 12", "success": true, "source": "overpass", "message": null}
{"ts": "2025-12-13T20:42:12.634820+00:00", "resource": "0800161772-bene componente", "index": 127, "total": 294, "address": "", "success": false, "source": null, "message": "no-address"}
{"ts": "2025-12-13T20:42:12.645026+00:00", "resource": "0800161622-bene componente", "index": 128, "total": 294, "address": "", "success": false, "source": null, "message": "no-address"}
{"ts": "2025-12-13T20:42:18.935098+00:00", "resource": "0800161805", "index": 129, "total": 294, "address": "Ravenna, via Argine sinistro del Montone, 149", "success": true, "source": "nominatim", "message": null}
{"ts": "2025-12-13T20:42:21.157490+00:00", "resource": "0800161689", "index": 130, "total": 294, "address": "Ravenna, Via Guaccimanni, 29", "success": true, "source": "nominatim", "message": null}
{"ts": "2025-12-13T20:42:22.038981+00:00", "resource": "0800161755", "index": 131, "total": 294, "address": "Ravenna, Via Di Roma, 116", "success": true, "source": "overpass", "message": null}
{"ts": "2025-12-13T20:42:22.949573+00:00", "resource": "0800266224", "index": 132, "total": 294, "address": "Ravenna, Via Guido Da Polenta, 4", "success": true, "source": "overpass", "message": null}
{"ts": "2025-12-13T20:42:25.345567+00:00", "resource": "0800161779", "index": 133, "total": 294, "address": "Ravenna, piazza XX Settembre, 5", "success": true, "source": "nominatim", "message": null}
{"ts": "2025-12-13T20:42:27.680082+00:00", "resource": "0800308248", "index": 134, "total": 294, "address": "Ravenna, Via di Classe Fuori, 0", "success": true, "source": "nominatim", "message": null}
{"ts": "2025-12-13T20:42:31.260092+00:00", "resource": "0800161650", "index": 135, "total": 294, "address": "Ravenna, via Cavour, 10", "success": true, "source": "nominatim", "message": null}
{"ts": "2025-12-13T20:42:32.223327+00:00", "resource": "0800308272", "index": 136, "total": 294, "address": "Ravenna, Via Del Borgo, 1", "success": true, "source": "overpass", "message": null}
{"ts": "2025-12-13T20:42:32.227122+00:00", "resource": "0800161813", "index": 137, "total": 294, "address": "Ravenna, via di Roma, 0", "success": true, "source": "overpass", "message": null}
{"ts": "2025-12-13T20:42:37.735049+00:00", "resource": "0800161732", "index": 138, "total": 294, "address": "Ravenna, Via C. Ricci, 0", "success": true, "source": "nominatim", "message": null}
{"ts": "2025-12-13T20:42:39.279052+00:00", "resource": "0800161657", "index": 139, "total": 294, "address": "Ravenna, Ponte Marino, 2", "success": true, "source": "nominatim", "message": null}
{"ts": "2025-12-13T20:42:39.281603+00:00", "resource": "0800161744", "index": 140, "total": 294, "address": "Ravenna, Via Di Roma, 0", "success": true, "source": "overpass", "message": null}
{"ts": "2025-12-13T20:42:40.264434+00:00", "resource": "0800161624", "index": 141, "total": 294, "address": "Ravenna, Via Pietro Alighieri, 4, 6, 8", "success": true, "source": "overpass", "message": null}
{"ts": "2025-12-13T20:42:41.084130+00:00", "resource": "0800161754", "index": 142, "total": 294, "address": "Ravenna, Via Di Roma, 68", "success": true, "source": "overpass", "message": null}
{"ts": "2025-12-13T20:42:42.715485+00:00", "resource": "0800161634", "index": 143, "total": 294, "address": "Ravenna, piazzetta degli Ariani, 0", "success": true, "source": "nominatim", "message": null}
{"ts": "2025-12-13T20:42:47.507581+00:00", "resource": "0800161725", "index": 144, "total": 294, "address": "Ravenna, P.zza Duomo, 4", "success": true, "source": "overpass", "message": null}
{"ts": "2025-12-13T20:42:58.765028+00:00", "resource": "0800161776", "index": 145, "total": 294, "address": "Ravenna, via XIII Giugno, 8", "success": true, "source": "nominatim", "message": null}
{"ts": "2025-12-13T20:42:59.665505+00:00", "resource": "0800161751", "index": 146, "total": 294, "address": "Ravenna, via di Roma, 202", "success": true, "source": "overpass", "message": null}
{"ts": "2025-12-13T20:43:00.538511+00:00", "resource": "0800319232", "index": 147, "total": 294, "address": "Ravenna, Piazza del Popolo, 23", "success": true, "source": "overpass", "message": null}
{"ts": "2025-12-13T20:43:03.267808+00:00", "resource": "0800161723", "index": 148, "total": 294, "address": "Ravenna, Via Monti, 0", "success": true, "source": "nominatim", "message": null}
{"ts": "2025-12-13T20:43:05.385601+00:00", "resource": "0800319246-bene individuo", "index": 149, "total": 294, "address": "Ravenna, Piazza del Popolo, 0", "success": true, "source": "overpass", "message": null}
{"ts": "2025-12-13T20:43:08.586465+00:00", "resource": "0800308256-bene componente", "index": 150, "total": 294, "address": "Ravenna, Via Guaccimanni, 44", "success": true, "source": "nominatim", "message": null}
{"ts": "2025-12-13T20:43:11.299004+00:00", "resource": "0800161760", "index": 151, "total": 294, "address": "Ravenna, via Rondinelli, 0", "success": true, "source": "nominatim", "message": null}
{"ts": "2025-12-13T20:43:17.375604+00:00", "resource": "0800161728", "index": 152, "total": 294, "address": "Ravenna, via XIII Giugno, 2/ 4, piazza del Popolo", "success": true, "source": "nominatim", "message": null}
{"ts": "2025-12-13T20:43:23.145937+00:00", "resource": "0800161668", "index": 153, "total": 294, "address": "Ravenna, Via M. Dente, 0", "success": true, "source": "nominatim", "message": null}
{"ts": "2025-12-13T20:43:25.388358+00:00", "resource": "0800161691", "index": 154, "total": 294, "address": "Ravenna, via Guaccimanni, 54", "success": true, "source": "nominatim", "message": null}
{"ts": "2025-12-13T20:43:27.045332+00:00", "resource": "0800161802", "index": 155, "total": 294, "address": "Ravenna, CASALBORSETTI", "success": true, "source": "nominatim", "message": null}
{"ts": "2025-12-13T20:43:29.253966+00:00", "resource": "0800161695", "index": 156, "total": 294, "address": "Ravenna, Piazza Kennedy, 0", "success": true, "source": "nominatim", "message": null}
{"ts": "2025-12-13T20:43:34.416627+00:00", "resource": "0800308271", "index": 157, "total": 294, "address": "Ravenna, MANDRIOLE, Via Mandriole, 122", "success": true, "source": "nominatim", "message": null}
{"ts": "2025-12-13T20:43:39.931283+00:00", "resource": "0800161765", "index": 158, "total": 294, "address": "Ravenna, Via G. Rossi, 2", "success": true, "source": "nominatim", "message": null}
{"ts": "2025-12-13T20:43:45.473537+00:00", "resource": "0800161640", "index": 159, "total": 294, "address": "Ravenna, Via C.B. Barbiani,0", "success": true, "source": "nominatim", "message": null}
{"ts": "2025-12-13T20:43:47.780771+00:00", "resource": "0800161696", "index": 160, "total": 294, "address": "Ravenna, P.zza Mameli, 0", "success": true, "source": "nominatim", "message": null}
{"ts": "2025-12-13T20:43:50.198858+00:00", "resource": "0800161680", "index": 161, "total": 294, "address": "Ravenna, via Romolo Gessi, 18", "success": true, "source": "nominatim", "message": null}
{"ts": "2025-12-13T20:43:51.806869+00:00", "resource": "0800161740", "index": 162, "total": 294, "address": "Ravenna, via di Roma, 69", "success": true, "source": "overpass", "message": null}
{"ts": "2025-12-13T20:43:52.638621+00:00", "resource": "0800161798", "index": 163, "total": 294, "address": "Ravenna, Via Chiesa, 1", "success": true, "source": "overpass", "message": null}
{"ts": "2025-12-13T20:43:58.093815+00:00", "resource": "0800161711", "index": 164, "total": 294, "address": "Ravenna, via G. Mazzini, 65", "success": true, "source": "nominatim", "message": null}
{"ts": "2025-12-13T20:44:03.429597+00:00", "resource": "0800161670", "index": 165, "total": 294, "address": "Ravenna, Via A. Diaz, 4, 6 , 8", "success": true, "source": "nominatim", "message": null}
{"ts": "2025-12-13T20:44:06.487785+00:00", "resource": "0800161701", "index": 166, "total": 294, "address": "Ravenna, Via Mariani, 26", "success": true, "source": "nominatim", "message": null}
{"ts": "2025-12-13T20:44:08.728902+00:00", "resource": "0800161645", "index": 167, "total": 294, "address": "Ravenna, via Cairoli, 10/ 12/16", "success": true, "source": "nominatim", "message": null}
{"ts": "2025-12-13T20:44:10.946012+00:00", "resource": "0800161692", "index": 168, "total": 294, "address": "Ravenna, via Guerrini, 11", "success": true, "source": "nominatim", "message": null}
{"ts": "2025-12-13T20:44:11.673418+00:00", "resource": "0800319233", "index": 169, "total": 294, "address": "Ravenna, via Galla Placidia, 0", "success": true, "source": "overpass", "message": null}
{"ts": "2025-12-13T20:44:17.184949+00:00", "resource": "0800161787", "index": 170, "total": 294, "address": "Ravenna, via Strada Provinciale Bagnolo, 0", "success": true, "source": "nominatim", "message": null}
{"ts": "2025-12-13T20:44:17.187927+00:00", "resource": "0800161757-bene componente", "index": 171, "total": 294, "address": "", "success": false, "source": null, "message": "no-address"}
{"ts": "2025-12-13T20:44:17.717390+00:00", "resource": "0800266242", "index": 172, "total": 294, "address": "Ravenna, SAN BARTOLO, via Argine Destro Ronco, 98", "success": true, "source": "overpass", "message": null}
{"ts": "2025-12-13T20:44:18.849741+00:00", "resource": "0800308275", "index": 173, "total": 294, "address": "Ravenna, SANTO STEFANO - CARRAIE, via Cella, 0, Carraia Ginanni", "success": true, "source": "overpass", "message": null}
{"ts": "2025-12-13T20:44:21.143938+00:00", "resource": "0800319247-bene individuo", "index": 174, "total": 294, "address": "Ravenna, via Nino Bixio, 23", "success": true, "source": "nominatim", "message": null}
{"ts": "2025-12-13T20:44:21.146097+00:00", "resource": "0800161761", "index": 175, "total": 294, "address": "Ravenna, Via Girolamo Rossi, 0", "success": true, "source": "overpass", "message": null}
{"ts": "2025-12-13T20:44:21.154034+00:00", "resource": "0800319300", "index": 176, "total": 294, "address": "Ravenna, Piazza del popolo, 0", "success": true, "source": "overpass", "message": null}
{"ts": "2025-12-13T20:44:21.160893+00:00", "resource": "0800161637", "index": 177, "total": 294, "address": "Ravenna", "success": true, "source": "nominatim", "message": null}
{"ts": "2025-12-13T20:44:21.962795+00:00", "resource": "0800161669", "index": 178, "total": 294, "address": "Ravenna, Via Tombesi Dall'Ova, 0", "success": true, "source": "overpass", "message": null}
{"ts": "2025-12-13T20:44:22.736994+00:00", "resource": "0800161642", "index": 179, "total": 294, "address": "Ravenna, P.zza Duomo, 0", "success": true, "source": "overpass", "message": null}
{"ts": "2025-12-13T20:44:22.741193+00:00", "resource": "0800161758", "index": 180, "total": 294, "address": "Ravenna, via di Roma, 0", "success": true, "source": "overpass", "message": null}
{"ts": "2025-12-13T20:44:22.748546+00:00", "resource": "0800161726-bene complesso", "index": 181, "total": 294, "address": "", "success": false, "source": null, "message": "no-address"}
{"ts": "2025-12-13T20:44:23.869913+00:00", "resource": "0800308262", "index": 182, "total": 294, "address": "Ravenna, SAN ZACCARIA, Via Dismano, 0", "success": true, "source": "overpass", "message": null}
{"ts": "2025-12-13T20:44:23.877518+00:00", "resource": "0800161684", "index": 183, "total": 294, "address": "Emilia-Romagna, RA, Ravenna", "success": true, "source": "nominatim", "message": null}
{"ts": "2025-12-13T20:44:25.548440+00:00", "resource": "0800161736", "index": 184, "total": 294, "address": "Ravenna, Via Di Roma, 102", "success": true, "source": "overpass", "message": null}
{"ts": "2025-12-13T20:44:25.552057+00:00", "resource": "0800161742", "index": 185, "total": 294, "address": "Ravenna, Via Di Roma, 0", "success": true, "source": "overpass", "message": null}
{"ts": "2025-12-13T20:44:38.776510+00:00", "resource": "0800161719", "index": 186, "total": 294, "address": "Ravenna, Via G. Mazzini, 44", "success": true, "source": "nominatim", "message": null}
{"ts": "2025-12-13T20:44:45.646942+00:00", "resource": "0800266230", "index": 187, "total": 294, "address": "Ravenna, via San Vitale, 34, 36,38, 40, 42, via M. Fanti, 19", "success": true, "source": "overpass", "message": null}
{"ts": "2025-12-13T20:44:52.007287+00:00", "resource": "0800319236", "index": 188, "total": 294, "address": "Ravenna, via Castello, 74", "success": true, "source": "nominatim", "message": null}
{"ts": "2025-12-13T20:44:54.055354+00:00", "resource": "0800266245", "index": 189, "total": 294, "address": "Ravenna, SAN PIETRO IN VINCOLI", "success": true, "source": "nominatim", "message": null}
{"ts": "2025-12-13T20:44:54.074997+00:00", "resource": "0800161624-bene complesso", "index": 190, "total": 294, "address": "", "success": false, "source": null, "message": "no-address"}
{"ts": "2025-12-13T20:44:54.098467+00:00", "resource": "0800161620", "index": 191, "total": 294, "address": "Ravenna, Piazza S.Francesco, 0", "success": true, "source": "nominatim", "message": null}
{"ts": "2025-12-13T20:44:54.158215+00:00", "resource": "0800161619-bene complesso", "index": 192, "total": 294, "address": "", "success": false, "source": null, "message": "no-address"}
{"ts": "2025-12-13T20:44:55.354551+00:00", "resource": "0800266239", "index": 193, "total": 294, "address": "Ravenna, PIANGIPANE, via Galassa, 10", "success": true, "source": "overpass", "message": null}
{"ts": "2025-12-13T20:45:01.040365+00:00", "resource": "0800161803", "index": 194, "total": 294, "address": "Ravenna, Via O. Guerrini", "success": true, "source": "nominatim", "message": null}
{"ts": "2025-12-13T20:45:07.391964+00:00", "resource": "0800308264-bene individuo", "index": 195, "total": 294, "address": "Ravenna, Via Trava, 2", "success": true, "source": "nominatim", "message": null}
{"ts": "2025-12-13T20:45:07.397074+00:00", "resource": "0800161716", "index": 196, "total": 294, "address": "Ravenna, Via Mazzini, 0", "success": true, "source": "nominatim", "message": null}
{"ts": "2025-12-13T20:45:07.405289+00:00", "resource": "0800161638", "index": 197, "total": 294, "address": "Ravenna", "success": true, "source": "nominatim", "message": null}
{"ts": "2025-12-13T20:45:08.609767+00:00", "resource": "0800161663", "index": 198, "total": 294, "address": "Ravenna, via Massimo d'Azeglio, 2", "success": true, "source": "overpass", "message": null}
{"ts": "2025-12-13T20:45:14.898746+00:00", "resource": "0800308270", "index": 199, "total": 294, "address": "Ravenna, CAMERLONA, Via S. Egidio, 0", "success": true, "source": "nominatim", "message": null}
{"ts": "2025-12-13T20:45:17.563960+00:00", "resource": "0800266226", "index": 200, "total": 294, "address": "Ravenna, via Pasolini, 9", "success": true, "source": "nominatim", "message": null}
{"ts": "2025-12-13T20:45:18.872776+00:00", "resource": "0800161792", "index": 201, "total": 294, "address": "Ravenna, GHIBULLO, via Ravegnana, 655", "success": true, "source": "overpass", "message": null}
{"ts": "2025-12-13T20:45:18.876050+00:00", "resource": "0800319300-bene componente", "index": 202, "total": 294, "address": "", "success": false, "source": null, "message": "no-address"}
{"ts": "2025-12-13T20:45:19.509159+00:00", "resource": "0800308263", "index": 203, "total": 294, "address": "Ravenna, fraz. Gambellara, Via Gambellara, 79", "success": true, "source": "overpass", "message": null}
{"ts": "2025-12-13T20:45:21.987648+00:00", "resource": "0800161700", "index": 204, "total": 294, "address": "Ravenna, Via Mariani, 24", "success": true, "source": "nominatim", "message": null}
{"ts": "2025-12-13T20:45:30.977253+00:00", "resource": "0800266241", "index": 205, "total": 294, "address": "Ravenna, via Baiona, 0", "success": true, "source": "overpass", "message": null}
{"ts": "2025-12-13T20:45:38.384584+00:00", "resource": "0800266236", "index": 206, "total": 294, "address": "Ravenna, MANDRIOLE, strada Comunale", "success": true, "source": "nominatim", "message": null}
{"ts": "2025-12-13T20:45:44.119541+00:00", "resource": "0800161811", "index": 207, "total": 294, "address": "Ravenna, SANTERNO, via Palazza, 0", "success": true, "source": "nominatim", "message": null}
{"ts": "2025-12-13T20:45:44.817797+00:00", "resource": "0800266220", "index": 208, "total": 294, "address": "Ravenna, via Carlo Cattaneo, 22", "success": true, "source": "overpass", "message": null}
{"ts": "2025-12-13T20:45:44.822423+00:00", "resource": "0800161644-bene individuo", "index": 209, "total": 294, "address": "", "success": false, "source": null, "message": "no-address"}
{"ts": "2025-12-13T20:45:45.539029+00:00", "resource": "0800161694", "index": 210, "total": 294, "address": "Ravenna, via delle Industrie, 0", "success": true, "source": "overpass", "message": null}
{"ts": "2025-12-13T20:45:45.541800+00:00", "resource": "0800161762", "index": 211, "total": 294, "address": "Ravenna, Via Girolamo Rossi, 0", "success": true, "source": "overpass", "message": null}
{"ts": "2025-12-13T20:45:45.552806+00:00", "resource": "0800161771", "index": 212, "total": 294, "address": "Ravenna, Via S.Vitale, 17", "success": true, "source": "nominatim", "message": null}
{"ts": "2025-12-13T20:45:47.714146+00:00", "resource": "0800308265-bene individuo", "index": 213, "total": 294, "address": "Ravenna, RONCALCECI, Via Babini, 246", "success": true, "source": "nominatim", "message": null}
{"ts": "2025-12-13T20:45:48.392481+00:00", "resource": "0800161665", "index": 214, "total": 294, "address": "Ravenna, via Massimo d'Azeglio, 38", "success": true, "source": "overpass", "message": null}
{"ts": "2025-12-13T20:45:48.398724+00:00", "resource": "0800161630", "index": 215, "total": 294, "address": "Ravenna, P.zza Arcivescovado, 1", "success": true, "source": "overpass", "message": null}
{"ts": "2025-12-13T20:45:51.874678+00:00", "resource": "0800161681", "index": 216, "total": 294, "address": "Ravenna, via Romolo Gessi, 14/ 16", "success": true, "source": "overpass", "message": null}
{"ts": "2025-12-13T20:45:54.158754+00:00", "resource": "0800319231", "index": 217, "total": 294, "address": "Ravenna, via Diaz, 2", "success": true, "source": "nominatim", "message": null}
{"ts": "2025-12-13T20:45:54.162351+00:00", "resource": "0800161741", "index": 218, "total": 294, "address": "Ravenna, Via Di Roma, 0", "success": true, "source": "overpass", "message": null}
{"ts": "2025-12-13T20:45:56.458250+00:00", "resource": "0800161686", "index": 219, "total": 294, "address": "Ravenna, via Guaccimanni, 11", "success": true, "source": "nominatim", "message": null}
{"ts": "2025-12-13T20:46:01.585968+00:00", "resource": "0800308269", "index": 220, "total": 294, "address": "Ravenna, FILETTO, Via Roncalcesi, 0, 1,4 Km. dall'incrocio con via Nuova", "success": true, "source": "nominatim", "message": null}
{"ts": "2025-12-13T20:46:01.589486+00:00", "resource": "0800161810", "index": 221, "total": 294, "address": "Ravenna, SANTO STEFANO - CARRAIE, via Cella, 0, Carraia Ginanni", "success": true, "source": "overpass", "message": null}
{"ts": "2025-12-13T20:46:03.635447+00:00", "resource": "0800308261", "index": 222, "total": 294, "address": "Ravenna, SAN ZACCARIA, Via Dismano, 663", "success": true, "source": "nominatim", "message": null}
{"ts": "2025-12-13T20:46:07.078508+00:00", "resource": "0800266219", "index": 223, "total": 294, "address": "Ravenna, via Canale Molinetto, 90/ 92", "success": true, "source": "nominatim", "message": null}
{"ts": "2025-12-13T20:46:09.289043+00:00", "resource": "0800266244", "index": 224, "total": 294, "address": "Ravenna, SAVARNA, via Basilica, 158", "success": true, "source": "nominatim", "message": null}
{"ts": "2025-12-13T20:46:10.324750+00:00", "resource": "0800161739", "index": 225, "total": 294, "address": "Ravenna, via di Roma, 118", "success": true, "source": "overpass", "message": null}
{"ts": "2025-12-13T20:46:16.578217+00:00", "resource": "0800161659", "index": 226, "total": 294, "address": "Ravenna, via Paola Costa, 7", "success": true, "source": "nominatim", "message": null}
{"ts": "2025-12-13T20:46:17.375201+00:00", "resource": "0800161651", "index": 227, "total": 294, "address": "Ravenna, Via Cavour, 0", "success": true, "source": "overpass", "message": null}
{"ts": "2025-12-13T20:46:22.606837+00:00", "resource": "0800161806", "index": 228, "total": 294, "address": "Ravenna, Strada Provinciale Faentina, 362", "success": true, "source": "nominatim", "message": null}
{"ts": "2025-12-13T20:46:28.081685+00:00", "resource": "0800161731", "index": 229, "total": 294, "address": "Ravenna, via C. Ricci, 20,22 ,24", "success": true, "source": "nominatim", "message": null}
{"ts": "2025-12-13T20:46:29.055134+00:00", "resource": "0800161729", "index": 230, "total": 294, "address": "Ravenna, Via Porta Gaza, 0", "success": true, "source": "overpass", "message": null}
{"ts": "2025-12-13T20:46:31.443365+00:00", "resource": "0800319340-bene individuo", "index": 231, "total": 294, "address": "Ravenna, Piazza Kennedy, 14,15,16,17", "success": true, "source": "nominatim", "message": null}
{"ts": "2025-12-13T20:46:32.226055+00:00", "resource": "0800161674", "index": 232, "total": 294, "address": "Ravenna, P.zza Duomo", "success": true, "source": "overpass", "message": null}
{"ts": "2025-12-13T20:46:38.231266+00:00", "resource": "0800161778", "index": 233, "total": 294, "address": "Ravenna, via XIII Giugno, 3", "success": true, "source": "nominatim", "message": null}
{"ts": "2025-12-13T20:46:40.849089+00:00", "resource": "0800161710", "index": 234, "total": 294, "address": "Ravenna, Via Mazzini, 7", "success": true, "source": "nominatim", "message": null}
{"ts": "2025-12-13T20:46:47.243216+00:00", "resource": "0800161715", "index": 235, "total": 294, "address": "Ravenna, Via Mazzini,0", "success": true, "source": "nominatim", "message": null}
{"ts": "2025-12-13T20:46:47.245652+00:00", "resource": "0800308253-bene componente", "index": 236, "total": 294, "address": "", "success": false, "source": null, "message": "no-address"}
{"ts": "2025-12-13T20:46:47.254247+00:00", "resource": "0800161641", "index": 237, "total": 294, "address": "Ravenna, P.zza Duomo, 0", "success": true, "source": "overpass", "message": null}
{"ts": "2025-12-13T20:46:49.393934+00:00", "resource": "0800161707", "index": 238, "total": 294, "address": "Ravenna, via Mazzini, 72", "success": true, "source": "nominatim", "message": null}
{"ts": "2025-12-13T20:46:55.146262+00:00", "resource": "0800319234", "index": 239, "total": 294, "address": "Ravenna, FILETTO, via Roncalceci, 195", "success": true, "source": "nominatim", "message": null}
{"ts": "2025-12-13T20:46:57.381660+00:00", "resource": "0800161717", "index": 240, "total": 294, "address": "Ravenna, via Mazzini, 76/ 78", "success": true, "source": "nominatim", "message": null}
{"ts": "2025-12-13T20:46:58.122020+00:00", "resource": "0800266228", "index": 241, "total": 294, "address": "Ravenna, via Salara, 33/ 31", "success": true, "source": "overpass", "message": null}
{"ts": "2025-12-13T20:46:58.124919+00:00", "resource": "0800308999-bene individuo", "index": 242, "total": 294, "address": "", "success": false, "source": null, "message": "no-address"}
{"ts": "2025-12-13T20:46:58.128703+00:00", "resource": "0800161771-bene componente", "index": 243, "total": 294, "address": "", "success": false, "source": null, "message": "no-address"}
{"ts": "2025-12-13T20:46:58.133900+00:00", "resource": "0800161678", "index": 244, "total": 294, "address": "Ravenna, Via Galla Placidia, 0", "success": true, "source": "overpass", "message": null}
{"ts": "2025-12-13T20:47:00.407240+00:00", "resource": "0800161724", "index": 245, "total": 294, "address": "Ravenna, Via Morigia, 1", "success": true, "source": "nominatim", "message": null}
{"ts": "2025-12-13T20:47:00.411758+00:00", "resource": "0800266227", "index": 246, "total": 294, "address": "Ravenna, piazzetta degli Ariani, 0", "success": true, "source": "nominatim", "message": null}
{"ts": "2025-12-13T20:47:03.486759+00:00", "resource": "0800319235", "index": 247, "total": 294, "address": "Ravenna, via Barleti, 5, 7, 9", "success": true, "source": "nominatim", "message": null}
{"ts": "2025-12-13T20:47:04.270055+00:00", "resource": "0800161788", "index": 248, "total": 294, "address": "Ravenna, via Dismano, 749/ 747", "success": true, "source": "overpass", "message": null}
{"ts": "2025-12-13T20:48:25.298432+00:00", "resource": "0800161734", "index": 249, "total": 294, "address": "Ravenna, via Rocca di Brancaleone, 0", "success": false, "source": null, "message": "not-found"}
{"ts": "2025-12-13T20:48:26.080571+00:00", "resource": "0800161623", "index": 250, "total": 294, "address": "Ravenna, via Dante Alighieri, 2,4(P ),6", "success": true, "source": "overpass", "message": null}
{"ts": "2025-12-13T20:48:26.083603+00:00", "resource": "0800308276", "index": 251, "total": 294, "address": "Ravenna, SANTO STEFANO - CARRAIE, via Cella, 0, Carraia Ginanni", "success": true, "source": "overpass", "message": null}
{"ts": "2025-12-13T20:48:26.796706+00:00", "resource": "0800309001", "index": 252, "total": 294, "address": "Ravenna, vicolo Capannetti, 5", "success": true, "source": "overpass", "message": null}
{"ts": "2025-12-13T20:49:48.113669+00:00", "resource": "0800161800", "index": 253, "total": 294, "address": "Ravenna, strada comunale Carrarone Chiesa, 0", "success": false, "source": null, "message": "not-found"}
{"ts": "2025-12-13T20:51:08.797041+00:00", "resource": "0800161808", "index": 254, "total": 294, "address": "Ravenna, SAN PIETRO IN TRENTO, via Ramona, 55", "success": false, "source": null, "message": "not-found"}
{"ts": "2025-12-13T20:51:08.801111+00:00", "resource": "0800161627", "index": 255, "total": 294, "address": "Ravenna, P.zza Anita Garibaldi, 0", "success": true, "source": "overpass", "message": null}
{"ts": "2025-12-13T20:51:08.806872+00:00", "resource": "0800308277-bene componente", "index": 256, "total": 294, "address": "Ravenna, SANTO STEFANO - CARRAIE, via Cella, 0, Carraia Ginanni", "success": true, "source": "overpass", "message": null}
{"ts": "2025-12-13T20:51:08.811337+00:00", "resource": "0800161673", "index": 257, "total": 294, "address": "Ravenna, P.zza Duomo, 0", "success": true, "source": "overpass", "message": null}
{"ts": "2025-12-13T20:51:08.817421+00:00", "resource": "0800161756", "index": 258, "total": 294, "address": "Ravenna, via di Roma, 0", "success": true, "source": "overpass", "message": null}
{"ts": "2025-12-13T20:51:11.598024+00:00", "resource": "0800161720", "index": 259, "total": 294, "address": "Ravenna, Via Mazzini, 57", "success": true, "source": "nominatim", "message": null}
{"ts": "2025-12-13T20:51:12.640109+00:00", "resource": "0800161675", "index": 260, "total": 294, "address": "Ravenna, via Ercolana, 29/ 31/ 33", "success": true, "source": "overpass", "message": null}
{"ts": "2025-12-13T20:51:18.583580+00:00", "resource": "0800161712", "index": 261, "total": 294, "address": "Ravenna, via G. Mazzini, 84", "success": true, "source": "nominatim", "message": null}
{"ts": "2025-12-13T20:51:18.587494+00:00", "resource": "0800161623-bene componente", "index": 262, "total": 294, "address": "", "success": false, "source": null, "message": "no-address"}
{"ts": "2025-12-13T20:51:19.353248+00:00", "resource": "0800308273-bene individuo", "index": 263, "total": 294, "address": "Ravenna, Via Santerno, 0", "success": true, "source": "overpass", "message": null}
{"ts": "2025-12-13T20:51:24.843054+00:00", "resource": "0800161785", "index": 264, "total": 294, "address": "Ravenna, via Petrosa, 0", "success": true, "source": "nominatim", "message": null}
{"ts": "2025-12-13T20:51:30.481665+00:00", "resource": "0800161697", "index": 265, "total": 294, "address": "Ravenna, Via A. Mariani, 22", "success": true, "source": "nominatim", "message": null}
{"ts": "2025-12-13T20:51:36.111965+00:00", "resource": "0800266246", "index": 266, "total": 294, "address": "Ravenna, SAN PIETRO IN VINCOLI, via del Sale Vecchia, 18", "success": true, "source": "nominatim", "message": null}
{"ts": "2025-12-13T20:51:36.718446+00:00", "resource": "0800161749", "index": 267, "total": 294, "address": "Ravenna, Via Di Roma, 108", "success": true, "source": "overpass", "message": null}
{"ts": "2025-12-13T20:51:38.903928+00:00", "resource": "0800161693", "index": 268, "total": 294, "address": "Ravenna, via Guerrini, 15", "success": true, "source": "nominatim", "message": null}
{"ts": "2025-12-13T20:51:38.909965+00:00", "resource": "0800161783", "index": 269, "total": 294, "address": "Ravenna, S.S. Adriatica, 16", "success": true, "source": "nominatim", "message": null}
{"ts": "2025-12-13T20:51:38.920199+00:00", "resource": "0800161667", "index": 270, "total": 294, "address": "Ravenna, Via M. Dente, 0", "success": true, "source": "nominatim", "message": null}
{"ts": "2025-12-13T20:51:38.928440+00:00", "resource": "0800161722", "index": 271, "total": 294, "address": "Ravenna, Via Monti, 0", "success": true, "source": "nominatim", "message": null}
{"ts": "2025-12-13T20:51:39.478382+00:00", "resource": "0800161752", "index": 272, "total": 294, "address": "Ravenna, Via Di Roma, 98", "success": true, "source": "overpass", "message": null}
{"ts": "2025-12-13T20:51:41.496770+00:00", "resource": "0800319415", "index": 273, "total": 294, "address": "Ravenna, via Dismano, 747", "success": true, "source": "nominatim", "message": null}
{"ts": "2025-12-13T20:51:44.341009+00:00", "resource": "0800161653", "index": 274, "total": 294, "address": "Ravenna, via Paolo Costa, 2", "success": true, "source": "overpass", "message": null}
{"ts": "2025-12-13T20:51:44.946165+00:00", "resource": "0800266248", "index": 275, "total": 294, "address": "Ravenna, via Villanova, 96", "success": true, "source": "overpass", "message": null}
{"ts": "2025-12-13T20:51:46.320660+00:00", "resource": "0800161791", "index": 276, "total": 294, "address": "Ravenna, FILETTO, Via Roncalceci, 0", "success": true, "source": "overpass", "message": null}
{"ts": "2025-12-13T20:51:48.776273+00:00", "resource": "0800161671", "index": 277, "total": 294, "address": "Ravenna, via Diaz, 15/ 13", "success": true, "source": "nominatim", "message": null}
{"ts": "2025-12-13T20:51:49.553907+00:00", "resource": "0800161727", "index": 278, "total": 294, "address": "Ravenna, via Ponte Marino, 7,9", "success": true, "source": "overpass", "message": null}
{"ts": "2025-12-13T20:51:50.355673+00:00", "resource": "0800308258", "index": 279, "total": 294, "address": "Ravenna, PIANGIPANE, Via Galassa, 10", "success": true, "source": "overpass", "message": null}
{"ts": "2025-12-13T20:51:50.359146+00:00", "resource": "0800309001-bene individuo", "index": 280, "total": 294, "address": "", "success": false, "source": null, "message": "no-address"}
{"ts": "2025-12-13T20:51:50.362968+00:00", "resource": "0800161621-bene componente", "index": 281, "total": 294, "address": "", "success": false, "source": null, "message": "no-address"}
{"ts": "2025-12-13T20:51:50.370573+00:00", "resource": "0800308255", "index": 282, "total": 294, "address": "Ravenna, Via Guaccimanni, 44", "success": true, "source": "nominatim", "message": null}
{"ts": "2025-12-13T20:51:52.721575+00:00", "resource": "0800308278", "index": 283, "total": 294, "address": "Ravenna, MARINA ROMEA, Via Fossatone, 0, all'interno della pineta San Vitale, in prossimità della Cà Vecchia", "success": true, "source": "nominatim", "message": null}
{"ts": "2025-12-13T20:51:53.525016+00:00", "resource": "0800161704", "index": 284, "total": 294, "address": "Ravenna, via Salara, 40, 42", "success": true, "source": "overpass", "message": null}
{"ts": "2025-12-13T20:51:53.527232+00:00", "resource": "0800161721", "index": 285, "total": 294, "address": "Ravenna, Via Monti, 0", "success": true, "source": "nominatim", "message": null}
{"ts": "2025-12-13T20:51:55.639075+00:00", "resource": "0800266243", "index": 286, "total": 294, "address": "Ravenna, SANTERNO, via Santerno, 284", "success": true, "source": "nominatim", "message": null}
{"ts": "2025-12-13T20:51:58.020368+00:00", "resource": "0800161789", "index": 287, "total": 294, "address": "Ravenna, via Dismano, 749", "success": true, "source": "nominatim", "message": null}
{"ts": "2025-12-13T20:51:58.910606+00:00", "resource": "0800161801", "index": 288, "total": 294, "address": "Ravenna, Via Stradone, 46", "success": true, "source": "overpass", "message": null}
{"ts": "2025-12-13T20:52:01.436591+00:00", "resource": "0800266234", "index": 289, "total": 294, "address": "Ravenna, piazza XX Settembre, 7", "success": true, "source": "nominatim", "message": null}
{"ts": "2025-12-13T20:52:01.439407+00:00", "resource": "0800161756-bene complesso", "index": 290, "total": 294, "address": "", "success": false, "source": null, "message": "no-address"}
{"ts": "2025-12-13T20:52:07.046122+00:00", "resource": "0800161790", "index": 291, "total": 294, "address": "Ravenna, DURAZZANO, via Sisa, 17", "success": true, "source": "nominatim", "message": null}
{"ts": "2025-12-13T20:52:07.047842+00:00", "resource": "0800161636", "index": 292, "total": 294, "address": "Ravenna", "success": true, "source": "nominatim", "message": null}
{"ts": "2025-12-13T20:52:12.487056+00:00", "resource": "0800161666", "index": 293, "total": 294, "address": "Ravenna, Via M. D'Azeglio, 47", "success": true, "source": "nominatim", "message": null}
{"ts": "2025-12-13T20:52:14.764611+00:00", "resource": "0800161646", "index": 294, "total": 294, "address": "Ravenna, via Cairoli, 27,25,23", "success": true, "source": "nominatim", "message": null}
{"ts": "2025-12-13T21:56:24.660857+00:00", "resource": "0800161620-bene componente", "index": 1, "total": 294, "address": "", "success": false, "source": null}
{"ts": "2025-12-13T21:56:25.941006+00:00", "resource": "0800308997", "index": 2, "total": 294, "address": "Ravenna, via Guerrini, 0 , piazza Arcivescovado 0", "success": true, "source": "maps.co"}
{"ts": "2025-12-13T21:56:25.942266+00:00", "resource": "0800161656", "index": 3, "total": 294, "address": "Ravenna, via Paolo Costa, 10", "success": true, "source": null}
{"ts": "2025-12-13T21:56:25.944201+00:00", "resource": "0800161745", "index": 4, "total": 294, "address": "Ravenna, Via Di Roma, 0", "success": true, "source": null}
{"ts": "2025-12-13T21:56:27.162696+00:00", "resource": "0800161718", "index": 5, "total": 294, "address": "Ravenna, via G. Mazzini, 75", "success": true, "source": "maps.co"}
{"ts": "2025-12-13T21:56:27.163754+00:00", "resource": "0800161753", "index": 6, "total": 294, "address": "Ravenna, via di Roma, 47", "success": true, "source": null}
{"ts": "2025-12-13T21:56:27.164802+00:00", "resource": "0800308260-bene complesso", "index": 7, "total": 294, "address": "Ravenna, SAN ZACCARIA, Via Dismano, 663", "success": true, "source": "nominatim"}
{"ts": "2025-12-13T21:56:28.387973+00:00", "resource": "0800161652", "index": 8, "total": 294, "address": "Ravenna, Via della Chiesa, 0", "success": true, "source": "maps.co"}
{"ts": "2025-12-13T21:56:28.389199+00:00", "resource": "0800266225", "index": 9, "total": 294, "address": "Ravenna, via Galla Placida, 2", "success": true, "source": null}
{"ts": "2025-12-13T21:56:28.391411+00:00", "resource": "0800161812", "index": 10, "total": 294, "address": "Ravenna, via Casa Matha, 1/ 3, via IV Novembre, 37/ 39", "success": true, "source": null}
{"ts": "2025-12-13T21:56:28.394310+00:00", "resource": "0800161757", "index": 11, "total": 294, "address": "Ravenna, via di Roma, 0", "success": true, "source": null}
{"ts": "2025-12-13T21:56:28.399041+00:00", "resource": "0800161768", "index": 12, "total": 294, "address": "Ravenna, Vic. S. Nicandro, 0", "success": true, "source": null}
{"ts": "2025-12-13T21:56:28.402741+00:00", "resource": "0800308997-bene individuo", "index": 13, "total": 294, "address": "", "success": false, "source": null}
{"ts": "2025-12-13T21:56:28.407817+00:00", "resource": "0800319221", "index": 14, "total": 294, "address": "Ravenna, Piazza del popolo, 0", "success": true, "source": null}
{"ts": "2025-12-13T21:56:28.410844+00:00", "resource": "0800161735", "index": 15, "total": 294, "address": "Ravenna, via di Roma, 0", "success": true, "source": null}
{"ts": "2025-12-13T21:56:28.415262+00:00", "resource": "0800161629", "index": 16, "total": 294, "address": "Ravenna, Piazza Anita Garibaldi, 0", "success": true, "source": null}
{"ts": "2025-12-13T21:56:28.420392+00:00", "resource": "0800161647", "index": 17, "total": 294, "address": "Ravenna, Via del Candiano", "success": true, "source": null}
{"ts": "2025-12-13T21:56:28.422429+00:00", "resource": "0800161750", "index": 18, "total": 294, "address": "Ravenna, via di Roma, 113 ,115", "success": true, "source": null}
{"ts": "2025-12-13T21:56:28.426338+00:00", "resource": "0800161793", "index": 19, "total": 294, "address": "Ravenna, LONGANA, Via Ravegnana, 0", "success": true, "source": null}
{"ts": "2025-12-13T21:56:28.427422+00:00", "resource": "0800161622", "index": 20, "total": 294, "address": "Ravenna, Via Guido Da Polenta, 0", "success": true, "source": null}
{"ts": "2025-12-13T21:56:28.428495+00:00", "resource": "0800266218", "index": 21, "total": 294, "address": "Ravenna, via Dante Alighieri, 9", "success": true, "source": null}
{"ts": "2025-12-13T21:56:28.429507+00:00", "resource": "0800309000-bene individuo", "index": 22, "total": 294, "address": "", "success": false, "source": null}
{"ts": "2025-12-13T21:56:28.430468+00:00", "resource": "0800161774", "index": 23, "total": 294, "address": "Ravenna, Via S.Vitale, 17", "success": true, "source": null}
{"ts": "2025-12-13T21:56:28.431388+00:00", "resource": "0800161628", "index": 24, "total": 294, "address": "Ravenna, P.zza Anita Garibaldi, 0", "success": true, "source": null}
{"ts": "2025-12-13T21:56:28.432295+00:00", "resource": "0800161660", "index": 25, "total": 294, "address": "Ravenna, Via Cura, 0", "success": true, "source": null}
{"ts": "2025-12-13T21:56:28.433213+00:00", "resource": "0800161764", "index": 26, "total": 294, "address": "Ravenna, via G. Rossi, 51, 53", "success": true, "source": null}
{"ts": "2025-12-13T21:56:28.434981+00:00", "resource": "0800161769", "index": 27, "total": 294, "address": "Ravenna, via San Vitale, 5", "success": true, "source": null}
{"ts": "2025-12-13T21:56:28.440788+00:00", "resource": "0800161649", "index": 28, "total": 294, "address": "Ravenna, via Cavour, 54", "success": true, "source": null}
{"ts": "2025-12-13T21:56:28.447335+00:00", "resource": "0800161682", "index": 29, "total": 294, "address": "Ravenna, via Romolo Gessi, 20", "success": true, "source": null}
{"ts": "2025-12-13T21:56:28.448670+00:00", "resource": "0800161625", "index": 30, "total": 294, "address": "Ravenna, Via Anastagi, 19", "success": true, "source": null}
{"ts": "2025-12-13T21:56:28.449637+00:00", "resource": "0800161780", "index": 31, "total": 294, "address": "Ravenna, via Zagarelli Alle Mura, 32", "success": true, "source": null}
{"ts": "2025-12-13T21:56:28.450864+00:00", "resource": "0800266223", "index": 32, "total": 294, "address": "Ravenna, via Paolo Costa, 49", "success": true, "source": null}
{"ts": "2025-12-13T21:56:28.454886+00:00", "resource": "0800308266", "index": 33, "total": 294, "address": "Ravenna, Via Zignani, 44", "success": true, "source": null}
{"ts": "2025-12-13T21:56:28.459749+00:00", "resource": "0800161709", "index": 34, "total": 294, "address": "Ravenna, via G. Mazzini, 49, 51, 53, 55", "success": true, "source": null}
{"ts": "2025-12-13T21:56:28.461786+00:00", "resource": "0800319248-bene individuo", "index": 35, "total": 294, "address": "Ravenna, CLASSE, Via Romea, 0", "success": true, "source": null}
{"ts": "2025-12-13T21:56:28.464220+00:00", "resource": "0800161639", "index": 36, "total": 294, "address": "Ravenna, Via Baccarini", "success": true, "source": null}
{"ts": "2025-12-13T21:56:28.465690+00:00", "resource": "0800161767", "index": 37, "total": 294, "address": "Ravenna, Via G. Ghiselli, 32", "success": true, "source": null}
{"ts": "2025-12-13T21:56:28.467182+00:00", "resource": "0800161786", "index": 38, "total": 294, "address": "Ravenna, via Bagnolo Salara, 65", "success": true, "source": null}
{"ts": "2025-12-13T21:56:28.471513+00:00", "resource": "0800308999", "index": 39, "total": 294, "address": "Ravenna, vicolo Genocchi, 9", "success": true, "source": null}
{"ts": "2025-12-13T21:56:28.476376+00:00", "resource": "0800161766", "index": 40, "total": 294, "address": "Ravenna, Via G. Rossi, 6", "success": true, "source": null}
{"ts": "2025-12-13T21:56:28.480111+00:00", "resource": "0800266222", "index": 41, "total": 294, "address": "Ravenna, Via del Cimitero, 0", "success": true, "source": null}
{"ts": "2025-12-13T21:56:28.493675+00:00", "resource": "0800266240", "index": 42, "total": 294, "address": "Ravenna, PIANGIPANE, via Mezzoli, 45", "success": true, "source": null}
{"ts": "2025-12-13T21:56:28.497443+00:00", "resource": "0800161644", "index": 43, "total": 294, "address": "Ravenna, Via Battistero, 0, all'interno del giardino del Duomo fra via G. Rasponi e via R. Gessi", "success": true, "source": null}
{"ts": "2025-12-13T21:56:28.498959+00:00", "resource": "0800266233", "index": 44, "total": 294, "address": "Ravenna, Via Mura S. Vitale", "success": true, "source": null}
{"ts": "2025-12-13T21:56:28.500846+00:00", "resource": "0800161763", "index": 45, "total": 294, "address": "Ravenna, Via Girolamo Rossi, 0", "success": true, "source": null}
{"ts": "2025-12-13T21:56:28.504423+00:00", "resource": "0800161784", "index": 46, "total": 294, "address": "Ravenna, S.S. Adriatica, 16", "success": true, "source": null}
{"ts": "2025-12-13T21:56:28.510235+00:00", "resource": "0800161672", "index": 47, "total": 294, "address": "Ravenna, piazza Duomo, 3/ 2", "success": true, "source": null}
{"ts": "2025-12-13T21:56:28.513787+00:00", "resource": "0800161794", "index": 48, "total": 294, "address": "Ravenna, MADONNA DELL'ALBERO, Via Cella,0", "success": true, "source": null}
{"ts": "2025-12-13T21:56:28.515167+00:00", "resource": "0800161770", "index": 49, "total": 294, "address": "Ravenna", "success": true, "source": null}
{"ts": "2025-12-13T21:56:28.516434+00:00", "resource": "0800161713", "index": 50, "total": 294, "address": "Ravenna, Via Mazzini, 0", "success": true, "source": null}
{"ts": "2025-12-13T21:56:28.517834+00:00", "resource": "0800161676", "index": 51, "total": 294, "address": "Ravenna, Via Fiume Abbandonato, 0", "success": true, "source": null}
{"ts": "2025-12-13T21:56:28.522299+00:00", "resource": "0800161708", "index": 52, "total": 294, "address": "Ravenna, via G. Mazzini, 64", "success": true, "source": null}
{"ts": "2025-12-13T21:56:28.527354+00:00", "resource": "0800161619", "index": 53, "total": 294, "address": "Ravenna, Piazza S.Francesco, 0", "success": true, "source": null}
{"ts": "2025-12-13T21:56:28.530062+00:00", "resource": "0800161687", "index": 54, "total": 294, "address": "Ravenna, Via G. Guaccimanni, 0", "success": true, "source": null}
{"ts": "2025-12-13T21:56:28.531491+00:00", "resource": "0800161705", "index": 55, "total": 294, "address": "Ravenna, Via G. Mazzini, 42", "success": true, "source": null}
{"ts": "2025-12-13T21:56:28.532810+00:00", "resource": "0800161737", "index": 56, "total": 294, "address": "Ravenna, Via Di Roma, 67", "success": true, "source": null}
{"ts": "2025-12-13T21:56:29.749318+00:00", "resource": "0800161748", "index": 57, "total": 294, "address": "Italia, Emilia Romagna, RA, Ravenna", "success": true, "source": "maps.co"}
{"ts": "2025-12-13T21:56:29.750645+00:00", "resource": "0800206008-bene individuo", "index": 58, "total": 294, "address": "", "success": false, "source": null}
{"ts": "2025-12-13T21:56:29.751965+00:00", "resource": "0800161733", "index": 59, "total": 294, "address": "Ravenna, via C. Ricci, 12,14 ,16,18", "success": true, "source": null}
{"ts": "2025-12-13T21:56:29.754599+00:00", "resource": "0800161661", "index": 60, "total": 294, "address": "Ravenna, Via Cura, 0", "success": true, "source": null}
{"ts": "2025-12-13T21:56:29.756058+00:00", "resource": "0800308274-bene individuo", "index": 61, "total": 294, "address": "Ravenna, SAN PIETRO IN TRENTO, Via Traversara, angolo via Bezzi, 67", "success": true, "source": null}
{"ts": "2025-12-13T21:56:29.759335+00:00", "resource": "0800161730", "index": 62, "total": 294, "address": "Ravenna, via IV Novembre, 45/ 43", "success": true, "source": null}
{"ts": "2025-12-13T21:56:29.761945+00:00", "resource": "0800161797", "index": 63, "total": 294, "address": "Ravenna, MARINA DI RAVENNA, via D'Allaggio, 53", "success": true, "source": null}
{"ts": "2025-12-13T21:56:29.763920+00:00", "resource": "0800308279", "index": 64, "total": 294, "address": "Ravenna, FOSSO GHIAIA, Via Fosso Ghiaia, 0, all'interno della pineta, parco primo maggio", "success": true, "source": null}
{"ts": "2025-12-13T21:56:29.770097+00:00", "resource": "0800266247", "index": 65, "total": 294, "address": "Ravenna, via Torri, 0", "success": true, "source": null}
{"ts": "2025-12-13T21:56:29.773471+00:00", "resource": "0800161690", "index": 66, "total": 294, "address": "Ravenna, via Guaccimanni, 27", "success": true, "source": null}
{"ts": "2025-12-13T21:56:29.778220+00:00", "resource": "0800161621", "index": 67, "total": 294, "address": "Ravenna, Piazza S.Francesco, 0", "success": true, "source": null}
{"ts": "2025-12-13T21:56:29.780366+00:00", "resource": "0800161633", "index": 68, "total": 294, "address": "Ravenna, Vicolo degli Ariani, 0", "success": true, "source": null}
{"ts": "2025-12-13T21:56:29.781913+00:00", "resource": "0800308254-bene componente", "index": 69, "total": 294, "address": "", "success": false, "source": null}
{"ts": "2025-12-13T21:56:29.789483+00:00", "resource": "0800161679", "index": 70, "total": 294, "address": "Ravenna, via Gamba, 3", "success": true, "source": null}
{"ts": "2025-12-13T21:56:29.793592+00:00", "resource": "0800308281", "index": 71, "total": 294, "address": "Ravenna, SAN PIETRO IN VINCOLI, Via Gambellara, 1", "success": true, "source": null}
{"ts": "2025-12-13T21:56:29.796507+00:00", "resource": "0800161799", "index": 72, "total": 294, "address": "Ravenna, Via Massa, 88", "success": true, "source": null}
{"ts": "2025-12-13T21:56:29.797870+00:00", "resource": "0800161683", "index": 73, "total": 294, "address": "Ravenna, via Romolo Gessi 0, via Mentana 33/35", "success": true, "source": null}
{"ts": "2025-12-13T21:56:29.798803+00:00", "resource": "0800161702", "index": 74, "total": 294, "address": "Ravenna, via Mariani, 7/ 9", "success": true, "source": null}
{"ts": "2025-12-13T21:56:29.800093+00:00", "resource": "0800308267", "index": 75, "total": 294, "address": "Ravenna, Via Zignani, 44", "success": true, "source": null}
{"ts": "2025-12-13T21:56:29.801461+00:00", "resource": "0800266232", "index": 76, "total": 294, "address": "Ravenna, via San Vitale, 28, 30", "success": true, "source": null}
{"ts": "2025-12-13T21:56:29.805393+00:00", "resource": "0800266229", "index": 77, "total": 294, "address": "Ravenna, Via S.Mama, 175, 177, 179", "success": true, "source": null}
{"ts": "2025-12-13T21:56:29.809228+00:00", "resource": "0800161658", "index": 78, "total": 294, "address": "Ravenna, via Paolo Costa, 8", "success": true, "source": null}
{"ts": "2025-12-13T21:56:29.812697+00:00", "resource": "0800161688", "index": 79, "total": 294, "address": "Ravenna, via Guaccimanni, 62", "success": true, "source": null}
{"ts": "2025-12-13T21:56:29.813689+00:00", "resource": "0800161699", "index": 80, "total": 294, "address": "Ravenna, Via A. Mariani, 21", "success": true, "source": null}
{"ts": "2025-12-13T21:56:29.814574+00:00", "resource": "0800161714", "index": 81, "total": 294, "address": "Ravenna, Via Mazzini, 0", "success": true, "source": null}
{"ts": "2025-12-13T21:56:29.815752+00:00", "resource": "0800319221-bene componente", "index": 82, "total": 294, "address": "", "success": false, "source": null}
{"ts": "2025-12-13T21:56:29.816689+00:00", "resource": "0800266238", "index": 83, "total": 294, "address": "Ravenna, PIANGIPANE, via Braccesca, 44", "success": true, "source": null}
{"ts": "2025-12-13T21:56:29.817665+00:00", "resource": "0800161662", "index": 84, "total": 294, "address": "Ravenna, Via Cura, 0", "success": true, "source": null}
{"ts": "2025-12-13T21:56:29.821415+00:00", "resource": "0800206008", "index": 85, "total": 294, "address": "Ravenna, via Mariani, 0", "success": true, "source": null}
{"ts": "2025-12-13T21:56:29.825439+00:00", "resource": "0800161654", "index": 86, "total": 294, "address": "Ravenna, via P. Costa, 1, via XIII Giugno, 15 /17", "success": true, "source": null}
{"ts": "2025-12-13T21:56:29.829051+00:00", "resource": "0800161796", "index": 87, "total": 294, "address": "Ravenna, MADONNA DELL'ALBERO, via Ravegnana, 479", "success": true, "source": null}
{"ts": "2025-12-13T21:56:29.830049+00:00", "resource": "0800161632", "index": 88, "total": 294, "address": "Emilia-Romagna, RA, Ravenna", "success": true, "source": null}
{"ts": "2025-12-13T21:56:29.831252+00:00", "resource": "0800161706", "index": 89, "total": 294, "address": "Ravenna, via Mazzini, 30/ 32/ 34", "success": true, "source": null}
{"ts": "2025-12-13T21:56:29.832383+00:00", "resource": "0800161775", "index": 90, "total": 294, "address": "Ravenna, Via Tombesi Dall'Ova, 14", "success": true, "source": null}
{"ts": "2025-12-13T21:56:29.833287+00:00", "resource": "0800266235", "index": 91, "total": 294, "address": "Ravenna, COCCOLIA, via Ravegnana, 731", "success": true, "source": null}
{"ts": "2025-12-13T21:56:29.838558+00:00", "resource": "0800161635", "index": 92, "total": 294, "address": "Ravenna, Via Bastione, 0", "success": true, "source": null}
{"ts": "2025-12-13T21:56:29.843084+00:00", "resource": "0800161759", "index": 93, "total": 294, "address": "Ravenna, via N. Rondinelli, 4, 6", "success": true, "source": null}
{"ts": "2025-12-13T21:56:29.846240+00:00", "resource": "0800161618", "index": 94, "total": 294, "address": "Ravenna, Via G. da Polenta, 0", "success": true, "source": null}
{"ts": "2025-12-13T21:56:29.847328+00:00", "resource": "0800308254", "index": 95, "total": 294, "address": "Ravenna, Via Pietro Alighieri, 4", "success": true, "source": null}
{"ts": "2025-12-13T21:56:29.848733+00:00", "resource": "0800161747", "index": 96, "total": 294, "address": "Ravenna, Via Di Roma, 0", "success": true, "source": null}
{"ts": "2025-12-13T21:56:29.849644+00:00", "resource": "0800161738", "index": 97, "total": 294, "address": "Ravenna, via di Roma, 108", "success": true, "source": null}
{"ts": "2025-12-13T21:56:29.851039+00:00", "resource": "0800161626", "index": 98, "total": 294, "address": "Ravenna, P.zza Anita Garibaldi, 0", "success": true, "source": null}
{"ts": "2025-12-13T21:56:29.854358+00:00", "resource": "0800266221", "index": 99, "total": 294, "address": "Ravenna, via C. Cattaneo, 34", "success": true, "source": null}
{"ts": "2025-12-13T21:56:29.856423+00:00", "resource": "0800161807", "index": 100, "total": 294, "address": "Ravenna, Via Sale, 102", "success": true, "source": null}
{"ts": "2025-12-13T21:56:29.862016+00:00", "resource": "0800161809", "index": 101, "total": 294, "address": "Ravenna, SAN PIETRO IN TRENTO, via Alturie, 30", "success": true, "source": null}
{"ts": "2025-12-13T21:56:29.863240+00:00", "resource": "0800161743", "index": 102, "total": 294, "address": "Ravenna, Via Di Roma, 13", "success": true, "source": null}
{"ts": "2025-12-13T21:56:29.864693+00:00", "resource": "0800161772", "index": 103, "total": 294, "address": "Ravenna, Via S.Vitale, 17", "success": true, "source": null}
{"ts": "2025-12-13T21:56:29.865698+00:00", "resource": "0800309000", "index": 104, "total": 294, "address": "Ravenna, RAVENNA, via Alberoni, 12", "success": true, "source": null}
{"ts": "2025-12-13T21:56:29.866612+00:00", "resource": "0800161782", "index": 105, "total": 294, "address": "Ravenna, via Zirardini, 14", "success": true, "source": null}
{"ts": "2025-12-13T21:56:29.867633+00:00", "resource": "0800266254", "index": 106, "total": 294, "address": "Ravenna, via Montecatini, 3", "success": true, "source": null}
{"ts": "2025-12-13T21:56:29.871849+00:00", "resource": "0800161746", "index": 107, "total": 294, "address": "Italia, Emilia Romagna, RA, Ravenna", "success": true, "source": "maps.co"}
{"ts": "2025-12-13T21:56:29.876946+00:00", "resource": "0800161777", "index": 108, "total": 294, "address": "Ravenna, via XIII Giugno, 0", "success": true, "source": null}
{"ts": "2025-12-13T21:56:29.881256+00:00", "resource": "0800161648", "index": 109, "total": 294, "address": "Ravenna, Via Castel S. Pietro, 0", "success": true, "source": null}
{"ts": "2025-12-13T21:56:29.882637+00:00", "resource": "0800308268", "index": 110, "total": 294, "address": "Ravenna, Via Zignani, 44", "success": true, "source": null}
{"ts": "2025-12-13T21:56:29.884183+00:00", "resource": "0800161677", "index": 111, "total": 294, "address": "Ravenna, Via Galla Placidia, 0", "success": true, "source": null}
{"ts": "2025-12-13T21:56:29.892539+00:00", "resource": "0800161698", "index": 112, "total": 294, "address": "Ravenna, via Mariani, 5", "success": true, "source": null}
{"ts": "2025-12-13T21:56:29.896167+00:00", "resource": "0800161703", "index": 113, "total": 294, "address": "Ravenna, Via A. Mariani, 46", "success": true, "source": null}
{"ts": "2025-12-13T21:56:29.897988+00:00", "resource": "0800161685", "index": 114, "total": 294, "address": "Ravenna, via Guaccimanni, 40/ 40A/ 42", "success": true, "source": null}
{"ts": "2025-12-13T21:56:29.899000+00:00", "resource": "0800161655", "index": 115, "total": 294, "address": "Ravenna, via Paolo Costa, 22/ 24", "success": true, "source": null}
{"ts": "2025-12-13T21:56:29.900045+00:00", "resource": "0800266231", "index": 116, "total": 294, "address": "Ravenna, via San Vitale, 21", "success": true, "source": null}
{"ts": "2025-12-13T21:56:29.901759+00:00", "resource": "0800161726", "index": 117, "total": 294, "address": "Ravenna, Via Oberdan, 6", "success": true, "source": null}
{"ts": "2025-12-13T21:56:29.906031+00:00", "resource": "0800161643", "index": 118, "total": 294, "address": "Ravenna, Via Battistero, 0", "success": true, "source": null}
{"ts": "2025-12-13T21:56:29.912140+00:00", "resource": "0800161781", "index": 119, "total": 294, "address": "Ravenna, via Zagarelli alle Mura, 2/a", "success": true, "source": null}
{"ts": "2025-12-13T21:56:29.913257+00:00", "resource": "0800308253", "index": 120, "total": 294, "address": "Ravenna, Via Pietro Alighieri, 6 - 8", "success": true, "source": null}
{"ts": "2025-12-13T21:56:29.914160+00:00", "resource": "0800308257-bene componente", "index": 121, "total": 294, "address": "Ravenna, Via Guaccimanni, 0", "success": true, "source": null}
{"ts": "2025-12-13T21:56:29.915154+00:00", "resource": "0800161804", "index": 122, "total": 294, "address": "Ravenna, via Nigrisoli, 62", "success": true, "source": null}
{"ts": "2025-12-13T21:56:29.916566+00:00", "resource": "0800161795", "index": 123, "total": 294, "address": "Ravenna, Via Argine destrofiume Ronco, 0", "success": true, "source": null}
{"ts": "2025-12-13T21:56:29.918689+00:00", "resource": "0800161631", "index": 124, "total": 294, "address": "Ravenna, P.zza Arcivescovado, 1", "success": true, "source": null}
{"ts": "2025-12-13T21:56:29.922898+00:00", "resource": "0800266237", "index": 125, "total": 294, "address": "Ravenna, MARINA DI RAVENNA, via d'Allaggio", "success": true, "source": null}
{"ts": "2025-12-13T21:56:29.927812+00:00", "resource": "0800161664", "index": 126, "total": 294, "address": "Ravenna, via Massimo d'Azeglio, 10/ 12", "success": true, "source": null}
{"ts": "2025-12-13T21:56:29.930254+00:00", "resource": "0800161772-bene componente", "index": 127, "total": 294, "address": "", "success": false, "source": null}
{"ts": "2025-12-13T21:56:29.931372+00:00", "resource": "0800161622-bene componente", "index": 128, "total": 294, "address": "", "success": false, "source": null}
{"ts": "2025-12-13T21:56:29.932848+00:00", "resource": "0800161805", "index": 129, "total": 294, "address": "Ravenna, via Argine sinistro del Montone, 149", "success": true, "source": null}
{"ts": "2025-12-13T21:56:29.934407+00:00", "resource": "0800161689", "index": 130, "total": 294, "address": "Ravenna, Via Guaccimanni, 29", "success": true, "source": null}
{"ts": "2025-12-13T21:56:29.938208+00:00", "resource": "0800161755", "index": 131, "total": 294, "address": "Ravenna, Via Di Roma, 116", "success": true, "source": null}
{"ts": "2025-12-13T21:56:29.942254+00:00", "resource": "0800266224", "index": 132, "total": 294, "address": "Ravenna, Via Guido Da Polenta, 4", "success": true, "source": null}
{"ts": "2025-12-13T21:56:29.945734+00:00", "resource": "0800161779", "index": 133, "total": 294, "address": "Ravenna, piazza XX Settembre, 5", "success": true, "source": null}
{"ts": "2025-12-13T21:56:29.947088+00:00", "resource": "0800308248", "index": 134, "total": 294, "address": "Ravenna, Via di Classe Fuori, 0", "success": true, "source": null}
{"ts": "2025-12-13T21:56:29.948099+00:00", "resource": "0800161650", "index": 135, "total": 294, "address": "Ravenna, via Cavour, 10", "success": true, "source": null}
{"ts": "2025-12-13T21:56:29.949959+00:00", "resource": "0800308272", "index": 136, "total": 294, "address": "Ravenna, Via Del Borgo, 1", "success": true, "source": null}
{"ts": "2025-12-13T21:56:29.951029+00:00", "resource": "0800161813", "index": 137, "total": 294, "address": "Ravenna, via di Roma, 0", "success": true, "source": null}
{"ts": "2025-12-13T21:56:29.955133+00:00", "resource": "0800161732", "index": 138, "total": 294, "address": "Ravenna, Via C. Ricci, 0", "success": true, "source": null}
{"ts": "2025-12-13T21:56:29.959128+00:00", "resource": "0800161657", "index": 139, "total": 294, "address": "Ravenna, Ponte Marino, 2", "success": true, "source": null}
{"ts": "2025-12-13T21:56:29.961258+00:00", "resource": "0800161744", "index": 140, "total": 294, "address": "Ravenna, Via Di Roma, 0", "success": true, "source": null}
{"ts": "2025-12-13T21:56:29.964083+00:00", "resource": "0800161624", "index": 141, "total": 294, "address": "Ravenna, Via Pietro Alighieri, 4, 6, 8", "success": true, "source": null}
{"ts": "2025-12-13T21:56:29.965369+00:00", "resource": "0800161754", "index": 142, "total": 294, "address": "Ravenna, Via Di Roma, 68", "success": true, "source": null}
{"ts": "2025-12-13T21:56:29.966675+00:00", "resource": "0800161634", "index": 143, "total": 294, "address": "Ravenna, piazzetta degli Ariani, 0", "success": true, "source": null}
{"ts": "2025-12-13T21:56:29.969289+00:00", "resource": "0800161725", "index": 144, "total": 294, "address": "Ravenna, P.zza Duomo, 4", "success": true, "source": null}
{"ts": "2025-12-13T21:56:29.972815+00:00", "resource": "0800161776", "index": 145, "total": 294, "address": "Ravenna, via XIII Giugno, 8", "success": true, "source": null}
{"ts": "2025-12-13T21:56:29.978888+00:00", "resource": "0800161751", "index": 146, "total": 294, "address": "Ravenna, via di Roma, 202", "success": true, "source": null}
{"ts": "2025-12-13T21:56:29.980023+00:00", "resource": "0800319232", "index": 147, "total": 294, "address": "Ravenna, Piazza del Popolo, 23", "success": true, "source": null}
{"ts": "2025-12-13T21:56:29.980942+00:00", "resource": "0800161723", "index": 148, "total": 294, "address": "Ravenna, Via Monti, 0", "success": true, "source": null}
{"ts": "2025-12-13T21:56:29.981915+00:00", "resource": "0800319246-bene individuo", "index": 149, "total": 294, "address": "Ravenna, Piazza del Popolo, 0", "success": true, "source": null}
{"ts": "2025-12-13T21:56:29.982885+00:00", "resource": "0800308256-bene componente", "index": 150, "total": 294, "address": "Ravenna, Via Guaccimanni, 44", "success": true, "source": null}
{"ts": "2025-12-13T21:56:29.983806+00:00", "resource": "0800161760", "index": 151, "total": 294, "address": "Ravenna, via Rondinelli, 0", "success": true, "source": null}
{"ts": "2025-12-13T21:56:29.987064+00:00", "resource": "0800161728", "index": 152, "total": 294, "address": "Ravenna, via XIII Giugno, 2/ 4, piazza del Popolo", "success": true, "source": null}
{"ts": "2025-12-13T21:56:29.992010+00:00", "resource": "0800161668", "index": 153, "total": 294, "address": "Ravenna, Via M. Dente, 0", "success": true, "source": null}
{"ts": "2025-12-13T21:56:29.996517+00:00", "resource": "0800161691", "index": 154, "total": 294, "address": "Ravenna, via Guaccimanni, 54", "success": true, "source": null}
{"ts": "2025-12-13T21:56:29.998015+00:00", "resource": "0800161802", "index": 155, "total": 294, "address": "Ravenna, CASALBORSETTI", "success": true, "source": null}
{"ts": "2025-12-13T21:56:29.999338+00:00", "resource": "0800161695", "index": 156, "total": 294, "address": "Ravenna, Piazza Kennedy, 0", "success": true, "source": null}
{"ts": "2025-12-13T21:56:30.000541+00:00", "resource": "0800308271", "index": 157, "total": 294, "address": "Ravenna, MANDRIOLE, Via Mandriole, 122", "success": true, "source": null}
{"ts": "2025-12-13T21:56:30.004612+00:00", "resource": "0800161765", "index": 158, "total": 294, "address": "Ravenna, Via G. Rossi, 2", "success": true, "source": null}
{"ts": "2025-12-13T21:56:30.008998+00:00", "resource": "0800161640", "index": 159, "total": 294, "address": "Ravenna, Via C.B. Barbiani,0", "success": true, "source": null}
{"ts": "2025-12-13T21:56:30.012622+00:00", "resource": "0800161696", "index": 160, "total": 294, "address": "Ravenna, P.zza Mameli, 0", "success": true, "source": null}
{"ts": "2025-12-13T21:56:30.014307+00:00", "resource": "0800161680", "index": 161, "total": 294, "address": "Ravenna, via Romolo Gessi, 18", "success": true, "source": null}
{"ts": "2025-12-13T21:56:30.015750+00:00", "resource": "0800161740", "index": 162, "total": 294, "address": "Ravenna, via di Roma, 69", "success": true, "source": null}
{"ts": "2025-12-13T21:56:30.017471+00:00", "resource": "0800161798", "index": 163, "total": 294, "address": "Ravenna, Via Chiesa, 1", "success": true, "source": null}
{"ts": "2025-12-13T21:56:30.022044+00:00", "resource": "0800161711", "index": 164, "total": 294, "address": "Ravenna, via G. Mazzini, 65", "success": true, "source": null}
{"ts": "2025-12-13T21:56:30.027489+00:00", "resource": "0800161670", "index": 165, "total": 294, "address": "Ravenna, Via A. Diaz, 4, 6 , 8", "success": true, "source": null}
{"ts": "2025-12-13T21:56:30.030831+00:00", "resource": "0800161701", "index": 166, "total": 294, "address": "Ravenna, Via Mariani, 26", "success": true, "source": null}
{"ts": "2025-12-13T21:56:30.032350+00:00", "resource": "0800161645", "index": 167, "total": 294, "address": "Ravenna, via Cairoli, 10/ 12/16", "success": true, "source": null}
{"ts": "2025-12-13T21:56:30.033736+00:00", "resource": "0800161692", "index": 168, "total": 294, "address": "Ravenna, via Guerrini, 11", "success": true, "source": null}
{"ts": "2025-12-13T21:56:30.037840+00:00", "resource": "0800319233", "index": 169, "total": 294, "address": "Ravenna, via Galla Placidia, 0", "success": true, "source": null}
{"ts": "2025-12-13T21:56:30.042454+00:00", "resource": "0800161787", "index": 170, "total": 294, "address": "Ravenna, via Strada Provinciale Bagnolo, 0", "success": true, "source": null}
{"ts": "2025-12-13T21:56:30.045994+00:00", "resource": "0800161757-bene componente", "index": 171, "total": 294, "address": "", "success": false, "source": null}
{"ts": "2025-12-13T21:56:30.047044+00:00", "resource": "0800266242", "index": 172, "total": 294, "address": "Ravenna, SAN BARTOLO, via Argine Destro Ronco, 98", "success": true, "source": null}
{"ts": "2025-12-13T21:56:30.048520+00:00", "resource": "0800308275", "index": 173, "total": 294, "address": "Ravenna, SANTO STEFANO - CARRAIE, via Cella, 0, Carraia Ginanni", "success": true, "source": null}
{"ts": "2025-12-13T21:56:30.049521+00:00", "resource": "0800319247-bene individuo", "index": 174, "total": 294, "address": "Ravenna, via Nino Bixio, 23", "success": true, "source": null}
{"ts": "2025-12-13T21:56:30.050994+00:00", "resource": "0800161761", "index": 175, "total": 294, "address": "Ravenna, Via Girolamo Rossi, 0", "success": true, "source": null}
{"ts": "2025-12-13T21:56:30.055269+00:00", "resource": "0800319300", "index": 176, "total": 294, "address": "Ravenna, Piazza del popolo, 0", "success": true, "source": null}
{"ts": "2025-12-13T21:56:30.060143+00:00", "resource": "0800161637", "index": 177, "total": 294, "address": "Ravenna", "success": true, "source": null}
{"ts": "2025-12-13T21:56:30.063357+00:00", "resource": "0800161669", "index": 178, "total": 294, "address": "Ravenna, Via Tombesi Dall'Ova, 0", "success": true, "source": null}
{"ts": "2025-12-13T21:56:30.064367+00:00", "resource": "0800161642", "index": 179, "total": 294, "address": "Ravenna, P.zza Duomo, 0", "success": true, "source": null}
{"ts": "2025-12-13T21:56:30.065340+00:00", "resource": "0800161758", "index": 180, "total": 294, "address": "Ravenna, via di Roma, 0", "success": true, "source": null}
{"ts": "2025-12-13T21:56:30.066655+00:00", "resource": "0800161726-bene complesso", "index": 181, "total": 294, "address": "", "success": false, "source": null}
{"ts": "2025-12-13T21:56:30.068962+00:00", "resource": "0800308262", "index": 182, "total": 294, "address": "Ravenna, SAN ZACCARIA, Via Dismano, 0", "success": true, "source": null}
{"ts": "2025-12-13T21:56:30.071539+00:00", "resource": "0800161684", "index": 183, "total": 294, "address": "Emilia-Romagna, RA, Ravenna", "success": true, "source": null}
{"ts": "2025-12-13T21:56:30.075528+00:00", "resource": "0800161736", "index": 184, "total": 294, "address": "Ravenna, Via Di Roma, 102", "success": true, "source": null}
{"ts": "2025-12-13T21:56:30.079083+00:00", "resource": "0800161742", "index": 185, "total": 294, "address": "Ravenna, Via Di Roma, 0", "success": true, "source": null}
{"ts": "2025-12-13T21:56:30.080884+00:00", "resource": "0800161719", "index": 186, "total": 294, "address": "Ravenna, Via G. Mazzini, 44", "success": true, "source": null}
{"ts": "2025-12-13T21:56:30.082677+00:00", "resource": "0800266230", "index": 187, "total": 294, "address": "Ravenna, via San Vitale, 34, 36,38, 40, 42, via M. Fanti, 19", "success": true, "source": null}
{"ts": "2025-12-13T21:56:30.083874+00:00", "resource": "0800319236", "index": 188, "total": 294, "address": "Ravenna, via Castello, 74", "success": true, "source": null}
{"ts": "2025-12-13T21:56:30.086714+00:00", "resource": "0800266245", "index": 189, "total": 294, "address": "Ravenna, SAN PIETRO IN VINCOLI", "success": true, "source": null}
{"ts": "2025-12-13T21:56:30.091131+00:00", "resource": "0800161624-bene complesso", "index": 190, "total": 294, "address": "", "success": false, "source": null}
{"ts": "2025-12-13T21:56:30.095524+00:00", "resource": "0800161620", "index": 191, "total": 294, "address": "Ravenna, Piazza S.Francesco, 0", "success": true, "source": null}
{"ts": "2025-12-13T21:56:30.097048+00:00", "resource": "0800161619-bene complesso", "index": 192, "total": 294, "address": "", "success": false, "source": null}
{"ts": "2025-12-13T21:56:30.098360+00:00", "resource": "0800266239", "index": 193, "total": 294, "address": "Ravenna, PIANGIPANE, via Galassa, 10", "success": true, "source": null}
{"ts": "2025-12-13T21:56:30.100102+00:00", "resource": "0800161803", "index": 194, "total": 294, "address": "Ravenna, Via O. Guerrini", "success": true, "source": null}
{"ts": "2025-12-13T21:56:30.103964+00:00", "resource": "0800308264-bene individuo", "index": 195, "total": 294, "address": "Ravenna, Via Trava, 2", "success": true, "source": null}
{"ts": "2025-12-13T21:56:30.108968+00:00", "resource": "0800161716", "index": 196, "total": 294, "address": "Ravenna, Via Mazzini, 0", "success": true, "source": null}
{"ts": "2025-12-13T21:56:30.113156+00:00", "resource": "0800161638", "index": 197, "total": 294, "address": "Ravenna", "success": true, "source": null}
{"ts": "2025-12-13T21:56:30.114561+00:00", "resource": "0800161663", "index": 198, "total": 294, "address": "Ravenna, via Massimo d'Azeglio, 2", "success": true, "source": null}
{"ts": "2025-12-13T21:56:30.115611+00:00", "resource": "0800308270", "index": 199, "total": 294, "address": "Ravenna, CAMERLONA, Via S. Egidio, 0", "success": true, "source": null}
{"ts": "2025-12-13T21:56:30.116719+00:00", "resource": "0800266226", "index": 200, "total": 294, "address": "Ravenna, via Pasolini, 9", "success": true, "source": null}
{"ts": "2025-12-13T21:56:30.118609+00:00", "resource": "0800161792", "index": 201, "total": 294, "address": "Ravenna, GHIBULLO, via Ravegnana, 655", "success": true, "source": null}
{"ts": "2025-12-13T21:56:30.122763+00:00", "resource": "0800319300-bene componente", "index": 202, "total": 294, "address": "", "success": false, "source": null}
{"ts": "2025-12-13T21:56:30.127776+00:00", "resource": "0800308263", "index": 203, "total": 294, "address": "Ravenna, fraz. Gambellara, Via Gambellara, 79", "success": true, "source": null}
{"ts": "2025-12-13T21:56:30.130078+00:00", "resource": "0800161700", "index": 204, "total": 294, "address": "Ravenna, Via Mariani, 24", "success": true, "source": null}
{"ts": "2025-12-13T21:56:30.131984+00:00", "resource": "0800266241", "index": 205, "total": 294, "address": "Ravenna, via Baiona, 0", "success": true, "source": null}
{"ts": "2025-12-13T21:56:30.133098+00:00", "resource": "0800266236", "index": 206, "total": 294, "address": "Ravenna, MANDRIOLE, strada Comunale", "success": true, "source": null}
{"ts": "2025-12-13T21:56:30.135168+00:00", "resource": "0800161811", "index": 207, "total": 294, "address": "Ravenna, SANTERNO, via Palazza, 0", "success": true, "source": null}
{"ts": "2025-12-13T21:56:30.138816+00:00", "resource": "0800266220", "index": 208, "total": 294, "address": "Ravenna, via Carlo Cattaneo, 22", "success": true, "source": null}
{"ts": "2025-12-13T21:56:30.143310+00:00", "resource": "0800161644-bene individuo", "index": 209, "total": 294, "address": "", "success": false, "source": null}
{"ts": "2025-12-13T21:56:30.146752+00:00", "resource": "0800161694", "index": 210, "total": 294, "address": "Ravenna, via delle Industrie, 0", "success": true, "source": null}
{"ts": "2025-12-13T21:56:30.147782+00:00", "resource": "0800161762", "index": 211, "total": 294, "address": "Ravenna, Via Girolamo Rossi, 0", "success": true, "source": null}
{"ts": "2025-12-13T21:56:30.149229+00:00", "resource": "0800161771", "index": 212, "total": 294, "address": "Ravenna, Via S.Vitale, 17", "success": true, "source": null}
{"ts": "2025-12-13T21:56:30.150262+00:00", "resource": "0800308265-bene individuo", "index": 213, "total": 294, "address": "Ravenna, RONCALCECI, Via Babini, 246", "success": true, "source": null}
{"ts": "2025-12-13T21:56:30.152658+00:00", "resource": "0800161665", "index": 214, "total": 294, "address": "Ravenna, via Massimo d'Azeglio, 38", "success": true, "source": null}
{"ts": "2025-12-13T21:56:30.156074+00:00", "resource": "0800161630", "index": 215, "total": 294, "address": "Ravenna, P.zza Arcivescovado, 1", "success": true, "source": null}
{"ts": "2025-12-13T21:56:30.161934+00:00", "resource": "0800161681", "index": 216, "total": 294, "address": "Ravenna, via Romolo Gessi, 14/ 16", "success": true, "source": null}
{"ts": "2025-12-13T21:56:30.163825+00:00", "resource": "0800319231", "index": 217, "total": 294, "address": "Ravenna, via Diaz, 2", "success": true, "source": null}
{"ts": "2025-12-13T21:56:30.165558+00:00", "resource": "0800161741", "index": 218, "total": 294, "address": "Ravenna, Via Di Roma, 0", "success": true, "source": null}
{"ts": "2025-12-13T21:56:30.166781+00:00", "resource": "0800161686", "index": 219, "total": 294, "address": "Ravenna, via Guaccimanni, 11", "success": true, "source": null}
{"ts": "2025-12-13T21:56:30.169465+00:00", "resource": "0800308269", "index": 220, "total": 294, "address": "Ravenna, FILETTO, Via Roncalcesi, 0, 1,4 Km. dall'incrocio con via Nuova", "success": true, "source": null}
{"ts": "2025-12-13T21:56:30.172416+00:00", "resource": "0800161810", "index": 221, "total": 294, "address": "Ravenna, SANTO STEFANO - CARRAIE, via Cella, 0, Carraia Ginanni", "success": true, "source": null}
{"ts": "2025-12-13T21:56:30.177866+00:00", "resource": "0800308261", "index": 222, "total": 294, "address": "Ravenna, SAN ZACCARIA, Via Dismano, 663", "success": true, "source": null}
{"ts": "2025-12-13T21:56:30.179654+00:00", "resource": "0800266219", "index": 223, "total": 294, "address": "Ravenna, via Canale Molinetto, 90/ 92", "success": true, "source": null}
{"ts": "2025-12-13T21:56:30.180657+00:00", "resource": "0800266244", "index": 224, "total": 294, "address": "Ravenna, SAVARNA, via Basilica, 158", "success": true, "source": null}
{"ts": "2025-12-13T21:56:30.181844+00:00", "resource": "0800161739", "index": 225, "total": 294, "address": "Ravenna, via di Roma, 118", "success": true, "source": null}
{"ts": "2025-12-13T21:56:30.182869+00:00", "resource": "0800161659", "index": 226, "total": 294, "address": "Ravenna, via Paola Costa, 7", "success": true, "source": null}
{"ts": "2025-12-13T21:56:30.183949+00:00", "resource": "0800161651", "index": 227, "total": 294, "address": "Ravenna, Via Cavour, 0", "success": true, "source": null}
{"ts": "2025-12-13T21:56:30.188279+00:00", "resource": "0800161806", "index": 228, "total": 294, "address": "Ravenna, Strada Provinciale Faentina, 362", "success": true, "source": null}
{"ts": "2025-12-13T21:56:30.194402+00:00", "resource": "0800161731", "index": 229, "total": 294, "address": "Ravenna, via C. Ricci, 20,22 ,24", "success": true, "source": null}
{"ts": "2025-12-13T21:56:30.196897+00:00", "resource": "0800161729", "index": 230, "total": 294, "address": "Ravenna, Via Porta Gaza, 0", "success": true, "source": null}
{"ts": "2025-12-13T21:56:30.198332+00:00", "resource": "0800319340-bene individuo", "index": 231, "total": 294, "address": "Ravenna, Piazza Kennedy, 14,15,16,17", "success": true, "source": null}
{"ts": "2025-12-13T21:56:30.199728+00:00", "resource": "0800161674", "index": 232, "total": 294, "address": "Ravenna, P.zza Duomo", "success": true, "source": null}
{"ts": "2025-12-13T21:56:30.203144+00:00", "resource": "0800161778", "index": 233, "total": 294, "address": "Ravenna, via XIII Giugno, 3", "success": true, "source": null}
{"ts": "2025-12-13T21:56:30.209035+00:00", "resource": "0800161710", "index": 234, "total": 294, "address": "Ravenna, Via Mazzini, 7", "success": true, "source": null}
{"ts": "2025-12-13T21:56:30.213290+00:00", "resource": "0800161715", "index": 235, "total": 294, "address": "Ravenna, Via Mazzini,0", "success": true, "source": null}
{"ts": "2025-12-13T21:56:30.214729+00:00", "resource": "0800308253-bene componente", "index": 236, "total": 294, "address": "", "success": false, "source": null}
{"ts": "2025-12-13T21:56:30.216082+00:00", "resource": "0800161641", "index": 237, "total": 294, "address": "Ravenna, P.zza Duomo, 0", "success": true, "source": null}
{"ts": "2025-12-13T21:56:30.217332+00:00", "resource": "0800161707", "index": 238, "total": 294, "address": "Ravenna, via Mazzini, 72", "success": true, "source": null}
{"ts": "2025-12-13T21:56:30.220992+00:00", "resource": "0800319234", "index": 239, "total": 294, "address": "Ravenna, FILETTO, via Roncalceci, 195", "success": true, "source": null}
{"ts": "2025-12-13T21:56:30.224388+00:00", "resource": "0800161717", "index": 240, "total": 294, "address": "Ravenna, via Mazzini, 76/ 78", "success": true, "source": null}
{"ts": "2025-12-13T21:56:30.228929+00:00", "resource": "0800266228", "index": 241, "total": 294, "address": "Ravenna, via Salara, 33/ 31", "success": true, "source": null}
{"ts": "2025-12-13T21:56:30.230502+00:00", "resource": "0800308999-bene individuo", "index": 242, "total": 294, "address": "", "success": false, "source": null}
{"ts": "2025-12-13T21:56:30.231551+00:00", "resource": "0800161771-bene componente", "index": 243, "total": 294, "address": "", "success": false, "source": null}
{"ts": "2025-12-13T21:56:30.232962+00:00", "resource": "0800161678", "index": 244, "total": 294, "address": "Ravenna, Via Galla Placidia, 0", "success": true, "source": null}
{"ts": "2025-12-13T21:56:30.236327+00:00", "resource": "0800161724", "index": 245, "total": 294, "address": "Ravenna, Via Morigia, 1", "success": true, "source": null}
{"ts": "2025-12-13T21:56:30.240833+00:00", "resource": "0800266227", "index": 246, "total": 294, "address": "Ravenna, piazzetta degli Ariani, 0", "success": true, "source": null}
{"ts": "2025-12-13T21:56:30.245779+00:00", "resource": "0800319235", "index": 247, "total": 294, "address": "Ravenna, via Barleti, 5, 7, 9", "success": true, "source": null}
{"ts": "2025-12-13T21:56:30.247003+00:00", "resource": "0800161788", "index": 248, "total": 294, "address": "Ravenna, via Dismano, 749/ 747", "success": true, "source": null}
{"ts": "2025-12-13T21:56:31.433983+00:00", "resource": "0800161734", "index": 249, "total": 294, "address": "Ravenna, via Rocca di Brancaleone, 0", "success": true, "source": "maps.co"}
{"ts": "2025-12-13T21:56:31.435790+00:00", "resource": "0800161623", "index": 250, "total": 294, "address": "Ravenna, via Dante Alighieri, 2,4(P ),6", "success": true, "source": null}
{"ts": "2025-12-13T21:56:31.438264+00:00", "resource": "0800308276", "index": 251, "total": 294, "address": "Ravenna, SANTO STEFANO - CARRAIE, via Cella, 0, Carraia Ginanni", "success": true, "source": null}
{"ts": "2025-12-13T21:56:31.442950+00:00", "resource": "0800309001", "index": 252, "total": 294, "address": "Ravenna, vicolo Capannetti, 5", "success": true, "source": null}
{"ts": "2025-12-13T21:56:32.540692+00:00", "resource": "0800161800", "index": 253, "total": 294, "address": "Ravenna, strada comunale Carrarone Chiesa, 0", "success": false, "source": null}
{"ts": "2025-12-13T21:56:33.682600+00:00", "resource": "0800161808", "index": 254, "total": 294, "address": "Ravenna, SAN PIETRO IN TRENTO, via Ramona, 55", "success": true, "source": "maps.co"}
{"ts": "2025-12-13T21:56:33.683966+00:00", "resource": "0800161627", "index": 255, "total": 294, "address": "Ravenna, P.zza Anita Garibaldi, 0", "success": true, "source": null}
{"ts": "2025-12-13T21:56:33.685813+00:00", "resource": "0800308277-bene componente", "index": 256, "total": 294, "address": "Ravenna, SANTO STEFANO - CARRAIE, via Cella, 0, Carraia Ginanni", "success": true, "source": null}
{"ts": "2025-12-13T21:56:33.687801+00:00", "resource": "0800161673", "index": 257, "total": 294, "address": "Ravenna, P.zza Duomo, 0", "success": true, "source": null}
{"ts": "2025-12-13T21:56:33.691638+00:00", "resource": "0800161756", "index": 258, "total": 294, "address": "Ravenna, via di Roma, 0", "success": true, "source": null}
{"ts": "2025-12-13T21:56:33.695919+00:00", "resource": "0800161720", "index": 259, "total": 294, "address": "Ravenna, Via Mazzini, 57", "success": true, "source": null}
{"ts": "2025-12-13T21:56:33.698092+00:00", "resource": "0800161675", "index": 260, "total": 294, "address": "Ravenna, via Ercolana, 29/ 31/ 33", "success": true, "source": null}
{"ts": "2025-12-13T21:56:33.705209+00:00", "resource": "0800161712", "index": 261, "total": 294, "address": "Ravenna, via G. Mazzini, 84", "success": true, "source": null}
{"ts": "2025-12-13T21:56:33.707232+00:00", "resource": "0800161623-bene componente", "index": 262, "total": 294, "address": "", "success": false, "source": null}
{"ts": "2025-12-13T21:56:33.709013+00:00", "resource": "0800308273-bene individuo", "index": 263, "total": 294, "address": "Ravenna, Via Santerno, 0", "success": true, "source": null}
{"ts": "2025-12-13T21:56:33.712499+00:00", "resource": "0800161785", "index": 264, "total": 294, "address": "Ravenna, via Petrosa, 0", "success": true, "source": null}
{"ts": "2025-12-13T21:56:33.714053+00:00", "resource": "0800161697", "index": 265, "total": 294, "address": "Ravenna, Via A. Mariani, 22", "success": true, "source": null}
{"ts": "2025-12-13T21:56:33.715549+00:00", "resource": "0800266246", "index": 266, "total": 294, "address": "Ravenna, SAN PIETRO IN VINCOLI, via del Sale Vecchia, 18", "success": true, "source": null}
{"ts": "2025-12-13T21:56:33.717219+00:00", "resource": "0800161749", "index": 267, "total": 294, "address": "Ravenna, Via Di Roma, 108", "success": true, "source": null}
{"ts": "2025-12-13T21:56:33.723493+00:00", "resource": "0800161693", "index": 268, "total": 294, "address": "Ravenna, via Guerrini, 15", "success": true, "source": null}
{"ts": "2025-12-13T21:56:33.725863+00:00", "resource": "0800161783", "index": 269, "total": 294, "address": "Ravenna, S.S. Adriatica, 16", "success": true, "source": null}
{"ts": "2025-12-13T21:56:33.733308+00:00", "resource": "0800161667", "index": 270, "total": 294, "address": "Ravenna, Via M. Dente, 0", "success": true, "source": null}
{"ts": "2025-12-13T21:56:33.736051+00:00", "resource": "0800161722", "index": 271, "total": 294, "address": "Ravenna, Via Monti, 0", "success": true, "source": null}
{"ts": "2025-12-13T21:56:33.738084+00:00", "resource": "0800161752", "index": 272, "total": 294, "address": "Ravenna, Via Di Roma, 98", "success": true, "source": null}
{"ts": "2025-12-13T21:56:33.740601+00:00", "resource": "0800319415", "index": 273, "total": 294, "address": "Ravenna, via Dismano, 747", "success": true, "source": null}
{"ts": "2025-12-13T21:56:33.744539+00:00", "resource": "0800161653", "index": 274, "total": 294, "address": "Ravenna, via Paolo Costa, 2", "success": true, "source": null}
{"ts": "2025-12-13T21:56:33.745673+00:00", "resource": "0800266248", "index": 275, "total": 294, "address": "Ravenna, via Villanova, 96", "success": true, "source": null}
{"ts": "2025-12-13T21:56:33.746614+00:00", "resource": "0800161791", "index": 276, "total": 294, "address": "Ravenna, FILETTO, Via Roncalceci, 0", "success": true, "source": null}
{"ts": "2025-12-13T21:56:33.747541+00:00", "resource": "0800161671", "index": 277, "total": 294, "address": "Ravenna, via Diaz, 15/ 13", "success": true, "source": null}
{"ts": "2025-12-13T21:56:33.748547+00:00", "resource": "0800161727", "index": 278, "total": 294, "address": "Ravenna, via Ponte Marino, 7,9", "success": true, "source": null}
{"ts": "2025-12-13T21:56:33.749455+00:00", "resource": "0800308258", "index": 279, "total": 294, "address": "Ravenna, PIANGIPANE, Via Galassa, 10", "success": true, "source": null}
{"ts": "2025-12-13T21:56:33.751608+00:00", "resource": "0800309001-bene individuo", "index": 280, "total": 294, "address": "", "success": false, "source": null}
{"ts": "2025-12-13T21:56:33.754945+00:00", "resource": "0800161621-bene componente", "index": 281, "total": 294, "address": "", "success": false, "source": null}
{"ts": "2025-12-13T21:56:33.761232+00:00", "resource": "0800308255", "index": 282, "total": 294, "address": "Ravenna, Via Guaccimanni, 44", "success": true, "source": null}
{"ts": "2025-12-13T21:56:33.763123+00:00", "resource": "0800308278", "index": 283, "total": 294, "address": "Ravenna, MARINA ROMEA, Via Fossatone, 0, all'interno della pineta San Vitale, in prossimità della Cà Vecchia", "success": true, "source": null}
{"ts": "2025-12-13T21:56:33.764081+00:00", "resource": "0800161704", "index": 284, "total": 294, "address": "Ravenna, via Salara, 40, 42", "success": true, "source": null}
{"ts": "2025-12-13T21:56:33.765034+00:00", "resource": "0800161721", "index": 285, "total": 294, "address": "Ravenna, Via Monti, 0", "success": true, "source": null}
{"ts": "2025-12-13T21:56:33.765927+00:00", "resource": "0800266243", "index": 286, "total": 294, "address": "Ravenna, SANTERNO, via Santerno, 284", "success": true, "source": null}
{"ts": "2025-12-13T21:56:33.766827+00:00", "resource": "0800161789", "index": 287, "total": 294, "address": "Ravenna, via Dismano, 749", "success": true, "source": null}
{"ts": "2025-12-13T21:56:33.772575+00:00", "resource": "0800161801", "index": 288, "total": 294, "address": "Ravenna, Via Stradone, 46", "success": true, "source": null}
{"ts": "2025-12-13T21:56:33.776940+00:00", "resource": "0800266234", "index": 289, "total": 294, "address": "Ravenna, piazza XX Settembre, 7", "success": true, "source": null}
{"ts": "2025-12-13T21:56:33.779957+00:00", "resource": "0800161756-bene complesso", "index": 290, "total": 294, "address": "", "success": false, "source": null}
{"ts": "2025-12-13T21:56:33.780858+00:00", "resource": "0800161790", "index": 291, "total": 294, "address": "Ravenna, DURAZZANO, via Sisa, 17", "success": true, "source": null}
{"ts": "2025-12-13T21:56:33.781789+00:00", "resource": "0800161636", "index": 292, "total": 294, "address": "Ravenna", "success": true, "source": null}
{"ts": "2025-12-13T21:56:33.782751+00:00", "resource": "0800161666", "index": 293, "total": 294, "address": "Ravenna, Via M. D'Azeglio, 47", "success": true, "source": null}
{"ts": "2025-12-13T21:56:33.784640+00:00", "resource": "0800161646", "index": 294, "total": 294, "address": "Ravenna, via Cairoli, 27,25,23", "success": true, "source": null}
{"ts": "2025-12-13T22:00:54.275192+00:00", "resource": "0800161620-bene componente", "index": 1, "total": 294, "address": "", "success": false, "source": null}
{"ts": "2025-12-13T22:00:54.277936+00:00", "resource": "0800308997", "index": 2, "total": 294, "address": "Ravenna, via Guerrini, 0 , piazza Arcivescovado 0", "success": true, "source": null}
{"ts": "2025-12-13T22:00:54.280917+00:00", "resource": "0800161656", "index": 3, "total": 294, "address": "Ravenna, via Paolo Costa, 10", "success": true, "source": null}
{"ts": "2025-12-13T22:00:54.291723+00:00", "resource": "0800161745", "index": 4, "total": 294, "address": "Ravenna, Via Di Roma, 0", "success": true, "source": null}
{"ts": "2025-12-13T22:00:54.294789+00:00", "resource": "0800161718", "index": 5, "total": 294, "address": "Ravenna, via G. Mazzini, 75", "success": true, "source": null}
{"ts": "2025-12-13T22:00:54.296327+00:00", "resource": "0800161753", "index": 6, "total": 294, "address": "Ravenna, via di Roma, 47", "success": true, "source": null}
{"ts": "2025-12-13T22:00:54.299754+00:00", "resource": "0800308260-bene complesso", "index": 7, "total": 294, "address": "Ravenna, SAN ZACCARIA, Via Dismano, 663", "success": true, "source": null}
{"ts": "2025-12-13T22:00:54.306448+00:00", "resource": "0800161652", "index": 8, "total": 294, "address": "Ravenna, Via della Chiesa, 0", "success": true, "source": null}
{"ts": "2025-12-13T22:00:54.310623+00:00", "resource": "0800266225", "index": 9, "total": 294, "address": "Ravenna, via Galla Placida, 2", "success": true, "source": null}
{"ts": "2025-12-13T22:00:54.313409+00:00", "resource": "0800161812", "index": 10, "total": 294, "address": "Ravenna, via Casa Matha, 1/ 3, via IV Novembre, 37/ 39", "success": true, "source": null}
{"ts": "2025-12-13T22:00:54.315334+00:00", "resource": "0800161757", "index": 11, "total": 294, "address": "Ravenna, via di Roma, 0", "success": true, "source": null}
{"ts": "2025-12-13T22:00:54.317067+00:00", "resource": "0800161768", "index": 12, "total": 294, "address": "Ravenna, Vic. S. Nicandro, 0", "success": true, "source": null}
{"ts": "2025-12-13T22:00:54.319764+00:00", "resource": "0800308997-bene individuo", "index": 13, "total": 294, "address": "", "success": false, "source": null}
{"ts": "2025-12-13T22:00:54.324667+00:00", "resource": "0800319221", "index": 14, "total": 294, "address": "Ravenna, Piazza del popolo, 0", "success": true, "source": null}
{"ts": "2025-12-13T22:00:54.329077+00:00", "resource": "0800161735", "index": 15, "total": 294, "address": "Ravenna, via di Roma, 0", "success": true, "source": null}
{"ts": "2025-12-13T22:00:54.330273+00:00", "resource": "0800161629", "index": 16, "total": 294, "address": "Ravenna, Piazza Anita Garibaldi, 0", "success": true, "source": null}
{"ts": "2025-12-13T22:00:54.331451+00:00", "resource": "0800161647", "index": 17, "total": 294, "address": "Ravenna, Via del Candiano", "success": true, "source": null}
{"ts": "2025-12-13T22:00:54.332568+00:00", "resource": "0800161750", "index": 18, "total": 294, "address": "Ravenna, via di Roma, 113 ,115", "success": true, "source": null}
{"ts": "2025-12-13T22:00:54.336447+00:00", "resource": "0800161793", "index": 19, "total": 294, "address": "Ravenna, LONGANA, Via Ravegnana, 0", "success": true, "source": null}
{"ts": "2025-12-13T22:00:54.338673+00:00", "resource": "0800161622", "index": 20, "total": 294, "address": "Ravenna, Via Guido Da Polenta, 0", "success": true, "source": null}
{"ts": "2025-12-13T22:00:54.344384+00:00", "resource": "0800266218", "index": 21, "total": 294, "address": "Ravenna, via Dante Alighieri, 9", "success": true, "source": null}
{"ts": "2025-12-13T22:00:54.345583+00:00", "resource": "0800309000-bene individuo", "index": 22, "total": 294, "address": "", "success": false, "source": null}
{"ts": "2025-12-13T22:00:54.346570+00:00", "resource": "0800161774", "index": 23, "total": 294, "address": "Ravenna, Via S.Vitale, 17", "success": true, "source": null}
{"ts": "2025-12-13T22:00:54.347539+00:00", "resource": "0800161628", "index": 24, "total": 294, "address": "Ravenna, P.zza Anita Garibaldi, 0", "success": true, "source": null}
{"ts": "2025-12-13T22:00:54.348689+00:00", "resource": "0800161660", "index": 25, "total": 294, "address": "Ravenna, Via Cura, 0", "success": true, "source": null}
{"ts": "2025-12-13T22:00:54.351661+00:00", "resource": "0800161764", "index": 26, "total": 294, "address": "Ravenna, via G. Rossi, 51, 53", "success": true, "source": null}
{"ts": "2025-12-13T22:00:54.358703+00:00", "resource": "0800161769", "index": 27, "total": 294, "address": "Ravenna, via San Vitale, 5", "success": true, "source": null}
{"ts": "2025-12-13T22:00:54.362476+00:00", "resource": "0800161649", "index": 28, "total": 294, "address": "Ravenna, via Cavour, 54", "success": true, "source": null}
{"ts": "2025-12-13T22:00:54.364013+00:00", "resource": "0800161682", "index": 29, "total": 294, "address": "Ravenna, via Romolo Gessi, 20", "success": true, "source": null}
{"ts": "2025-12-13T22:00:54.365322+00:00", "resource": "0800161625", "index": 30, "total": 294, "address": "Ravenna, Via Anastagi, 19", "success": true, "source": null}
{"ts": "2025-12-13T22:00:54.367835+00:00", "resource": "0800161780", "index": 31, "total": 294, "address": "Ravenna, via Zagarelli Alle Mura, 32", "success": true, "source": null}
{"ts": "2025-12-13T22:00:54.370358+00:00", "resource": "0800266223", "index": 32, "total": 294, "address": "Ravenna, via Paolo Costa, 49", "success": true, "source": null}
{"ts": "2025-12-13T22:00:54.376153+00:00", "resource": "0800308266", "index": 33, "total": 294, "address": "Ravenna, Via Zignani, 44", "success": true, "source": null}
{"ts": "2025-12-13T22:00:54.378430+00:00", "resource": "0800161709", "index": 34, "total": 294, "address": "Ravenna, via G. Mazzini, 49, 51, 53, 55", "success": true, "source": null}
{"ts": "2025-12-13T22:00:54.379896+00:00", "resource": "0800319248-bene individuo", "index": 35, "total": 294, "address": "Ravenna, CLASSE, Via Romea, 0", "success": true, "source": null}
{"ts": "2025-12-13T22:00:54.381064+00:00", "resource": "0800161639", "index": 36, "total": 294, "address": "Ravenna, Via Baccarini", "success": true, "source": null}
{"ts": "2025-12-13T22:00:54.382404+00:00", "resource": "0800161767", "index": 37, "total": 294, "address": "Ravenna, Via G. Ghiselli, 32", "success": true, "source": null}
{"ts": "2025-12-13T22:00:54.384304+00:00", "resource": "0800161786", "index": 38, "total": 294, "address": "Ravenna, via Bagnolo Salara, 65", "success": true, "source": null}
{"ts": "2025-12-13T22:00:54.387119+00:00", "resource": "0800308999", "index": 39, "total": 294, "address": "Ravenna, vicolo Genocchi, 9", "success": true, "source": null}
{"ts": "2025-12-13T22:00:54.391822+00:00", "resource": "0800161766", "index": 40, "total": 294, "address": "Ravenna, Via G. Rossi, 6", "success": true, "source": null}
{"ts": "2025-12-13T22:00:54.395232+00:00", "resource": "0800266222", "index": 41, "total": 294, "address": "Ravenna, Via del Cimitero, 0", "success": true, "source": null}
{"ts": "2025-12-13T22:00:54.396314+00:00", "resource": "0800266240", "index": 42, "total": 294, "address": "Ravenna, PIANGIPANE, via Mezzoli, 45", "success": true, "source": null}
{"ts": "2025-12-13T22:00:54.397598+00:00", "resource": "0800161644", "index": 43, "total": 294, "address": "Ravenna, Via Battistero, 0, all'interno del giardino del Duomo fra via G. Rasponi e via R. Gessi", "success": true, "source": null}
{"ts": "2025-12-13T22:00:54.398617+00:00", "resource": "0800266233", "index": 44, "total": 294, "address": "Ravenna, Via Mura S. Vitale", "success": true, "source": null}
{"ts": "2025-12-13T22:00:54.400742+00:00", "resource": "0800161763", "index": 45, "total": 294, "address": "Ravenna, Via Girolamo Rossi, 0", "success": true, "source": null}
{"ts": "2025-12-13T22:00:54.403821+00:00", "resource": "0800161784", "index": 46, "total": 294, "address": "Ravenna, S.S. Adriatica, 16", "success": true, "source": null}
{"ts": "2025-12-13T22:00:54.406789+00:00", "resource": "0800161672", "index": 47, "total": 294, "address": "Ravenna, piazza Duomo, 3/ 2", "success": true, "source": null}
{"ts": "2025-12-13T22:00:54.410509+00:00", "resource": "0800161794", "index": 48, "total": 294, "address": "Ravenna, MADONNA DELL'ALBERO, Via Cella,0", "success": true, "source": null}
{"ts": "2025-12-13T22:00:54.411714+00:00", "resource": "0800161770", "index": 49, "total": 294, "address": "Ravenna", "success": true, "source": null}
{"ts": "2025-12-13T22:00:54.412722+00:00", "resource": "0800161713", "index": 50, "total": 294, "address": "Ravenna, Via Mazzini, 0", "success": true, "source": null}
{"ts": "2025-12-13T22:00:54.413847+00:00", "resource": "0800161676", "index": 51, "total": 294, "address": "Ravenna, Via Fiume Abbandonato, 0", "success": true, "source": null}
{"ts": "2025-12-13T22:00:54.414807+00:00", "resource": "0800161708", "index": 52, "total": 294, "address": "Ravenna, via G. Mazzini, 64", "success": true, "source": null}
{"ts": "2025-12-13T22:00:54.416321+00:00", "resource": "0800161619", "index": 53, "total": 294, "address": "Ravenna, Piazza S.Francesco, 0", "success": true, "source": null}
{"ts": "2025-12-13T22:00:54.419589+00:00", "resource": "0800161687", "index": 54, "total": 294, "address": "Ravenna, Via G. Guaccimanni, 0", "success": true, "source": null}
{"ts": "2025-12-13T22:00:54.422853+00:00", "resource": "0800161705", "index": 55, "total": 294, "address": "Ravenna, Via G. Mazzini, 42", "success": true, "source": null}
{"ts": "2025-12-13T22:00:54.425971+00:00", "resource": "0800161737", "index": 56, "total": 294, "address": "Ravenna, Via Di Roma, 67", "success": true, "source": null}
{"ts": "2025-12-13T22:00:54.428218+00:00", "resource": "0800161748", "index": 57, "total": 294, "address": "Italia, Emilia Romagna, RA, Ravenna", "success": true, "source": null}
{"ts": "2025-12-13T22:00:54.429202+00:00", "resource": "0800206008-bene individuo", "index": 58, "total": 294, "address": "", "success": false, "source": null}
{"ts": "2025-12-13T22:00:54.430267+00:00", "resource": "0800161733", "index": 59, "total": 294, "address": "Ravenna, via C. Ricci, 12,14 ,16,18", "success": true, "source": null}
{"ts": "2025-12-13T22:00:54.431258+00:00", "resource": "0800161661", "index": 60, "total": 294, "address": "Ravenna, Via Cura, 0", "success": true, "source": null}
{"ts": "2025-12-13T22:00:54.432301+00:00", "resource": "0800308274-bene individuo", "index": 61, "total": 294, "address": "Ravenna, SAN PIETRO IN TRENTO, Via Traversara, angolo via Bezzi, 67", "success": true, "source": null}
{"ts": "2025-12-13T22:00:54.434528+00:00", "resource": "0800161730", "index": 62, "total": 294, "address": "Ravenna, via IV Novembre, 45/ 43", "success": true, "source": null}
{"ts": "2025-12-13T22:00:54.440783+00:00", "resource": "0800161797", "index": 63, "total": 294, "address": "Ravenna, MARINA DI RAVENNA, via D'Allaggio, 53", "success": true, "source": null}
{"ts": "2025-12-13T22:00:54.445210+00:00", "resource": "0800308279", "index": 64, "total": 294, "address": "Ravenna, FOSSO GHIAIA, Via Fosso Ghiaia, 0, all'interno della pineta, parco primo maggio", "success": true, "source": null}
{"ts": "2025-12-13T22:00:54.446911+00:00", "resource": "0800266247", "index": 65, "total": 294, "address": "Ravenna, via Torri, 0", "success": true, "source": null}
{"ts": "2025-12-13T22:00:54.448552+00:00", "resource": "0800161690", "index": 66, "total": 294, "address": "Ravenna, via Guaccimanni, 27", "success": true, "source": null}
{"ts": "2025-12-13T22:00:54.451970+00:00", "resource": "0800161621", "index": 67, "total": 294, "address": "Ravenna, Piazza S.Francesco, 0", "success": true, "source": null}
{"ts": "2025-12-13T22:00:54.456762+00:00", "resource": "0800161633", "index": 68, "total": 294, "address": "Ravenna, Vicolo degli Ariani, 0", "success": true, "source": null}
{"ts": "2025-12-13T22:00:54.460506+00:00", "resource": "0800308254-bene componente", "index": 69, "total": 294, "address": "", "success": false, "source": null}
{"ts": "2025-12-13T22:00:54.461965+00:00", "resource": "0800161679", "index": 70, "total": 294, "address": "Ravenna, via Gamba, 3", "success": true, "source": null}
{"ts": "2025-12-13T22:00:54.463429+00:00", "resource": "0800308281", "index": 71, "total": 294, "address": "Ravenna, SAN PIETRO IN VINCOLI, Via Gambellara, 1", "success": true, "source": null}
{"ts": "2025-12-13T22:00:54.464842+00:00", "resource": "0800161799", "index": 72, "total": 294, "address": "Ravenna, Via Massa, 88", "success": true, "source": null}
{"ts": "2025-12-13T22:00:54.467208+00:00", "resource": "0800161683", "index": 73, "total": 294, "address": "Ravenna, via Romolo Gessi 0, via Mentana 33/35", "success": true, "source": null}
{"ts": "2025-12-13T22:00:54.470724+00:00", "resource": "0800161702", "index": 74, "total": 294, "address": "Ravenna, via Mariani, 7/ 9", "success": true, "source": null}
{"ts": "2025-12-13T22:00:54.476991+00:00", "resource": "0800308267", "index": 75, "total": 294, "address": "Ravenna, Via Zignani, 44", "success": true, "source": null}
{"ts": "2025-12-13T22:00:54.478127+00:00", "resource": "0800266232", "index": 76, "total": 294, "address": "Ravenna, via San Vitale, 28, 30", "success": true, "source": null}
{"ts": "2025-12-13T22:00:54.479191+00:00", "resource": "0800266229", "index": 77, "total": 294, "address": "Ravenna, Via S.Mama, 175, 177, 179", "success": true, "source": null}
{"ts": "2025-12-13T22:00:54.480214+00:00", "resource": "0800161658", "index": 78, "total": 294, "address": "Ravenna, via Paolo Costa, 8", "success": true, "source": null}
{"ts": "2025-12-13T22:00:54.481182+00:00", "resource": "0800161688", "index": 79, "total": 294, "address": "Ravenna, via Guaccimanni, 62", "success": true, "source": null}
{"ts": "2025-12-13T22:00:54.482158+00:00", "resource": "0800161699", "index": 80, "total": 294, "address": "Ravenna, Via A. Mariani, 21", "success": true, "source": null}
{"ts": "2025-12-13T22:00:54.484292+00:00", "resource": "0800161714", "index": 81, "total": 294, "address": "Ravenna, Via Mazzini, 0", "success": true, "source": null}
{"ts": "2025-12-13T22:00:54.491600+00:00", "resource": "0800319221-bene componente", "index": 82, "total": 294, "address": "", "success": false, "source": null}
{"ts": "2025-12-13T22:00:54.495686+00:00", "resource": "0800266238", "index": 83, "total": 294, "address": "Ravenna, PIANGIPANE, via Braccesca, 44", "success": true, "source": null}
{"ts": "2025-12-13T22:00:54.497036+00:00", "resource": "0800161662", "index": 84, "total": 294, "address": "Ravenna, Via Cura, 0", "success": true, "source": null}
{"ts": "2025-12-13T22:00:54.498457+00:00", "resource": "0800206008", "index": 85, "total": 294, "address": "Ravenna, via Mariani, 0", "success": true, "source": null}
{"ts": "2025-12-13T22:00:54.499751+00:00", "resource": "0800161654", "index": 86, "total": 294, "address": "Ravenna, via P. Costa, 1, via XIII Giugno, 15 /17", "success": true, "source": null}
{"ts": "2025-12-13T22:00:54.507612+00:00", "resource": "0800161796", "index": 87, "total": 294, "address": "Ravenna, MADONNA DELL'ALBERO, via Ravegnana, 479", "success": true, "source": null}
{"ts": "2025-12-13T22:00:54.509928+00:00", "resource": "0800161632", "index": 88, "total": 294, "address": "Emilia-Romagna, RA, Ravenna", "success": true, "source": null}
{"ts": "2025-12-13T22:00:54.513547+00:00", "resource": "0800161706", "index": 89, "total": 294, "address": "Ravenna, via Mazzini, 30/ 32/ 34", "success": true, "source": null}
{"ts": "2025-12-13T22:00:54.514709+00:00", "resource": "0800161775", "index": 90, "total": 294, "address": "Ravenna, Via Tombesi Dall'Ova, 14", "success": true, "source": null}
{"ts": "2025-12-13T22:00:54.519181+00:00", "resource": "0800266235", "index": 91, "total": 294, "address": "Ravenna, COCCOLIA, via Ravegnana, 731", "success": true, "source": null}
{"ts": "2025-12-13T22:00:54.524445+00:00", "resource": "0800161635", "index": 92, "total": 294, "address": "Ravenna, Via Bastione, 0", "success": true, "source": null}
{"ts": "2025-12-13T22:00:54.527709+00:00", "resource": "0800161759", "index": 93, "total": 294, "address": "Ravenna, via N. Rondinelli, 4, 6", "success": true, "source": null}
{"ts": "2025-12-13T22:00:54.529160+00:00", "resource": "0800161618", "index": 94, "total": 294, "address": "Ravenna, Via G. da Polenta, 0", "success": true, "source": null}
{"ts": "2025-12-13T22:00:54.530172+00:00", "resource": "0800308254", "index": 95, "total": 294, "address": "Ravenna, Via Pietro Alighieri, 4", "success": true, "source": null}
{"ts": "2025-12-13T22:00:54.531119+00:00", "resource": "0800161747", "index": 96, "total": 294, "address": "Ravenna, Via Di Roma, 0", "success": true, "source": null}
{"ts": "2025-12-13T22:00:54.532161+00:00", "resource": "0800161738", "index": 97, "total": 294, "address": "Ravenna, via di Roma, 108", "success": true, "source": null}
{"ts": "2025-12-13T22:00:54.533770+00:00", "resource": "0800161626", "index": 98, "total": 294, "address": "Ravenna, P.zza Anita Garibaldi, 0", "success": true, "source": null}
{"ts": "2025-12-13T22:00:54.537609+00:00", "resource": "0800266221", "index": 99, "total": 294, "address": "Ravenna, via C. Cattaneo, 34", "success": true, "source": null}
{"ts": "2025-12-13T22:00:54.543967+00:00", "resource": "0800161807", "index": 100, "total": 294, "address": "Ravenna, Via Sale, 102", "success": true, "source": null}
{"ts": "2025-12-13T22:00:54.545491+00:00", "resource": "0800161809", "index": 101, "total": 294, "address": "Ravenna, SAN PIETRO IN TRENTO, via Alturie, 30", "success": true, "source": null}
{"ts": "2025-12-13T22:00:54.546822+00:00", "resource": "0800161743", "index": 102, "total": 294, "address": "Ravenna, Via Di Roma, 13", "success": true, "source": null}
{"ts": "2025-12-13T22:00:54.547855+00:00", "resource": "0800161772", "index": 103, "total": 294, "address": "Ravenna, Via S.Vitale, 17", "success": true, "source": null}
{"ts": "2025-12-13T22:00:54.549164+00:00", "resource": "0800309000", "index": 104, "total": 294, "address": "Ravenna, RAVENNA, via Alberoni, 12", "success": true, "source": null}
{"ts": "2025-12-13T22:00:54.551740+00:00", "resource": "0800161782", "index": 105, "total": 294, "address": "Ravenna, via Zirardini, 14", "success": true, "source": null}
{"ts": "2025-12-13T22:00:54.553991+00:00", "resource": "0800266254", "index": 106, "total": 294, "address": "Ravenna, via Montecatini, 3", "success": true, "source": null}
{"ts": "2025-12-13T22:00:54.558923+00:00", "resource": "0800161746", "index": 107, "total": 294, "address": "Italia, Emilia Romagna, RA, Ravenna", "success": true, "source": null}
{"ts": "2025-12-13T22:00:54.561018+00:00", "resource": "0800161777", "index": 108, "total": 294, "address": "Ravenna, via XIII Giugno, 0", "success": true, "source": null}
{"ts": "2025-12-13T22:00:54.561986+00:00", "resource": "0800161648", "index": 109, "total": 294, "address": "Ravenna, Via Castel S. Pietro, 0", "success": true, "source": null}
{"ts": "2025-12-13T22:00:54.562976+00:00", "resource": "0800308268", "index": 110, "total": 294, "address": "Ravenna, Via Zignani, 44", "success": true, "source": null}
{"ts": "2025-12-13T22:00:54.563971+00:00", "resource": "0800161677", "index": 111, "total": 294, "address": "Ravenna, Via Galla Placidia, 0", "success": true, "source": null}
{"ts": "2025-12-13T22:00:54.565181+00:00", "resource": "0800161698", "index": 112, "total": 294, "address": "Ravenna, via Mariani, 5", "success": true, "source": null}
{"ts": "2025-12-13T22:00:54.567167+00:00", "resource": "0800161703", "index": 113, "total": 294, "address": "Ravenna, Via A. Mariani, 46", "success": true, "source": null}
{"ts": "2025-12-13T22:00:54.569696+00:00", "resource": "0800161685", "index": 114, "total": 294, "address": "Ravenna, via Guaccimanni, 40/ 40A/ 42", "success": true, "source": null}
{"ts": "2025-12-13T22:00:54.573160+00:00", "resource": "0800161655", "index": 115, "total": 294, "address": "Ravenna, via Paolo Costa, 22/ 24", "success": true, "source": null}
{"ts": "2025-12-13T22:00:54.577130+00:00", "resource": "0800266231", "index": 116, "total": 294, "address": "Ravenna, via San Vitale, 21", "success": true, "source": null}
{"ts": "2025-12-13T22:00:54.578210+00:00", "resource": "0800161726", "index": 117, "total": 294, "address": "Ravenna, Via Oberdan, 6", "success": true, "source": null}
{"ts": "2025-12-13T22:00:54.579175+00:00", "resource": "0800161643", "index": 118, "total": 294, "address": "Ravenna, Via Battistero, 0", "success": true, "source": null}
{"ts": "2025-12-13T22:00:54.580150+00:00", "resource": "0800161781", "index": 119, "total": 294, "address": "Ravenna, via Zagarelli alle Mura, 2/a", "success": true, "source": null}
{"ts": "2025-12-13T22:00:54.581105+00:00", "resource": "0800308253", "index": 120, "total": 294, "address": "Ravenna, Via Pietro Alighieri, 6 - 8", "success": true, "source": null}
{"ts": "2025-12-13T22:00:54.582057+00:00", "resource": "0800308257-bene componente", "index": 121, "total": 294, "address": "Ravenna, Via Guaccimanni, 0", "success": true, "source": null}
{"ts": "2025-12-13T22:00:54.584516+00:00", "resource": "0800161804", "index": 122, "total": 294, "address": "Ravenna, via Nigrisoli, 62", "success": true, "source": null}
{"ts": "2025-12-13T22:00:54.587579+00:00", "resource": "0800161795", "index": 123, "total": 294, "address": "Ravenna, Via Argine destrofiume Ronco, 0", "success": true, "source": null}
{"ts": "2025-12-13T22:00:54.591586+00:00", "resource": "0800161631", "index": 124, "total": 294, "address": "Ravenna, P.zza Arcivescovado, 1", "success": true, "source": null}
{"ts": "2025-12-13T22:00:54.594918+00:00", "resource": "0800266237", "index": 125, "total": 294, "address": "Ravenna, MARINA DI RAVENNA, via d'Allaggio", "success": true, "source": null}
{"ts": "2025-12-13T22:00:54.595943+00:00", "resource": "0800161664", "index": 126, "total": 294, "address": "Ravenna, via Massimo d'Azeglio, 10/ 12", "success": true, "source": null}
{"ts": "2025-12-13T22:00:54.597028+00:00", "resource": "0800161772-bene componente", "index": 127, "total": 294, "address": "", "success": false, "source": null}
{"ts": "2025-12-13T22:00:54.598181+00:00", "resource": "0800161622-bene componente", "index": 128, "total": 294, "address": "", "success": false, "source": null}
{"ts": "2025-12-13T22:00:54.599417+00:00", "resource": "0800161805", "index": 129, "total": 294, "address": "Ravenna, via Argine sinistro del Montone, 149", "success": true, "source": null}
{"ts": "2025-12-13T22:00:54.601973+00:00", "resource": "0800161689", "index": 130, "total": 294, "address": "Ravenna, Via Guaccimanni, 29", "success": true, "source": null}
{"ts": "2025-12-13T22:00:54.605255+00:00", "resource": "0800161755", "index": 131, "total": 294, "address": "Ravenna, Via Di Roma, 116", "success": true, "source": null}
{"ts": "2025-12-13T22:00:54.611187+00:00", "resource": "0800266224", "index": 132, "total": 294, "address": "Ravenna, Via Guido Da Polenta, 4", "success": true, "source": null}
{"ts": "2025-12-13T22:00:54.612478+00:00", "resource": "0800161779", "index": 133, "total": 294, "address": "Ravenna, piazza XX Settembre, 5", "success": true, "source": null}
{"ts": "2025-12-13T22:00:54.613662+00:00", "resource": "0800308248", "index": 134, "total": 294, "address": "Ravenna, Via di Classe Fuori, 0", "success": true, "source": null}
{"ts": "2025-12-13T22:00:54.614702+00:00", "resource": "0800161650", "index": 135, "total": 294, "address": "Ravenna, via Cavour, 10", "success": true, "source": null}
{"ts": "2025-12-13T22:00:54.615764+00:00", "resource": "0800308272", "index": 136, "total": 294, "address": "Ravenna, Via Del Borgo, 1", "success": true, "source": null}
{"ts": "2025-12-13T22:00:54.618489+00:00", "resource": "0800161813", "index": 137, "total": 294, "address": "Ravenna, via di Roma, 0", "success": true, "source": null}
{"ts": "2025-12-13T22:00:54.621522+00:00", "resource": "0800161732", "index": 138, "total": 294, "address": "Ravenna, Via C. Ricci, 0", "success": true, "source": null}
{"ts": "2025-12-13T22:00:54.627211+00:00", "resource": "0800161657", "index": 139, "total": 294, "address": "Ravenna, Ponte Marino, 2", "success": true, "source": null}
{"ts": "2025-12-13T22:00:54.628758+00:00", "resource": "0800161744", "index": 140, "total": 294, "address": "Ravenna, Via Di Roma, 0", "success": true, "source": null}
{"ts": "2025-12-13T22:00:54.630182+00:00", "resource": "0800161624", "index": 141, "total": 294, "address": "Ravenna, Via Pietro Alighieri, 4, 6, 8", "success": true, "source": null}
{"ts": "2025-12-13T22:00:54.631204+00:00", "resource": "0800161754", "index": 142, "total": 294, "address": "Ravenna, Via Di Roma, 68", "success": true, "source": null}
{"ts": "2025-12-13T22:00:54.632222+00:00", "resource": "0800161634", "index": 143, "total": 294, "address": "Ravenna, piazzetta degli Ariani, 0", "success": true, "source": null}
{"ts": "2025-12-13T22:00:54.633984+00:00", "resource": "0800161725", "index": 144, "total": 294, "address": "Ravenna, P.zza Duomo, 4", "success": true, "source": null}
{"ts": "2025-12-13T22:00:54.637609+00:00", "resource": "0800161776", "index": 145, "total": 294, "address": "Ravenna, via XIII Giugno, 8", "success": true, "source": null}
{"ts": "2025-12-13T22:00:54.643102+00:00", "resource": "0800161751", "index": 146, "total": 294, "address": "Ravenna, via di Roma, 202", "success": true, "source": null}
{"ts": "2025-12-13T22:00:54.644916+00:00", "resource": "0800319232", "index": 147, "total": 294, "address": "Ravenna, Piazza del Popolo, 23", "success": true, "source": null}
{"ts": "2025-12-13T22:00:54.645923+00:00", "resource": "0800161723", "index": 148, "total": 294, "address": "Ravenna, Via Monti, 0", "success": true, "source": null}
{"ts": "2025-12-13T22:00:54.646908+00:00", "resource": "0800319246-bene individuo", "index": 149, "total": 294, "address": "Ravenna, Piazza del Popolo, 0", "success": true, "source": null}
{"ts": "2025-12-13T22:00:54.648135+00:00", "resource": "0800308256-bene componente", "index": 150, "total": 294, "address": "Ravenna, Via Guaccimanni, 44", "success": true, "source": null}
{"ts": "2025-12-13T22:00:54.649143+00:00", "resource": "0800161760", "index": 151, "total": 294, "address": "Ravenna, via Rondinelli, 0", "success": true, "source": null}
{"ts": "2025-12-13T22:00:54.652993+00:00", "resource": "0800161728", "index": 152, "total": 294, "address": "Ravenna, via XIII Giugno, 2/ 4, piazza del Popolo", "success": true, "source": null}
{"ts": "2025-12-13T22:00:54.657426+00:00", "resource": "0800161668", "index": 153, "total": 294, "address": "Ravenna, Via M. Dente, 0", "success": true, "source": null}
{"ts": "2025-12-13T22:00:54.660747+00:00", "resource": "0800161691", "index": 154, "total": 294, "address": "Ravenna, via Guaccimanni, 54", "success": true, "source": null}
{"ts": "2025-12-13T22:00:54.661811+00:00", "resource": "0800161802", "index": 155, "total": 294, "address": "Ravenna, CASALBORSETTI", "success": true, "source": null}
{"ts": "2025-12-13T22:00:54.662910+00:00", "resource": "0800161695", "index": 156, "total": 294, "address": "Ravenna, Piazza Kennedy, 0", "success": true, "source": null}
{"ts": "2025-12-13T22:00:54.663875+00:00", "resource": "0800308271", "index": 157, "total": 294, "address": "Ravenna, MANDRIOLE, Via Mandriole, 122", "success": true, "source": null}
{"ts": "2025-12-13T22:00:54.664877+00:00", "resource": "0800161765", "index": 158, "total": 294, "address": "Ravenna, Via G. Rossi, 2", "success": true, "source": null}
{"ts": "2025-12-13T22:00:54.666634+00:00", "resource": "0800161640", "index": 159, "total": 294, "address": "Ravenna, Via C.B. Barbiani,0", "success": true, "source": null}
{"ts": "2025-12-13T22:00:54.669257+00:00", "resource": "0800161696", "index": 160, "total": 294, "address": "Ravenna, P.zza Mameli, 0", "success": true, "source": null}
{"ts": "2025-12-13T22:00:54.671548+00:00", "resource": "0800161680", "index": 161, "total": 294, "address": "Ravenna, via Romolo Gessi, 18", "success": true, "source": null}
{"ts": "2025-12-13T22:00:54.675248+00:00", "resource": "0800161740", "index": 162, "total": 294, "address": "Ravenna, via di Roma, 69", "success": true, "source": null}
{"ts": "2025-12-13T22:00:54.678135+00:00", "resource": "0800161798", "index": 163, "total": 294, "address": "Ravenna, Via Chiesa, 1", "success": true, "source": null}
{"ts": "2025-12-13T22:00:54.679194+00:00", "resource": "0800161711", "index": 164, "total": 294, "address": "Ravenna, via G. Mazzini, 65", "success": true, "source": null}
{"ts": "2025-12-13T22:00:54.680206+00:00", "resource": "0800161670", "index": 165, "total": 294, "address": "Ravenna, Via A. Diaz, 4, 6 , 8", "success": true, "source": null}
{"ts": "2025-12-13T22:00:54.681149+00:00", "resource": "0800161701", "index": 166, "total": 294, "address": "Ravenna, Via Mariani, 26", "success": true, "source": null}
{"ts": "2025-12-13T22:00:54.682303+00:00", "resource": "0800161645", "index": 167, "total": 294, "address": "Ravenna, via Cairoli, 10/ 12/16", "success": true, "source": null}
{"ts": "2025-12-13T22:00:54.684557+00:00", "resource": "0800161692", "index": 168, "total": 294, "address": "Ravenna, via Guerrini, 11", "success": true, "source": null}
{"ts": "2025-12-13T22:00:54.687826+00:00", "resource": "0800319233", "index": 169, "total": 294, "address": "Ravenna, via Galla Placidia, 0", "success": true, "source": null}
{"ts": "2025-12-13T22:00:54.691167+00:00", "resource": "0800161787", "index": 170, "total": 294, "address": "Ravenna, via Strada Provinciale Bagnolo, 0", "success": true, "source": null}
{"ts": "2025-12-13T22:00:54.694366+00:00", "resource": "0800161757-bene componente", "index": 171, "total": 294, "address": "", "success": false, "source": null}
{"ts": "2025-12-13T22:00:54.695456+00:00", "resource": "0800266242", "index": 172, "total": 294, "address": "Ravenna, SAN BARTOLO, via Argine Destro Ronco, 98", "success": true, "source": null}
{"ts": "2025-12-13T22:00:54.696533+00:00", "resource": "0800308275", "index": 173, "total": 294, "address": "Ravenna, SANTO STEFANO - CARRAIE, via Cella, 0, Carraia Ginanni", "success": true, "source": null}
{"ts": "2025-12-13T22:00:54.697546+00:00", "resource": "0800319247-bene individuo", "index": 174, "total": 294, "address": "Ravenna, via Nino Bixio, 23", "success": true, "source": null}
{"ts": "2025-12-13T22:00:54.698681+00:00", "resource": "0800161761", "index": 175, "total": 294, "address": "Ravenna, Via Girolamo Rossi, 0", "success": true, "source": null}
{"ts": "2025-12-13T22:00:54.700683+00:00", "resource": "0800319300", "index": 176, "total": 294, "address": "Ravenna, Piazza del popolo, 0", "success": true, "source": null}
{"ts": "2025-12-13T22:00:54.703395+00:00", "resource": "0800161637", "index": 177, "total": 294, "address": "Ravenna", "success": true, "source": null}
{"ts": "2025-12-13T22:00:54.705342+00:00", "resource": "0800161669", "index": 178, "total": 294, "address": "Ravenna, Via Tombesi Dall'Ova, 0", "success": true, "source": null}
{"ts": "2025-12-13T22:00:54.709249+00:00", "resource": "0800161642", "index": 179, "total": 294, "address": "Ravenna, P.zza Duomo, 0", "success": true, "source": null}
{"ts": "2025-12-13T22:00:54.711305+00:00", "resource": "0800161758", "index": 180, "total": 294, "address": "Ravenna, via di Roma, 0", "success": true, "source": null}
{"ts": "2025-12-13T22:00:54.712274+00:00", "resource": "0800161726-bene complesso", "index": 181, "total": 294, "address": "", "success": false, "source": null}
{"ts": "2025-12-13T22:00:54.713278+00:00", "resource": "0800308262", "index": 182, "total": 294, "address": "Ravenna, SAN ZACCARIA, Via Dismano, 0", "success": true, "source": null}
{"ts": "2025-12-13T22:00:54.714313+00:00", "resource": "0800161684", "index": 183, "total": 294, "address": "Emilia-Romagna, RA, Ravenna", "success": true, "source": null}
{"ts": "2025-12-13T22:00:54.715296+00:00", "resource": "0800161736", "index": 184, "total": 294, "address": "Ravenna, Via Di Roma, 102", "success": true, "source": null}
{"ts": "2025-12-13T22:00:54.717511+00:00", "resource": "0800161742", "index": 185, "total": 294, "address": "Ravenna, Via Di Roma, 0", "success": true, "source": null}
{"ts": "2025-12-13T22:00:54.720667+00:00", "resource": "0800161719", "index": 186, "total": 294, "address": "Ravenna, Via G. Mazzini, 44", "success": true, "source": null}
{"ts": "2025-12-13T22:00:54.723397+00:00", "resource": "0800266230", "index": 187, "total": 294, "address": "Ravenna, via San Vitale, 34, 36,38, 40, 42, via M. Fanti, 19", "success": true, "source": null}
{"ts": "2025-12-13T22:00:54.727316+00:00", "resource": "0800319236", "index": 188, "total": 294, "address": "Ravenna, via Castello, 74", "success": true, "source": null}
{"ts": "2025-12-13T22:00:54.728779+00:00", "resource": "0800266245", "index": 189, "total": 294, "address": "Ravenna, SAN PIETRO IN VINCOLI", "success": true, "source": null}
{"ts": "2025-12-13T22:00:54.729814+00:00", "resource": "0800161624-bene complesso", "index": 190, "total": 294, "address": "", "success": false, "source": null}
{"ts": "2025-12-13T22:00:54.731027+00:00", "resource": "0800161620", "index": 191, "total": 294, "address": "Ravenna, Piazza S.Francesco, 0", "success": true, "source": null}
{"ts": "2025-12-13T22:00:54.732323+00:00", "resource": "0800161619-bene complesso", "index": 192, "total": 294, "address": "", "success": false, "source": null}
{"ts": "2025-12-13T22:00:54.735135+00:00", "resource": "0800266239", "index": 193, "total": 294, "address": "Ravenna, PIANGIPANE, via Galassa, 10", "success": true, "source": null}
{"ts": "2025-12-13T22:00:54.738170+00:00", "resource": "0800161803", "index": 194, "total": 294, "address": "Ravenna, Via O. Guerrini", "success": true, "source": null}
{"ts": "2025-12-13T22:00:54.743686+00:00", "resource": "0800308264-bene individuo", "index": 195, "total": 294, "address": "Ravenna, Via Trava, 2", "success": true, "source": null}
{"ts": "2025-12-13T22:00:54.744893+00:00", "resource": "0800161716", "index": 196, "total": 294, "address": "Ravenna, Via Mazzini, 0", "success": true, "source": null}
{"ts": "2025-12-13T22:00:54.746278+00:00", "resource": "0800161638", "index": 197, "total": 294, "address": "Ravenna", "success": true, "source": null}
{"ts": "2025-12-13T22:00:54.747582+00:00", "resource": "0800161663", "index": 198, "total": 294, "address": "Ravenna, via Massimo d'Azeglio, 2", "success": true, "source": null}
{"ts": "2025-12-13T22:00:54.749048+00:00", "resource": "0800308270", "index": 199, "total": 294, "address": "Ravenna, CAMERLONA, Via S. Egidio, 0", "success": true, "source": null}
{"ts": "2025-12-13T22:00:54.750915+00:00", "resource": "0800266226", "index": 200, "total": 294, "address": "Ravenna, via Pasolini, 9", "success": true, "source": null}
{"ts": "2025-12-13T22:00:54.753087+00:00", "resource": "0800161792", "index": 201, "total": 294, "address": "Ravenna, GHIBULLO, via Ravegnana, 655", "success": true, "source": null}
{"ts": "2025-12-13T22:00:54.757085+00:00", "resource": "0800319300-bene componente", "index": 202, "total": 294, "address": "", "success": false, "source": null}
{"ts": "2025-12-13T22:00:54.761269+00:00", "resource": "0800308263", "index": 203, "total": 294, "address": "Ravenna, fraz. Gambellara, Via Gambellara, 79", "success": true, "source": null}
{"ts": "2025-12-13T22:00:54.762319+00:00", "resource": "0800161700", "index": 204, "total": 294, "address": "Ravenna, Via Mariani, 24", "success": true, "source": null}
{"ts": "2025-12-13T22:00:54.763267+00:00", "resource": "0800266241", "index": 205, "total": 294, "address": "Ravenna, via Baiona, 0", "success": true, "source": null}
{"ts": "2025-12-13T22:00:54.764354+00:00", "resource": "0800266236", "index": 206, "total": 294, "address": "Ravenna, MANDRIOLE, strada Comunale", "success": true, "source": null}
{"ts": "2025-12-13T22:00:54.765421+00:00", "resource": "0800161811", "index": 207, "total": 294, "address": "Ravenna, SANTERNO, via Palazza, 0", "success": true, "source": null}
{"ts": "2025-12-13T22:00:54.767350+00:00", "resource": "0800266220", "index": 208, "total": 294, "address": "Ravenna, via Carlo Cattaneo, 22", "success": true, "source": null}
{"ts": "2025-12-13T22:00:54.770421+00:00", "resource": "0800161644-bene individuo", "index": 209, "total": 294, "address": "", "success": false, "source": null}
{"ts": "2025-12-13T22:00:54.773355+00:00", "resource": "0800161694", "index": 210, "total": 294, "address": "Ravenna, via delle Industrie, 0", "success": true, "source": null}
{"ts": "2025-12-13T22:00:54.778249+00:00", "resource": "0800161762", "index": 211, "total": 294, "address": "Ravenna, Via Girolamo Rossi, 0", "success": true, "source": null}
{"ts": "2025-12-13T22:00:54.779557+00:00", "resource": "0800161771", "index": 212, "total": 294, "address": "Ravenna, Via S.Vitale, 17", "success": true, "source": null}
{"ts": "2025-12-13T22:00:54.780968+00:00", "resource": "0800308265-bene individuo", "index": 213, "total": 294, "address": "Ravenna, RONCALCECI, Via Babini, 246", "success": true, "source": null}
{"ts": "2025-12-13T22:00:54.781990+00:00", "resource": "0800161665", "index": 214, "total": 294, "address": "Ravenna, via Massimo d'Azeglio, 38", "success": true, "source": null}
{"ts": "2025-12-13T22:00:54.785045+00:00", "resource": "0800161630", "index": 215, "total": 294, "address": "Ravenna, P.zza Arcivescovado, 1", "success": true, "source": null}
{"ts": "2025-12-13T22:00:54.790187+00:00", "resource": "0800161681", "index": 216, "total": 294, "address": "Ravenna, via Romolo Gessi, 14/ 16", "success": true, "source": null}
{"ts": "2025-12-13T22:00:54.794421+00:00", "resource": "0800319231", "index": 217, "total": 294, "address": "Ravenna, via Diaz, 2", "success": true, "source": null}
{"ts": "2025-12-13T22:00:54.796034+00:00", "resource": "0800161741", "index": 218, "total": 294, "address": "Ravenna, Via Di Roma, 0", "success": true, "source": null}
{"ts": "2025-12-13T22:00:54.797531+00:00", "resource": "0800161686", "index": 219, "total": 294, "address": "Ravenna, via Guaccimanni, 11", "success": true, "source": null}
{"ts": "2025-12-13T22:00:54.798633+00:00", "resource": "0800308269", "index": 220, "total": 294, "address": "Ravenna, FILETTO, Via Roncalcesi, 0, 1,4 Km. dall'incrocio con via Nuova", "success": true, "source": null}
{"ts": "2025-12-13T22:00:54.802466+00:00", "resource": "0800161810", "index": 221, "total": 294, "address": "Ravenna, SANTO STEFANO - CARRAIE, via Cella, 0, Carraia Ginanni", "success": true, "source": null}
{"ts": "2025-12-13T22:00:54.805695+00:00", "resource": "0800308261", "index": 222, "total": 294, "address": "Ravenna, SAN ZACCARIA, Via Dismano, 663", "success": true, "source": null}
{"ts": "2025-12-13T22:00:54.810897+00:00", "resource": "0800266219", "index": 223, "total": 294, "address": "Ravenna, via Canale Molinetto, 90/ 92", "success": true, "source": null}
{"ts": "2025-12-13T22:00:54.812136+00:00", "resource": "0800266244", "index": 224, "total": 294, "address": "Ravenna, SAVARNA, via Basilica, 158", "success": true, "source": null}
{"ts": "2025-12-13T22:00:54.813183+00:00", "resource": "0800161739", "index": 225, "total": 294, "address": "Ravenna, via di Roma, 118", "success": true, "source": null}
{"ts": "2025-12-13T22:00:54.814554+00:00", "resource": "0800161659", "index": 226, "total": 294, "address": "Ravenna, via Paola Costa, 7", "success": true, "source": null}
{"ts": "2025-12-13T22:00:54.815860+00:00", "resource": "0800161651", "index": 227, "total": 294, "address": "Ravenna, Via Cavour, 0", "success": true, "source": null}
{"ts": "2025-12-13T22:00:54.817529+00:00", "resource": "0800161806", "index": 228, "total": 294, "address": "Ravenna, Strada Provinciale Faentina, 362", "success": true, "source": null}
{"ts": "2025-12-13T22:00:54.820254+00:00", "resource": "0800161731", "index": 229, "total": 294, "address": "Ravenna, via C. Ricci, 20,22 ,24", "success": true, "source": null}
{"ts": "2025-12-13T22:00:54.825028+00:00", "resource": "0800161729", "index": 230, "total": 294, "address": "Ravenna, Via Porta Gaza, 0", "success": true, "source": null}
{"ts": "2025-12-13T22:00:54.828024+00:00", "resource": "0800319340-bene individuo", "index": 231, "total": 294, "address": "Ravenna, Piazza Kennedy, 14,15,16,17", "success": true, "source": null}
{"ts": "2025-12-13T22:00:54.829151+00:00", "resource": "0800161674", "index": 232, "total": 294, "address": "Ravenna, P.zza Duomo", "success": true, "source": null}
{"ts": "2025-12-13T22:00:54.830155+00:00", "resource": "0800161778", "index": 233, "total": 294, "address": "Ravenna, via XIII Giugno, 3", "success": true, "source": null}
{"ts": "2025-12-13T22:00:54.831220+00:00", "resource": "0800161710", "index": 234, "total": 294, "address": "Ravenna, Via Mazzini, 7", "success": true, "source": null}
{"ts": "2025-12-13T22:00:54.832167+00:00", "resource": "0800161715", "index": 235, "total": 294, "address": "Ravenna, Via Mazzini,0", "success": true, "source": null}
{"ts": "2025-12-13T22:00:54.835010+00:00", "resource": "0800308253-bene componente", "index": 236, "total": 294, "address": "", "success": false, "source": null}
{"ts": "2025-12-13T22:00:54.837687+00:00", "resource": "0800161641", "index": 237, "total": 294, "address": "Ravenna, P.zza Duomo, 0", "success": true, "source": null}
{"ts": "2025-12-13T22:00:54.844232+00:00", "resource": "0800161707", "index": 238, "total": 294, "address": "Ravenna, via Mazzini, 72", "success": true, "source": null}
{"ts": "2025-12-13T22:00:54.845616+00:00", "resource": "0800319234", "index": 239, "total": 294, "address": "Ravenna, FILETTO, via Roncalceci, 195", "success": true, "source": null}
{"ts": "2025-12-13T22:00:54.847017+00:00", "resource": "0800161717", "index": 240, "total": 294, "address": "Ravenna, via Mazzini, 76/ 78", "success": true, "source": null}
{"ts": "2025-12-13T22:00:54.848118+00:00", "resource": "0800266228", "index": 241, "total": 294, "address": "Ravenna, via Salara, 33/ 31", "success": true, "source": null}
{"ts": "2025-12-13T22:00:54.849670+00:00", "resource": "0800308999-bene individuo", "index": 242, "total": 294, "address": "", "success": false, "source": null}
{"ts": "2025-12-13T22:00:54.852724+00:00", "resource": "0800161771-bene componente", "index": 243, "total": 294, "address": "", "success": false, "source": null}
{"ts": "2025-12-13T22:00:54.857281+00:00", "resource": "0800161678", "index": 244, "total": 294, "address": "Ravenna, Via Galla Placidia, 0", "success": true, "source": null}
{"ts": "2025-12-13T22:00:54.861092+00:00", "resource": "0800161724", "index": 245, "total": 294, "address": "Ravenna, Via Morigia, 1", "success": true, "source": null}
{"ts": "2025-12-13T22:00:54.862169+00:00", "resource": "0800266227", "index": 246, "total": 294, "address": "Ravenna, piazzetta degli Ariani, 0", "success": true, "source": null}
{"ts": "2025-12-13T22:00:54.863216+00:00", "resource": "0800319235", "index": 247, "total": 294, "address": "Ravenna, via Barleti, 5, 7, 9", "success": true, "source": null}
{"ts": "2025-12-13T22:00:54.864321+00:00", "resource": "0800161788", "index": 248, "total": 294, "address": "Ravenna, via Dismano, 749/ 747", "success": true, "source": null}
{"ts": "2025-12-13T22:00:54.866720+00:00", "resource": "0800161734", "index": 249, "total": 294, "address": "Ravenna, via Rocca di Brancaleone, 0", "success": true, "source": null}
{"ts": "2025-12-13T22:00:54.870956+00:00", "resource": "0800161623", "index": 250, "total": 294, "address": "Ravenna, via Dante Alighieri, 2,4(P ),6", "success": true, "source": null}
{"ts": "2025-12-13T22:00:54.876013+00:00", "resource": "0800308276", "index": 251, "total": 294, "address": "Ravenna, SANTO STEFANO - CARRAIE, via Cella, 0, Carraia Ginanni", "success": true, "source": null}
{"ts": "2025-12-13T22:00:54.878220+00:00", "resource": "0800309001", "index": 252, "total": 294, "address": "Ravenna, vicolo Capannetti, 5", "success": true, "source": null}
{"ts": "2025-12-13T22:00:55.991867+00:00", "resource": "0800161800", "index": 253, "total": 294, "address": "Ravenna, strada comunale Carrarone Chiesa, 0", "success": false, "source": null}
{"ts": "2025-12-13T22:00:55.993097+00:00", "resource": "0800161808", "index": 254, "total": 294, "address": "Ravenna, SAN PIETRO IN TRENTO, via Ramona, 55", "success": true, "source": null}
{"ts": "2025-12-13T22:00:55.995015+00:00", "resource": "0800161627", "index": 255, "total": 294, "address": "Ravenna, P.zza Anita Garibaldi, 0", "success": true, "source": null}
{"ts": "2025-12-13T22:00:55.997198+00:00", "resource": "0800308277-bene componente", "index": 256, "total": 294, "address": "Ravenna, SANTO STEFANO - CARRAIE, via Cella, 0, Carraia Ginanni", "success": true, "source": null}
{"ts": "2025-12-13T22:00:56.001484+00:00", "resource": "0800161673", "index": 257, "total": 294, "address": "Ravenna, P.zza Duomo, 0", "success": true, "source": null}
{"ts": "2025-12-13T22:00:56.009800+00:00", "resource": "0800161756", "index": 258, "total": 294, "address": "Ravenna, via di Roma, 0", "success": true, "source": null}
{"ts": "2025-12-13T22:00:56.013234+00:00", "resource": "0800161720", "index": 259, "total": 294, "address": "Ravenna, Via Mazzini, 57", "success": true, "source": null}
{"ts": "2025-12-13T22:00:56.015871+00:00", "resource": "0800161675", "index": 260, "total": 294, "address": "Ravenna, via Ercolana, 29/ 31/ 33", "success": true, "source": null}
{"ts": "2025-12-13T22:00:56.024636+00:00", "resource": "0800161712", "index": 261, "total": 294, "address": "Ravenna, via G. Mazzini, 84", "success": true, "source": null}
{"ts": "2025-12-13T22:00:56.028402+00:00", "resource": "0800161623-bene componente", "index": 262, "total": 294, "address": "", "success": false, "source": null}
{"ts": "2025-12-13T22:00:56.030292+00:00", "resource": "0800308273-bene individuo", "index": 263, "total": 294, "address": "Ravenna, Via Santerno, 0", "success": true, "source": null}
{"ts": "2025-12-13T22:00:56.035881+00:00", "resource": "0800161785", "index": 264, "total": 294, "address": "Ravenna, via Petrosa, 0", "success": true, "source": null}
{"ts": "2025-12-13T22:00:56.041362+00:00", "resource": "0800161697", "index": 265, "total": 294, "address": "Ravenna, Via A. Mariani, 22", "success": true, "source": null}
{"ts": "2025-12-13T22:00:56.045780+00:00", "resource": "0800266246", "index": 266, "total": 294, "address": "Ravenna, SAN PIETRO IN VINCOLI, via del Sale Vecchia, 18", "success": true, "source": null}
{"ts": "2025-12-13T22:00:56.046899+00:00", "resource": "0800161749", "index": 267, "total": 294, "address": "Ravenna, Via Di Roma, 108", "success": true, "source": null}
{"ts": "2025-12-13T22:00:56.048023+00:00", "resource": "0800161693", "index": 268, "total": 294, "address": "Ravenna, via Guerrini, 15", "success": true, "source": null}
{"ts": "2025-12-13T22:00:56.049238+00:00", "resource": "0800161783", "index": 269, "total": 294, "address": "Ravenna, S.S. Adriatica, 16", "success": true, "source": null}
{"ts": "2025-12-13T22:00:56.053046+00:00", "resource": "0800161667", "index": 270, "total": 294, "address": "Ravenna, Via M. Dente, 0", "success": true, "source": null}
{"ts": "2025-12-13T22:00:56.059265+00:00", "resource": "0800161722", "index": 271, "total": 294, "address": "Ravenna, Via Monti, 0", "success": true, "source": null}
{"ts": "2025-12-13T22:00:56.062333+00:00", "resource": "0800161752", "index": 272, "total": 294, "address": "Ravenna, Via Di Roma, 98", "success": true, "source": null}
{"ts": "2025-12-13T22:00:56.063366+00:00", "resource": "0800319415", "index": 273, "total": 294, "address": "Ravenna, via Dismano, 747", "success": true, "source": null}
{"ts": "2025-12-13T22:00:56.064446+00:00", "resource": "0800161653", "index": 274, "total": 294, "address": "Ravenna, via Paolo Costa, 2", "success": true, "source": null}
{"ts": "2025-12-13T22:00:56.066468+00:00", "resource": "0800266248", "index": 275, "total": 294, "address": "Ravenna, via Villanova, 96", "success": true, "source": null}
{"ts": "2025-12-13T22:00:56.069197+00:00", "resource": "0800161791", "index": 276, "total": 294, "address": "Ravenna, FILETTO, Via Roncalceci, 0", "success": true, "source": null}
{"ts": "2025-12-13T22:00:56.071946+00:00", "resource": "0800161671", "index": 277, "total": 294, "address": "Ravenna, via Diaz, 15/ 13", "success": true, "source": null}
{"ts": "2025-12-13T22:00:56.080172+00:00", "resource": "0800161727", "index": 278, "total": 294, "address": "Ravenna, via Ponte Marino, 7,9", "success": true, "source": null}
{"ts": "2025-12-13T22:00:56.081288+00:00", "resource": "0800308258", "index": 279, "total": 294, "address": "Ravenna, PIANGIPANE, Via Galassa, 10", "success": true, "source": null}
{"ts": "2025-12-13T22:00:56.082296+00:00", "resource": "0800309001-bene individuo", "index": 280, "total": 294, "address": "", "success": false, "source": null}
{"ts": "2025-12-13T22:00:56.085839+00:00", "resource": "0800161621-bene componente", "index": 281, "total": 294, "address": "", "success": false, "source": null}
{"ts": "2025-12-13T22:00:56.087957+00:00", "resource": "0800308255", "index": 282, "total": 294, "address": "Ravenna, Via Guaccimanni, 44", "success": true, "source": null}
{"ts": "2025-12-13T22:00:56.093108+00:00", "resource": "0800308278", "index": 283, "total": 294, "address": "Ravenna, MARINA ROMEA, Via Fossatone, 0, all'interno della pineta San Vitale, in prossimità della Cà Vecchia", "success": true, "source": null}
{"ts": "2025-12-13T22:00:56.094767+00:00", "resource": "0800161704", "index": 284, "total": 294, "address": "Ravenna, via Salara, 40, 42", "success": true, "source": null}
{"ts": "2025-12-13T22:00:56.095794+00:00", "resource": "0800161721", "index": 285, "total": 294, "address": "Ravenna, Via Monti, 0", "success": true, "source": null}
{"ts": "2025-12-13T22:00:56.096868+00:00", "resource": "0800266243", "index": 286, "total": 294, "address": "Ravenna, SANTERNO, via Santerno, 284", "success": true, "source": null}
{"ts": "2025-12-13T22:00:56.097853+00:00", "resource": "0800161789", "index": 287, "total": 294, "address": "Ravenna, via Dismano, 749", "success": true, "source": null}
{"ts": "2025-12-13T22:00:56.098811+00:00", "resource": "0800161801", "index": 288, "total": 294, "address": "Ravenna, Via Stradone, 46", "success": true, "source": null}
{"ts": "2025-12-13T22:00:56.103249+00:00", "resource": "0800266234", "index": 289, "total": 294, "address": "Ravenna, piazza XX Settembre, 7", "success": true, "source": null}
{"ts": "2025-12-13T22:00:56.107078+00:00", "resource": "0800161756-bene complesso", "index": 290, "total": 294, "address": "", "success": false, "source": null}
{"ts": "2025-12-13T22:00:56.110654+00:00", "resource": "0800161790", "index": 291, "total": 294, "address": "Ravenna, DURAZZANO, via Sisa, 17", "success": true, "source": null}
{"ts": "2025-12-13T22:00:56.111899+00:00", "resource": "0800161636", "index": 292, "total": 294, "address": "Ravenna", "success": true, "source": null}
{"ts": "2025-12-13T22:00:56.112912+00:00", "resource": "0800161666", "index": 293, "total": 294, "address": "Ravenna, Via M. D'Azeglio, 47", "success": true, "source": null}
{"ts": "2025-12-13T22:00:56.113977+00:00", "resource": "0800161646", "index": 294, "total": 294, "address": "Ravenna, via Cairoli, 27,25,23", "success": true, "source": null}
{"ts": "2025-12-13T22:12:51.413614+00:00", "resource": "0800161620-bene componente", "index": 1, "total": 294, "address": "", "success": false, "source": null}
{"ts": "2025-12-13T22:12:51.416460+00:00", "resource": "0800308997", "index": 2, "total": 294, "address": "Ravenna, via Guerrini, 0 , piazza Arcivescovado 0", "success": true, "source": "maps.co"}
{"ts": "2025-12-13T22:12:51.422371+00:00", "resource": "0800161656", "index": 3, "total": 294, "address": "Ravenna, via Paolo Costa, 10", "success": true, "source": "overpass"}
{"ts": "2025-12-13T22:12:51.428385+00:00", "resource": "0800161745", "index": 4, "total": 294, "address": "Ravenna, Via Di Roma, 0", "success": true, "source": "overpass"}
{"ts": "2025-12-13T22:12:51.435044+00:00", "resource": "0800161718", "index": 5, "total": 294, "address": "Ravenna, via G. Mazzini, 75", "success": true, "source": "maps.co"}
{"ts": "2025-12-13T22:12:51.446633+00:00", "resource": "0800161753", "index": 6, "total": 294, "address": "Ravenna, via di Roma, 47", "success": true, "source": "overpass"}
{"ts": "2025-12-13T22:12:51.449147+00:00", "resource": "0800308260-bene complesso", "index": 7, "total": 294, "address": "Ravenna, SAN ZACCARIA, Via Dismano, 663", "success": true, "source": "nominatim"}
{"ts": "2025-12-13T22:12:51.451532+00:00", "resource": "0800161652", "index": 8, "total": 294, "address": "Ravenna, Via della Chiesa, 0", "success": true, "source": "maps.co"}
{"ts": "2025-12-13T22:12:51.455008+00:00", "resource": "0800266225", "index": 9, "total": 294, "address": "Ravenna, via Galla Placida, 2", "success": true, "source": "nominatim"}
{"ts": "2025-12-13T22:12:51.460602+00:00", "resource": "0800161812", "index": 10, "total": 294, "address": "Ravenna, via Casa Matha, 1/ 3, via IV Novembre, 37/ 39", "success": true, "source": "overpass"}
{"ts": "2025-12-13T22:12:51.464899+00:00", "resource": "0800161757", "index": 11, "total": 294, "address": "Ravenna, via di Roma, 0", "success": true, "source": "overpass"}
{"ts": "2025-12-13T22:12:51.468761+00:00", "resource": "0800161768", "index": 12, "total": 294, "address": "Ravenna, Vic. S. Nicandro, 0", "success": true, "source": "nominatim"}
{"ts": "2025-12-13T22:12:51.477451+00:00", "resource": "0800308997-bene individuo", "index": 13, "total": 294, "address": "", "success": false, "source": null}
{"ts": "2025-12-13T22:12:51.482127+00:00", "resource": "0800319221", "index": 14, "total": 294, "address": "Ravenna, Piazza del popolo, 0", "success": true, "source": "overpass"}
{"ts": "2025-12-13T22:12:51.486291+00:00", "resource": "0800161735", "index": 15, "total": 294, "address": "Ravenna, via di Roma, 0", "success": true, "source": "overpass"}
{"ts": "2025-12-13T22:12:51.498692+00:00", "resource": "0800161629", "index": 16, "total": 294, "address": "Ravenna, Piazza Anita Garibaldi, 0", "success": true, "source": "overpass"}
{"ts": "2025-12-13T22:12:51.500956+00:00", "resource": "0800161647", "index": 17, "total": 294, "address": "Ravenna, Via del Candiano", "success": true, "source": "nominatim"}
{"ts": "2025-12-13T22:12:51.503121+00:00", "resource": "0800161750", "index": 18, "total": 294, "address": "Ravenna, via di Roma, 113 ,115", "success": true, "source": "overpass"}
{"ts": "2025-12-13T22:12:51.507736+00:00", "resource": "0800161793", "index": 19, "total": 294, "address": "Ravenna, LONGANA, Via Ravegnana, 0", "success": true, "source": "overpass"}
{"ts": "2025-12-13T22:12:51.514383+00:00", "resource": "0800161622", "index": 20, "total": 294, "address": "Ravenna, Via Guido Da Polenta, 0", "success": true, "source": "overpass"}
{"ts": "2025-12-13T22:12:51.516704+00:00", "resource": "0800266218", "index": 21, "total": 294, "address": "Ravenna, via Dante Alighieri, 9", "success": true, "source": "overpass"}
{"ts": "2025-12-13T22:12:51.520318+00:00", "resource": "0800309000-bene individuo", "index": 22, "total": 294, "address": "", "success": false, "source": null}
{"ts": "2025-12-13T22:12:51.527924+00:00", "resource": "0800161774", "index": 23, "total": 294, "address": "Ravenna, Via S.Vitale, 17", "success": true, "source": "nominatim"}
{"ts": "2025-12-13T22:12:51.532134+00:00", "resource": "0800161628", "index": 24, "total": 294, "address": "Ravenna, P.zza Anita Garibaldi, 0", "success": true, "source": "overpass"}
{"ts": "2025-12-13T22:12:51.534811+00:00", "resource": "0800161660", "index": 25, "total": 294, "address": "Ravenna, Via Cura, 0", "success": true, "source": "overpass"}
{"ts": "2025-12-13T22:12:51.537743+00:00", "resource": "0800161764", "index": 26, "total": 294, "address": "Ravenna, via G. Rossi, 51, 53", "success": true, "source": "nominatim"}
{"ts": "2025-12-13T22:12:51.543523+00:00", "resource": "0800161769", "index": 27, "total": 294, "address": "Ravenna, via San Vitale, 5", "success": true, "source": "overpass"}
{"ts": "2025-12-13T22:12:51.545148+00:00", "resource": "0800161649", "index": 28, "total": 294, "address": "Ravenna, via Cavour, 54", "success": true, "source": "nominatim"}
{"ts": "2025-12-13T22:12:51.547303+00:00", "resource": "0800161682", "index": 29, "total": 294, "address": "Ravenna, via Romolo Gessi, 20", "success": true, "source": "nominatim"}
{"ts": "2025-12-13T22:12:51.549964+00:00", "resource": "0800161625", "index": 30, "total": 294, "address": "Ravenna, Via Anastagi, 19", "success": true, "source": "overpass"}
{"ts": "2025-12-13T22:12:51.559788+00:00", "resource": "0800161780", "index": 31, "total": 294, "address": "Ravenna, via Zagarelli Alle Mura, 32", "success": true, "source": "overpass"}
{"ts": "2025-12-13T22:12:51.564900+00:00", "resource": "0800266223", "index": 32, "total": 294, "address": "Ravenna, via Paolo Costa, 49", "success": true, "source": "overpass"}
{"ts": "2025-12-13T22:12:51.567984+00:00", "resource": "0800308266", "index": 33, "total": 294, "address": "Ravenna, Via Zignani, 44", "success": true, "source": "nominatim"}
{"ts": "2025-12-13T22:12:51.577592+00:00", "resource": "0800161709", "index": 34, "total": 294, "address": "Ravenna, via G. Mazzini, 49, 51, 53, 55", "success": true, "source": "nominatim"}
{"ts": "2025-12-13T22:12:51.579646+00:00", "resource": "0800319248-bene individuo", "index": 35, "total": 294, "address": "Ravenna, CLASSE, Via Romea, 0", "success": true, "source": "overpass"}
{"ts": "2025-12-13T22:12:51.581183+00:00", "resource": "0800161639", "index": 36, "total": 294, "address": "Ravenna, Via Baccarini", "success": true, "source": "nominatim"}
{"ts": "2025-12-13T22:12:51.586121+00:00", "resource": "0800161767", "index": 37, "total": 294, "address": "Ravenna, Via G. Ghiselli, 32", "success": true, "source": "nominatim"}
{"ts": "2025-12-13T22:12:51.593530+00:00", "resource": "0800161786", "index": 38, "total": 294, "address": "Ravenna, via Bagnolo Salara, 65", "success": true, "source": "nominatim"}
{"ts": "2025-12-13T22:12:51.603565+00:00", "resource": "0800308999", "index": 39, "total": 294, "address": "Ravenna, vicolo Genocchi, 9", "success": true, "source": "nominatim"}
{"ts": "2025-12-13T22:12:51.609092+00:00", "resource": "0800161766", "index": 40, "total": 294, "address": "Ravenna, Via G. Rossi, 6", "success": true, "source": "nominatim"}
{"ts": "2025-12-13T22:12:51.611497+00:00", "resource": "0800266222", "index": 41, "total": 294, "address": "Ravenna, Via del Cimitero, 0", "success": true, "source": "overpass"}
{"ts": "2025-12-13T22:12:51.613755+00:00", "resource": "0800266240", "index": 42, "total": 294, "address": "Ravenna, PIANGIPANE, via Mezzoli, 45", "success": true, "source": "nominatim"}
{"ts": "2025-12-13T22:12:51.615380+00:00", "resource": "0800161644", "index": 43, "total": 294, "address": "Ravenna, Via Battistero, 0, all'interno del giardino del Duomo fra via G. Rasponi e via R. Gessi", "success": true, "source": "overpass"}
{"ts": "2025-12-13T22:12:51.617291+00:00", "resource": "0800266233", "index": 44, "total": 294, "address": "Ravenna, Via Mura S. Vitale", "success": true, "source": "nominatim"}
{"ts": "2025-12-13T22:12:51.619414+00:00", "resource": "0800161763", "index": 45, "total": 294, "address": "Ravenna, Via Girolamo Rossi, 0", "success": true, "source": "overpass"}
{"ts": "2025-12-13T22:12:51.620914+00:00", "resource": "0800161784", "index": 46, "total": 294, "address": "Ravenna, S.S. Adriatica, 16", "success": true, "source": "nominatim"}
{"ts": "2025-12-13T22:12:51.625662+00:00", "resource": "0800161672", "index": 47, "total": 294, "address": "Ravenna, piazza Duomo, 3/ 2", "success": true, "source": "overpass"}
{"ts": "2025-12-13T22:12:51.649106+00:00", "resource": "0800161794", "index": 48, "total": 294, "address": "Ravenna, MADONNA DELL'ALBERO, Via Cella,0", "success": true, "source": "overpass"}
{"ts": "2025-12-13T22:12:51.653262+00:00", "resource": "0800161770", "index": 49, "total": 294, "address": "Ravenna", "success": true, "source": "nominatim"}
{"ts": "2025-12-13T22:12:51.661486+00:00", "resource": "0800161713", "index": 50, "total": 294, "address": "Ravenna, Via Mazzini, 0", "success": true, "source": "nominatim"}
{"ts": "2025-12-13T22:12:51.663890+00:00", "resource": "0800161676", "index": 51, "total": 294, "address": "Ravenna, Via Fiume Abbandonato, 0", "success": true, "source": "nominatim"}
{"ts": "2025-12-13T22:12:51.666108+00:00", "resource": "0800161708", "index": 52, "total": 294, "address": "Ravenna, via G. Mazzini, 64", "success": true, "source": "nominatim"}
{"ts": "2025-12-13T22:12:51.671281+00:00", "resource": "0800161619", "index": 53, "total": 294, "address": "Ravenna, Piazza S.Francesco, 0", "success": true, "source": "nominatim"}
{"ts": "2025-12-13T22:12:51.681044+00:00", "resource": "0800161687", "index": 54, "total": 294, "address": "Ravenna, Via G. Guaccimanni, 0", "success": true, "source": "nominatim"}
{"ts": "2025-12-13T22:12:51.694696+00:00", "resource": "0800161705", "index": 55, "total": 294, "address": "Ravenna, Via G. Mazzini, 42", "success": true, "source": "nominatim"}
{"ts": "2025-12-13T22:12:51.697668+00:00", "resource": "0800161737", "index": 56, "total": 294, "address": "Ravenna, Via Di Roma, 67", "success": true, "source": "overpass"}
{"ts": "2025-12-13T22:12:51.699727+00:00", "resource": "0800161748", "index": 57, "total": 294, "address": "Italia, Emilia Romagna, RA, Ravenna", "success": true, "source": "maps.co"}
{"ts": "2025-12-13T22:12:51.701043+00:00", "resource": "0800206008-bene individuo", "index": 58, "total": 294, "address": "", "success": false, "source": null}
{"ts": "2025-12-13T22:12:51.702478+00:00", "resource": "0800161733", "index": 59, "total": 294, "address": "Ravenna, via C. Ricci, 12,14 ,16,18", "success": true, "source": "nominatim"}
{"ts": "2025-12-13T22:12:51.703728+00:00", "resource": "0800161661", "index": 60, "total": 294, "address": "Ravenna, Via Cura, 0", "success": true, "source": "overpass"}
{"ts": "2025-12-13T22:12:51.706489+00:00", "resource": "0800308274-bene individuo", "index": 61, "total": 294, "address": "Ravenna, SAN PIETRO IN TRENTO, Via Traversara, angolo via Bezzi, 67", "success": true, "source": "nominatim"}
{"ts": "2025-12-13T22:12:51.713767+00:00", "resource": "0800161730", "index": 62, "total": 294, "address": "Ravenna, via IV Novembre, 45/ 43", "success": true, "source": "overpass"}
{"ts": "2025-12-13T22:12:51.716229+00:00", "resource": "0800161797", "index": 63, "total": 294, "address": "Ravenna, MARINA DI RAVENNA, via D'Allaggio, 53", "success": true, "source": "nominatim"}
{"ts": "2025-12-13T22:12:51.719989+00:00", "resource": "0800308279", "index": 64, "total": 294, "address": "Ravenna, FOSSO GHIAIA, Via Fosso Ghiaia, 0, all'interno della pineta, parco primo maggio", "success": true, "source": "overpass"}
{"ts": "2025-12-13T22:12:51.729528+00:00", "resource": "0800266247", "index": 65, "total": 294, "address": "Ravenna, via Torri, 0", "success": true, "source": "overpass"}
{"ts": "2025-12-13T22:12:51.733825+00:00", "resource": "0800161690", "index": 66, "total": 294, "address": "Ravenna, via Guaccimanni, 27", "success": true, "source": "nominatim"}
{"ts": "2025-12-13T22:12:51.736553+00:00", "resource": "0800161621", "index": 67, "total": 294, "address": "Ravenna, Piazza S.Francesco, 0", "success": true, "source": "nominatim"}
{"ts": "2025-12-13T22:12:51.743698+00:00", "resource": "0800161633", "index": 68, "total": 294, "address": "Ravenna, Vicolo degli Ariani, 0", "success": true, "source": "overpass"}
{"ts": "2025-12-13T22:12:51.745777+00:00", "resource": "0800308254-bene componente", "index": 69, "total": 294, "address": "", "success": false, "source": null}
{"ts": "2025-12-13T22:12:51.747809+00:00", "resource": "0800161679", "index": 70, "total": 294, "address": "Ravenna, via Gamba, 3", "success": true, "source": "overpass"}
{"ts": "2025-12-13T22:12:51.750797+00:00", "resource": "0800308281", "index": 71, "total": 294, "address": "Ravenna, SAN PIETRO IN VINCOLI, Via Gambellara, 1", "success": true, "source": "nominatim"}
{"ts": "2025-12-13T22:12:51.755070+00:00", "resource": "0800161799", "index": 72, "total": 294, "address": "Ravenna, Via Massa, 88", "success": true, "source": "nominatim"}
{"ts": "2025-12-13T22:12:51.767396+00:00", "resource": "0800161683", "index": 73, "total": 294, "address": "Ravenna, via Romolo Gessi 0, via Mentana 33/35", "success": true, "source": "overpass"}
{"ts": "2025-12-13T22:12:51.771784+00:00", "resource": "0800161702", "index": 74, "total": 294, "address": "Ravenna, via Mariani, 7/ 9", "success": true, "source": "nominatim"}
{"ts": "2025-12-13T22:12:51.778633+00:00", "resource": "0800308267", "index": 75, "total": 294, "address": "Ravenna, Via Zignani, 44", "success": true, "source": "nominatim"}
{"ts": "2025-12-13T22:12:51.780664+00:00", "resource": "0800266232", "index": 76, "total": 294, "address": "Ravenna, via San Vitale, 28, 30", "success": true, "source": "overpass"}
{"ts": "2025-12-13T22:12:51.783772+00:00", "resource": "0800266229", "index": 77, "total": 294, "address": "Ravenna, Via S.Mama, 175, 177, 179", "success": true, "source": "nominatim"}
{"ts": "2025-12-13T22:12:51.789265+00:00", "resource": "0800161658", "index": 78, "total": 294, "address": "Ravenna, via Paolo Costa, 8", "success": true, "source": "overpass"}
{"ts": "2025-12-13T22:12:51.793201+00:00", "resource": "0800161688", "index": 79, "total": 294, "address": "Ravenna, via Guaccimanni, 62", "success": true, "source": "nominatim"}
{"ts": "2025-12-13T22:12:51.799605+00:00", "resource": "0800161699", "index": 80, "total": 294, "address": "Ravenna, Via A. Mariani, 21", "success": true, "source": "nominatim"}
{"ts": "2025-12-13T22:12:51.803615+00:00", "resource": "0800161714", "index": 81, "total": 294, "address": "Ravenna, Via Mazzini, 0", "success": true, "source": "nominatim"}
{"ts": "2025-12-13T22:12:51.808099+00:00", "resource": "0800319221-bene componente", "index": 82, "total": 294, "address": "", "success": false, "source": null}
{"ts": "2025-12-13T22:12:51.809495+00:00", "resource": "0800266238", "index": 83, "total": 294, "address": "Ravenna, PIANGIPANE, via Braccesca, 44", "success": true, "source": "overpass"}
{"ts": "2025-12-13T22:12:51.810815+00:00", "resource": "0800161662", "index": 84, "total": 294, "address": "Ravenna, Via Cura, 0", "success": true, "source": "overpass"}
{"ts": "2025-12-13T22:12:51.812588+00:00", "resource": "0800206008", "index": 85, "total": 294, "address": "Ravenna, via Mariani, 0", "success": true, "source": "nominatim"}
{"ts": "2025-12-13T22:12:51.814491+00:00", "resource": "0800161654", "index": 86, "total": 294, "address": "Ravenna, via P. Costa, 1, via XIII Giugno, 15 /17", "success": true, "source": "nominatim"}
{"ts": "2025-12-13T22:12:51.815783+00:00", "resource": "0800161796", "index": 87, "total": 294, "address": "Ravenna, MADONNA DELL'ALBERO, via Ravegnana, 479", "success": true, "source": "overpass"}
{"ts": "2025-12-13T22:12:51.817129+00:00", "resource": "0800161632", "index": 88, "total": 294, "address": "Emilia-Romagna, RA, Ravenna", "success": true, "source": "nominatim"}
{"ts": "2025-12-13T22:12:51.818426+00:00", "resource": "0800161706", "index": 89, "total": 294, "address": "Ravenna, via Mazzini, 30/ 32/ 34", "success": true, "source": "nominatim"}
{"ts": "2025-12-13T22:12:51.819596+00:00", "resource": "0800161775", "index": 90, "total": 294, "address": "Ravenna, Via Tombesi Dall'Ova, 14", "success": true, "source": "overpass"}
{"ts": "2025-12-13T22:12:51.820824+00:00", "resource": "0800266235", "index": 91, "total": 294, "address": "Ravenna, COCCOLIA, via Ravegnana, 731", "success": true, "source": "nominatim"}
{"ts": "2025-12-13T22:12:51.824930+00:00", "resource": "0800161635", "index": 92, "total": 294, "address": "Ravenna, Via Bastione, 0", "success": true, "source": "overpass"}
{"ts": "2025-12-13T22:12:51.831391+00:00", "resource": "0800161759", "index": 93, "total": 294, "address": "Ravenna, via N. Rondinelli, 4, 6", "success": true, "source": "nominatim"}
{"ts": "2025-12-13T22:12:51.834637+00:00", "resource": "0800161618", "index": 94, "total": 294, "address": "Ravenna, Via G. da Polenta, 0", "success": true, "source": "nominatim"}
{"ts": "2025-12-13T22:12:51.837596+00:00", "resource": "0800308254", "index": 95, "total": 294, "address": "Ravenna, Via Pietro Alighieri, 4", "success": true, "source": "overpass"}
{"ts": "2025-12-13T22:12:51.848300+00:00", "resource": "0800161747", "index": 96, "total": 294, "address": "Ravenna, Via Di Roma, 0", "success": true, "source": "overpass"}
{"ts": "2025-12-13T22:12:51.851255+00:00", "resource": "0800161738", "index": 97, "total": 294, "address": "Ravenna, via di Roma, 108", "success": true, "source": "overpass"}
{"ts": "2025-12-13T22:12:51.853774+00:00", "resource": "0800161626", "index": 98, "total": 294, "address": "Ravenna, P.zza Anita Garibaldi, 0", "success": true, "source": "overpass"}
{"ts": "2025-12-13T22:12:51.859017+00:00", "resource": "0800266221", "index": 99, "total": 294, "address": "Ravenna, via C. Cattaneo, 34", "success": true, "source": "nominatim"}
{"ts": "2025-12-13T22:12:51.860687+00:00", "resource": "0800161807", "index": 100, "total": 294, "address": "Ravenna, Via Sale, 102", "success": true, "source": "nominatim"}
{"ts": "2025-12-13T22:12:51.862998+00:00", "resource": "0800161809", "index": 101, "total": 294, "address": "Ravenna, SAN PIETRO IN TRENTO, via Alturie, 30", "success": true, "source": "nominatim"}
{"ts": "2025-12-13T22:12:51.864529+00:00", "resource": "0800161743", "index": 102, "total": 294, "address": "Ravenna, Via Di Roma, 13", "success": true, "source": "overpass"}
{"ts": "2025-12-13T22:12:51.869744+00:00", "resource": "0800161772", "index": 103, "total": 294, "address": "Ravenna, Via S.Vitale, 17", "success": true, "source": "nominatim"}
{"ts": "2025-12-13T22:12:51.877536+00:00", "resource": "0800309000", "index": 104, "total": 294, "address": "Ravenna, RAVENNA, via Alberoni, 12", "success": true, "source": "nominatim"}
{"ts": "2025-12-13T22:12:51.882821+00:00", "resource": "0800161782", "index": 105, "total": 294, "address": "Ravenna, via Zirardini, 14", "success": true, "source": "nominatim"}
{"ts": "2025-12-13T22:12:51.888299+00:00", "resource": "0800266254", "index": 106, "total": 294, "address": "Ravenna, via Montecatini, 3", "success": true, "source": "overpass"}
{"ts": "2025-12-13T22:12:51.893803+00:00", "resource": "0800161746", "index": 107, "total": 294, "address": "Italia, Emilia Romagna, RA, Ravenna", "success": true, "source": "maps.co"}
{"ts": "2025-12-13T22:12:51.895827+00:00", "resource": "0800161777", "index": 108, "total": 294, "address": "Ravenna, via XIII Giugno, 0", "success": true, "source": "nominatim"}
{"ts": "2025-12-13T22:12:51.897269+00:00", "resource": "0800161648", "index": 109, "total": 294, "address": "Ravenna, Via Castel S. Pietro, 0", "success": true, "source": "nominatim"}
{"ts": "2025-12-13T22:12:51.898690+00:00", "resource": "0800308268", "index": 110, "total": 294, "address": "Ravenna, Via Zignani, 44", "success": true, "source": "nominatim"}
{"ts": "2025-12-13T22:12:51.900275+00:00", "resource": "0800161677", "index": 111, "total": 294, "address": "Ravenna, Via Galla Placidia, 0", "success": true, "source": "overpass"}
{"ts": "2025-12-13T22:12:51.902009+00:00", "resource": "0800161698", "index": 112, "total": 294, "address": "Ravenna, via Mariani, 5", "success": true, "source": "nominatim"}
{"ts": "2025-12-13T22:12:51.903673+00:00", "resource": "0800161703", "index": 113, "total": 294, "address": "Ravenna, Via A. Mariani, 46", "success": true, "source": "nominatim"}
{"ts": "2025-12-13T22:12:51.905324+00:00", "resource": "0800161685", "index": 114, "total": 294, "address": "Ravenna, via Guaccimanni, 40/ 40A/ 42", "success": true, "source": "nominatim"}
{"ts": "2025-12-13T22:12:51.910121+00:00", "resource": "0800161655", "index": 115, "total": 294, "address": "Ravenna, via Paolo Costa, 22/ 24", "success": true, "source": "overpass"}
{"ts": "2025-12-13T22:12:51.915278+00:00", "resource": "0800266231", "index": 116, "total": 294, "address": "Ravenna, via San Vitale, 21", "success": true, "source": "overpass"}
{"ts": "2025-12-13T22:12:51.917732+00:00", "resource": "0800161726", "index": 117, "total": 294, "address": "Ravenna, Via Oberdan, 6", "success": true, "source": "nominatim"}
{"ts": "2025-12-13T22:12:51.921257+00:00", "resource": "0800161643", "index": 118, "total": 294, "address": "Ravenna, Via Battistero, 0", "success": true, "source": "overpass"}
{"ts": "2025-12-13T22:12:51.930835+00:00", "resource": "0800161781", "index": 119, "total": 294, "address": "Ravenna, via Zagarelli alle Mura, 2/a", "success": true, "source": "overpass"}
{"ts": "2025-12-13T22:12:51.935239+00:00", "resource": "0800308253", "index": 120, "total": 294, "address": "Ravenna, Via Pietro Alighieri, 6 - 8", "success": true, "source": "overpass"}
{"ts": "2025-12-13T22:12:51.937838+00:00", "resource": "0800308257-bene componente", "index": 121, "total": 294, "address": "Ravenna, Via Guaccimanni, 0", "success": true, "source": "nominatim"}
{"ts": "2025-12-13T22:12:51.950834+00:00", "resource": "0800161804", "index": 122, "total": 294, "address": "Ravenna, via Nigrisoli, 62", "success": true, "source": "nominatim"}
{"ts": "2025-12-13T22:12:51.956064+00:00", "resource": "0800161795", "index": 123, "total": 294, "address": "Ravenna, Via Argine destrofiume Ronco, 0", "success": true, "source": "nominatim"}
{"ts": "2025-12-13T22:12:51.963294+00:00", "resource": "0800161631", "index": 124, "total": 294, "address": "Ravenna, P.zza Arcivescovado, 1", "success": true, "source": "overpass"}
{"ts": "2025-12-13T22:12:51.969019+00:00", "resource": "0800266237", "index": 125, "total": 294, "address": "Ravenna, MARINA DI RAVENNA, via d'Allaggio", "success": true, "source": "nominatim"}
{"ts": "2025-12-13T22:12:51.970525+00:00", "resource": "0800161664", "index": 126, "total": 294, "address": "Ravenna, via Massimo d'Azeglio, 10/ 12", "success": true, "source": "overpass"}
{"ts": "2025-12-13T22:12:51.973905+00:00", "resource": "0800161772-bene componente", "index": 127, "total": 294, "address": "", "success": false, "source": null}
{"ts": "2025-12-13T22:12:51.980399+00:00", "resource": "0800161622-bene componente", "index": 128, "total": 294, "address": "", "success": false, "source": null}
{"ts": "2025-12-13T22:12:51.982349+00:00", "resource": "0800161805", "index": 129, "total": 294, "address": "Ravenna, via Argine sinistro del Montone, 149", "success": true, "source": "nominatim"}
{"ts": "2025-12-13T22:12:51.983801+00:00", "resource": "0800161689", "index": 130, "total": 294, "address": "Ravenna, Via Guaccimanni, 29", "success": true, "source": "nominatim"}
{"ts": "2025-12-13T22:12:51.986322+00:00", "resource": "0800161755", "index": 131, "total": 294, "address": "Ravenna, Via Di Roma, 116", "success": true, "source": "overpass"}
{"ts": "2025-12-13T22:12:51.996412+00:00", "resource": "0800266224", "index": 132, "total": 294, "address": "Ravenna, Via Guido Da Polenta, 4", "success": true, "source": "overpass"}
{"ts": "2025-12-13T22:12:52.000560+00:00", "resource": "0800161779", "index": 133, "total": 294, "address": "Ravenna, piazza XX Settembre, 5", "success": true, "source": "nominatim"}
{"ts": "2025-12-13T22:12:52.010190+00:00", "resource": "0800308248", "index": 134, "total": 294, "address": "Ravenna, Via di Classe Fuori, 0", "success": true, "source": "nominatim"}
{"ts": "2025-12-13T22:12:52.013967+00:00", "resource": "0800161650", "index": 135, "total": 294, "address": "Ravenna, via Cavour, 10", "success": true, "source": "nominatim"}
{"ts": "2025-12-13T22:12:52.015903+00:00", "resource": "0800308272", "index": 136, "total": 294, "address": "Ravenna, Via Del Borgo, 1", "success": true, "source": "overpass"}
{"ts": "2025-12-13T22:12:52.017256+00:00", "resource": "0800161813", "index": 137, "total": 294, "address": "Ravenna, via di Roma, 0", "success": true, "source": "overpass"}
{"ts": "2025-12-13T22:12:52.018602+00:00", "resource": "0800161732", "index": 138, "total": 294, "address": "Ravenna, Via C. Ricci, 0", "success": true, "source": "nominatim"}
{"ts": "2025-12-13T22:12:52.020333+00:00", "resource": "0800161657", "index": 139, "total": 294, "address": "Ravenna, Ponte Marino, 2", "success": true, "source": "nominatim"}
{"ts": "2025-12-13T22:12:52.022515+00:00", "resource": "0800161744", "index": 140, "total": 294, "address": "Ravenna, Via Di Roma, 0", "success": true, "source": "overpass"}
{"ts": "2025-12-13T22:12:52.026897+00:00", "resource": "0800161624", "index": 141, "total": 294, "address": "Ravenna, Via Pietro Alighieri, 4, 6, 8", "success": true, "source": "overpass"}
{"ts": "2025-12-13T22:12:52.031297+00:00", "resource": "0800161754", "index": 142, "total": 294, "address": "Ravenna, Via Di Roma, 68", "success": true, "source": "overpass"}
{"ts": "2025-12-13T22:12:52.033723+00:00", "resource": "0800161634", "index": 143, "total": 294, "address": "Ravenna, piazzetta degli Ariani, 0", "success": true, "source": "nominatim"}
{"ts": "2025-12-13T22:12:52.044919+00:00", "resource": "0800161725", "index": 144, "total": 294, "address": "Ravenna, P.zza Duomo, 4", "success": true, "source": "overpass"}
{"ts": "2025-12-13T22:12:52.055558+00:00", "resource": "0800161776", "index": 145, "total": 294, "address": "Ravenna, via XIII Giugno, 8", "success": true, "source": "nominatim"}
{"ts": "2025-12-13T22:12:52.063080+00:00", "resource": "0800161751", "index": 146, "total": 294, "address": "Ravenna, via di Roma, 202", "success": true, "source": "overpass"}
{"ts": "2025-12-13T22:12:52.066989+00:00", "resource": "0800319232", "index": 147, "total": 294, "address": "Ravenna, Piazza del Popolo, 23", "success": true, "source": "overpass"}
{"ts": "2025-12-13T22:12:52.075422+00:00", "resource": "0800161723", "index": 148, "total": 294, "address": "Ravenna, Via Monti, 0", "success": true, "source": "nominatim"}
{"ts": "2025-12-13T22:12:52.079296+00:00", "resource": "0800319246-bene individuo", "index": 149, "total": 294, "address": "Ravenna, Piazza del Popolo, 0", "success": true, "source": "overpass"}
{"ts": "2025-12-13T22:12:52.084231+00:00", "resource": "0800308256-bene componente", "index": 150, "total": 294, "address": "Ravenna, Via Guaccimanni, 44", "success": true, "source": "nominatim"}
{"ts": "2025-12-13T22:12:52.092943+00:00", "resource": "0800161760", "index": 151, "total": 294, "address": "Ravenna, via Rondinelli, 0", "success": true, "source": "nominatim"}
{"ts": "2025-12-13T22:12:52.096251+00:00", "resource": "0800161728", "index": 152, "total": 294, "address": "Ravenna, via XIII Giugno, 2/ 4, piazza del Popolo", "success": true, "source": "nominatim"}
{"ts": "2025-12-13T22:12:52.100760+00:00", "resource": "0800161668", "index": 153, "total": 294, "address": "Ravenna, Via M. Dente, 0", "success": true, "source": "nominatim"}
{"ts": "2025-12-13T22:12:52.102290+00:00", "resource": "0800161691", "index": 154, "total": 294, "address": "Ravenna, via Guaccimanni, 54", "success": true, "source": "nominatim"}
{"ts": "2025-12-13T22:12:52.104194+00:00", "resource": "0800161802", "index": 155, "total": 294, "address": "Ravenna, CASALBORSETTI", "success": true, "source": "nominatim"}
{"ts": "2025-12-13T22:12:52.108145+00:00", "resource": "0800161695", "index": 156, "total": 294, "address": "Ravenna, Piazza Kennedy, 0", "success": true, "source": "nominatim"}
{"ts": "2025-12-13T22:12:52.115427+00:00", "resource": "0800308271", "index": 157, "total": 294, "address": "Ravenna, MANDRIOLE, Via Mandriole, 122", "success": true, "source": "nominatim"}
{"ts": "2025-12-13T22:12:52.121229+00:00", "resource": "0800161765", "index": 158, "total": 294, "address": "Ravenna, Via G. Rossi, 2", "success": true, "source": "nominatim"}
{"ts": "2025-12-13T22:12:52.127220+00:00", "resource": "0800161640", "index": 159, "total": 294, "address": "Ravenna, Via C.B. Barbiani,0", "success": true, "source": "nominatim"}
{"ts": "2025-12-13T22:12:52.133260+00:00", "resource": "0800161696", "index": 160, "total": 294, "address": "Ravenna, P.zza Mameli, 0", "success": true, "source": "nominatim"}
{"ts": "2025-12-13T22:12:52.137550+00:00", "resource": "0800161680", "index": 161, "total": 294, "address": "Ravenna, via Romolo Gessi, 18", "success": true, "source": "nominatim"}
{"ts": "2025-12-13T22:12:52.141289+00:00", "resource": "0800161740", "index": 162, "total": 294, "address": "Ravenna, via di Roma, 69", "success": true, "source": "overpass"}
{"ts": "2025-12-13T22:12:52.147746+00:00", "resource": "0800161798", "index": 163, "total": 294, "address": "Ravenna, Via Chiesa, 1", "success": true, "source": "overpass"}
{"ts": "2025-12-13T22:12:52.150121+00:00", "resource": "0800161711", "index": 164, "total": 294, "address": "Ravenna, via G. Mazzini, 65", "success": true, "source": "nominatim"}
{"ts": "2025-12-13T22:12:52.154315+00:00", "resource": "0800161670", "index": 165, "total": 294, "address": "Ravenna, Via A. Diaz, 4, 6 , 8", "success": true, "source": "nominatim"}
{"ts": "2025-12-13T22:12:52.164173+00:00", "resource": "0800161701", "index": 166, "total": 294, "address": "Ravenna, Via Mariani, 26", "success": true, "source": "nominatim"}
{"ts": "2025-12-13T22:12:52.168490+00:00", "resource": "0800161645", "index": 167, "total": 294, "address": "Ravenna, via Cairoli, 10/ 12/16", "success": true, "source": "nominatim"}
{"ts": "2025-12-13T22:12:52.177413+00:00", "resource": "0800161692", "index": 168, "total": 294, "address": "Ravenna, via Guerrini, 11", "success": true, "source": "nominatim"}
{"ts": "2025-12-13T22:12:52.179920+00:00", "resource": "0800319233", "index": 169, "total": 294, "address": "Ravenna, via Galla Placidia, 0", "success": true, "source": "overpass"}
{"ts": "2025-12-13T22:12:52.182097+00:00", "resource": "0800161787", "index": 170, "total": 294, "address": "Ravenna, via Strada Provinciale Bagnolo, 0", "success": true, "source": "nominatim"}
{"ts": "2025-12-13T22:12:52.186120+00:00", "resource": "0800161757-bene componente", "index": 171, "total": 294, "address": "", "success": false, "source": null}
{"ts": "2025-12-13T22:12:52.196546+00:00", "resource": "0800266242", "index": 172, "total": 294, "address": "Ravenna, SAN BARTOLO, via Argine Destro Ronco, 98", "success": true, "source": "overpass"}
{"ts": "2025-12-13T22:12:52.215871+00:00", "resource": "0800308275", "index": 173, "total": 294, "address": "Ravenna, SANTO STEFANO - CARRAIE, via Cella, 0, Carraia Ginanni", "success": true, "source": "overpass"}
{"ts": "2025-12-13T22:12:52.219415+00:00", "resource": "0800319247-bene individuo", "index": 174, "total": 294, "address": "Ravenna, via Nino Bixio, 23", "success": true, "source": "nominatim"}
{"ts": "2025-12-13T22:12:52.225542+00:00", "resource": "0800161761", "index": 175, "total": 294, "address": "Ravenna, Via Girolamo Rossi, 0", "success": true, "source": "overpass"}
{"ts": "2025-12-13T22:12:52.233830+00:00", "resource": "0800319300", "index": 176, "total": 294, "address": "Ravenna, Piazza del popolo, 0", "success": true, "source": "overpass"}
{"ts": "2025-12-13T22:12:52.238519+00:00", "resource": "0800161637", "index": 177, "total": 294, "address": "Ravenna", "success": true, "source": "nominatim"}
{"ts": "2025-12-13T22:12:52.247655+00:00", "resource": "0800161669", "index": 178, "total": 294, "address": "Ravenna, Via Tombesi Dall'Ova, 0", "success": true, "source": "overpass"}
{"ts": "2025-12-13T22:12:52.252822+00:00", "resource": "0800161642", "index": 179, "total": 294, "address": "Ravenna, P.zza Duomo, 0", "success": true, "source": "overpass"}
{"ts": "2025-12-13T22:12:52.260558+00:00", "resource": "0800161758", "index": 180, "total": 294, "address": "Ravenna, via di Roma, 0", "success": true, "source": "overpass"}
{"ts": "2025-12-13T22:12:52.265980+00:00", "resource": "0800161726-bene complesso", "index": 181, "total": 294, "address": "", "success": false, "source": null}
{"ts": "2025-12-13T22:12:52.277170+00:00", "resource": "0800308262", "index": 182, "total": 294, "address": "Ravenna, SAN ZACCARIA, Via Dismano, 0", "success": true, "source": "overpass"}
{"ts": "2025-12-13T22:12:52.289566+00:00", "resource": "0800161684", "index": 183, "total": 294, "address": "Emilia-Romagna, RA, Ravenna", "success": true, "source": "nominatim"}
{"ts": "2025-12-13T22:12:52.299175+00:00", "resource": "0800161736", "index": 184, "total": 294, "address": "Ravenna, Via Di Roma, 102", "success": true, "source": "overpass"}
{"ts": "2025-12-13T22:12:52.302654+00:00", "resource": "0800161742", "index": 185, "total": 294, "address": "Ravenna, Via Di Roma, 0", "success": true, "source": "overpass"}
{"ts": "2025-12-13T22:12:52.304200+00:00", "resource": "0800161719", "index": 186, "total": 294, "address": "Ravenna, Via G. Mazzini, 44", "success": true, "source": "nominatim"}
{"ts": "2025-12-13T22:12:52.308529+00:00", "resource": "0800266230", "index": 187, "total": 294, "address": "Ravenna, via San Vitale, 34, 36,38, 40, 42, via M. Fanti, 19", "success": true, "source": "overpass"}
{"ts": "2025-12-13T22:12:52.314702+00:00", "resource": "0800319236", "index": 188, "total": 294, "address": "Ravenna, via Castello, 74", "success": true, "source": "nominatim"}
{"ts": "2025-12-13T22:12:52.316987+00:00", "resource": "0800266245", "index": 189, "total": 294, "address": "Ravenna, SAN PIETRO IN VINCOLI", "success": true, "source": "nominatim"}
{"ts": "2025-12-13T22:12:52.320022+00:00", "resource": "0800161624-bene complesso", "index": 190, "total": 294, "address": "", "success": false, "source": null}
{"ts": "2025-12-13T22:12:52.329988+00:00", "resource": "0800161620", "index": 191, "total": 294, "address": "Ravenna, Piazza S.Francesco, 0", "success": true, "source": "nominatim"}
{"ts": "2025-12-13T22:12:52.334888+00:00", "resource": "0800161619-bene complesso", "index": 192, "total": 294, "address": "", "success": false, "source": null}
{"ts": "2025-12-13T22:12:52.340463+00:00", "resource": "0800266239", "index": 193, "total": 294, "address": "Ravenna, PIANGIPANE, via Galassa, 10", "success": true, "source": "overpass"}
{"ts": "2025-12-13T22:12:52.353665+00:00", "resource": "0800161803", "index": 194, "total": 294, "address": "Ravenna, Via O. Guerrini", "success": true, "source": "nominatim"}
{"ts": "2025-12-13T22:12:52.359393+00:00", "resource": "0800308264-bene individuo", "index": 195, "total": 294, "address": "Ravenna, Via Trava, 2", "success": true, "source": "nominatim"}
{"ts": "2025-12-13T22:12:52.366954+00:00", "resource": "0800161716", "index": 196, "total": 294, "address": "Ravenna, Via Mazzini, 0", "success": true, "source": "nominatim"}
{"ts": "2025-12-13T22:12:52.370808+00:00", "resource": "0800161638", "index": 197, "total": 294, "address": "Ravenna", "success": true, "source": "nominatim"}
{"ts": "2025-12-13T22:12:52.374791+00:00", "resource": "0800161663", "index": 198, "total": 294, "address": "Ravenna, via Massimo d'Azeglio, 2", "success": true, "source": "overpass"}
{"ts": "2025-12-13T22:12:52.380153+00:00", "resource": "0800308270", "index": 199, "total": 294, "address": "Ravenna, CAMERLONA, Via S. Egidio, 0", "success": true, "source": "nominatim"}
{"ts": "2025-12-13T22:12:52.381841+00:00", "resource": "0800266226", "index": 200, "total": 294, "address": "Ravenna, via Pasolini, 9", "success": true, "source": "nominatim"}
{"ts": "2025-12-13T22:12:52.384036+00:00", "resource": "0800161792", "index": 201, "total": 294, "address": "Ravenna, GHIBULLO, via Ravegnana, 655", "success": true, "source": "overpass"}
{"ts": "2025-12-13T22:12:52.392816+00:00", "resource": "0800319300-bene componente", "index": 202, "total": 294, "address": "", "success": false, "source": null}
{"ts": "2025-12-13T22:12:52.398148+00:00", "resource": "0800308263", "index": 203, "total": 294, "address": "Ravenna, fraz. Gambellara, Via Gambellara, 79", "success": true, "source": "overpass"}
{"ts": "2025-12-13T22:12:52.410623+00:00", "resource": "0800161700", "index": 204, "total": 294, "address": "Ravenna, Via Mariani, 24", "success": true, "source": "nominatim"}
{"ts": "2025-12-13T22:12:52.413502+00:00", "resource": "0800266241", "index": 205, "total": 294, "address": "Ravenna, via Baiona, 0", "success": true, "source": "overpass"}
{"ts": "2025-12-13T22:12:52.415010+00:00", "resource": "0800266236", "index": 206, "total": 294, "address": "Ravenna, MANDRIOLE, strada Comunale", "success": true, "source": "nominatim"}
{"ts": "2025-12-13T22:12:52.416428+00:00", "resource": "0800161811", "index": 207, "total": 294, "address": "Ravenna, SANTERNO, via Palazza, 0", "success": true, "source": "nominatim"}
{"ts": "2025-12-13T22:12:52.417685+00:00", "resource": "0800266220", "index": 208, "total": 294, "address": "Ravenna, via Carlo Cattaneo, 22", "success": true, "source": "overpass"}
{"ts": "2025-12-13T22:12:52.419185+00:00", "resource": "0800161644-bene individuo", "index": 209, "total": 294, "address": "", "success": false, "source": null}
{"ts": "2025-12-13T22:12:52.420820+00:00", "resource": "0800161694", "index": 210, "total": 294, "address": "Ravenna, via delle Industrie, 0", "success": true, "source": "overpass"}
{"ts": "2025-12-13T22:12:52.425454+00:00", "resource": "0800161762", "index": 211, "total": 294, "address": "Ravenna, Via Girolamo Rossi, 0", "success": true, "source": "overpass"}
{"ts": "2025-12-13T22:12:52.430413+00:00", "resource": "0800161771", "index": 212, "total": 294, "address": "Ravenna, Via S.Vitale, 17", "success": true, "source": "nominatim"}
{"ts": "2025-12-13T22:12:52.432756+00:00", "resource": "0800308265-bene individuo", "index": 213, "total": 294, "address": "Ravenna, RONCALCECI, Via Babini, 246", "success": true, "source": "nominatim"}
{"ts": "2025-12-13T22:12:52.436121+00:00", "resource": "0800161665", "index": 214, "total": 294, "address": "Ravenna, via Massimo d'Azeglio, 38", "success": true, "source": "overpass"}
{"ts": "2025-12-13T22:12:52.445672+00:00", "resource": "0800161630", "index": 215, "total": 294, "address": "Ravenna, P.zza Arcivescovado, 1", "success": true, "source": "overpass"}
{"ts": "2025-12-13T22:12:52.449970+00:00", "resource": "0800161681", "index": 216, "total": 294, "address": "Ravenna, via Romolo Gessi, 14/ 16", "success": true, "source": "overpass"}
{"ts": "2025-12-13T22:12:52.453786+00:00", "resource": "0800319231", "index": 217, "total": 294, "address": "Ravenna, via Diaz, 2", "success": true, "source": "nominatim"}
{"ts": "2025-12-13T22:12:52.461938+00:00", "resource": "0800161741", "index": 218, "total": 294, "address": "Ravenna, Via Di Roma, 0", "success": true, "source": "overpass"}
{"ts": "2025-12-13T22:12:52.464438+00:00", "resource": "0800161686", "index": 219, "total": 294, "address": "Ravenna, via Guaccimanni, 11", "success": true, "source": "nominatim"}
{"ts": "2025-12-13T22:12:52.465971+00:00", "resource": "0800308269", "index": 220, "total": 294, "address": "Ravenna, FILETTO, Via Roncalcesi, 0, 1,4 Km. dall'incrocio con via Nuova", "success": true, "source": "nominatim"}
{"ts": "2025-12-13T22:12:52.472510+00:00", "resource": "0800161810", "index": 221, "total": 294, "address": "Ravenna, SANTO STEFANO - CARRAIE, via Cella, 0, Carraia Ginanni", "success": true, "source": "overpass"}
{"ts": "2025-12-13T22:12:52.477216+00:00", "resource": "0800308261", "index": 222, "total": 294, "address": "Ravenna, SAN ZACCARIA, Via Dismano, 663", "success": true, "source": "nominatim"}
{"ts": "2025-12-13T22:12:52.486334+00:00", "resource": "0800266219", "index": 223, "total": 294, "address": "Ravenna, via Canale Molinetto, 90/ 92", "success": true, "source": "nominatim"}
{"ts": "2025-12-13T22:12:52.490458+00:00", "resource": "0800266244", "index": 224, "total": 294, "address": "Ravenna, SAVARNA, via Basilica, 158", "success": true, "source": "nominatim"}
{"ts": "2025-12-13T22:12:52.492971+00:00", "resource": "0800161739", "index": 225, "total": 294, "address": "Ravenna, via di Roma, 118", "success": true, "source": "overpass"}
{"ts": "2025-12-13T22:12:52.494552+00:00", "resource": "0800161659", "index": 226, "total": 294, "address": "Ravenna, via Paola Costa, 7", "success": true, "source": "nominatim"}
{"ts": "2025-12-13T22:12:52.495742+00:00", "resource": "0800161651", "index": 227, "total": 294, "address": "Ravenna, Via Cavour, 0", "success": true, "source": "overpass"}
{"ts": "2025-12-13T22:12:52.497136+00:00", "resource": "0800161806", "index": 228, "total": 294, "address": "Ravenna, Strada Provinciale Faentina, 362", "success": true, "source": "nominatim"}
{"ts": "2025-12-13T22:12:52.498533+00:00", "resource": "0800161731", "index": 229, "total": 294, "address": "Ravenna, via C. Ricci, 20,22 ,24", "success": true, "source": "nominatim"}
{"ts": "2025-12-13T22:12:52.500276+00:00", "resource": "0800161729", "index": 230, "total": 294, "address": "Ravenna, Via Porta Gaza, 0", "success": true, "source": "overpass"}
{"ts": "2025-12-13T22:12:52.502277+00:00", "resource": "0800319340-bene individuo", "index": 231, "total": 294, "address": "Ravenna, Piazza Kennedy, 14,15,16,17", "success": true, "source": "nominatim"}
{"ts": "2025-12-13T22:12:52.503571+00:00", "resource": "0800161674", "index": 232, "total": 294, "address": "Ravenna, P.zza Duomo", "success": true, "source": "overpass"}
{"ts": "2025-12-13T22:12:52.505745+00:00", "resource": "0800161778", "index": 233, "total": 294, "address": "Ravenna, via XIII Giugno, 3", "success": true, "source": "nominatim"}
{"ts": "2025-12-13T22:12:52.510682+00:00", "resource": "0800161710", "index": 234, "total": 294, "address": "Ravenna, Via Mazzini, 7", "success": true, "source": "nominatim"}
{"ts": "2025-12-13T22:12:52.515659+00:00", "resource": "0800161715", "index": 235, "total": 294, "address": "Ravenna, Via Mazzini,0", "success": true, "source": "nominatim"}
{"ts": "2025-12-13T22:12:52.519039+00:00", "resource": "0800308253-bene componente", "index": 236, "total": 294, "address": "", "success": false, "source": null}
{"ts": "2025-12-13T22:12:52.528342+00:00", "resource": "0800161641", "index": 237, "total": 294, "address": "Ravenna, P.zza Duomo, 0", "success": true, "source": "overpass"}
{"ts": "2025-12-13T22:12:52.533876+00:00", "resource": "0800161707", "index": 238, "total": 294, "address": "Ravenna, via Mazzini, 72", "success": true, "source": "nominatim"}
{"ts": "2025-12-13T22:12:52.541507+00:00", "resource": "0800319234", "index": 239, "total": 294, "address": "Ravenna, FILETTO, via Roncalceci, 195", "success": true, "source": "nominatim"}
{"ts": "2025-12-13T22:12:52.545744+00:00", "resource": "0800161717", "index": 240, "total": 294, "address": "Ravenna, via Mazzini, 76/ 78", "success": true, "source": "nominatim"}
{"ts": "2025-12-13T22:12:52.547313+00:00", "resource": "0800266228", "index": 241, "total": 294, "address": "Ravenna, via Salara, 33/ 31", "success": true, "source": "overpass"}
{"ts": "2025-12-13T22:12:52.550334+00:00", "resource": "0800308999-bene individuo", "index": 242, "total": 294, "address": "", "success": false, "source": null}
{"ts": "2025-12-13T22:12:52.558698+00:00", "resource": "0800161771-bene componente", "index": 243, "total": 294, "address": "", "success": false, "source": null}
{"ts": "2025-12-13T22:12:52.563750+00:00", "resource": "0800161678", "index": 244, "total": 294, "address": "Ravenna, Via Galla Placidia, 0", "success": true, "source": "overpass"}
{"ts": "2025-12-13T22:12:52.566608+00:00", "resource": "0800161724", "index": 245, "total": 294, "address": "Ravenna, Via Morigia, 1", "success": true, "source": "nominatim"}
{"ts": "2025-12-13T22:12:52.571683+00:00", "resource": "0800266227", "index": 246, "total": 294, "address": "Ravenna, piazzetta degli Ariani, 0", "success": true, "source": "nominatim"}
{"ts": "2025-12-13T22:12:52.577343+00:00", "resource": "0800319235", "index": 247, "total": 294, "address": "Ravenna, via Barleti, 5, 7, 9", "success": true, "source": "nominatim"}
{"ts": "2025-12-13T22:12:52.579912+00:00", "resource": "0800161788", "index": 248, "total": 294, "address": "Ravenna, via Dismano, 749/ 747", "success": true, "source": "overpass"}
{"ts": "2025-12-13T22:12:52.582304+00:00", "resource": "0800161734", "index": 249, "total": 294, "address": "Ravenna, via Rocca di Brancaleone, 0", "success": true, "source": "maps.co"}
{"ts": "2025-12-13T22:12:52.583503+00:00", "resource": "0800161623", "index": 250, "total": 294, "address": "Ravenna, via Dante Alighieri, 2,4(P ),6", "success": true, "source": "overpass"}
{"ts": "2025-12-13T22:12:52.585872+00:00", "resource": "0800308276", "index": 251, "total": 294, "address": "Ravenna, SANTO STEFANO - CARRAIE, via Cella, 0, Carraia Ginanni", "success": true, "source": "overpass"}
{"ts": "2025-12-13T22:12:52.589289+00:00", "resource": "0800309001", "index": 252, "total": 294, "address": "Ravenna, vicolo Capannetti, 5", "success": true, "source": "overpass"}
{"ts": "2025-12-13T22:12:53.761225+00:00", "resource": "0800161800", "index": 253, "total": 294, "address": "Ravenna, strada comunale Carrarone Chiesa, 0", "success": false, "source": null}
{"ts": "2025-12-13T22:12:53.762877+00:00", "resource": "0800161808", "index": 254, "total": 294, "address": "Ravenna, SAN PIETRO IN TRENTO, via Ramona, 55", "success": true, "source": "maps.co"}
{"ts": "2025-12-13T22:12:53.764844+00:00", "resource": "0800161627", "index": 255, "total": 294, "address": "Ravenna, P.zza Anita Garibaldi, 0", "success": true, "source": "overpass"}
{"ts": "2025-12-13T22:12:53.767950+00:00", "resource": "0800308277-bene componente", "index": 256, "total": 294, "address": "Ravenna, SANTO STEFANO - CARRAIE, via Cella, 0, Carraia Ginanni", "success": true, "source": "overpass"}
{"ts": "2025-12-13T22:12:53.770429+00:00", "resource": "0800161673", "index": 257, "total": 294, "address": "Ravenna, P.zza Duomo, 0", "success": true, "source": "overpass"}
{"ts": "2025-12-13T22:12:53.776506+00:00", "resource": "0800161756", "index": 258, "total": 294, "address": "Ravenna, via di Roma, 0", "success": true, "source": "overpass"}
{"ts": "2025-12-13T22:12:53.781793+00:00", "resource": "0800161720", "index": 259, "total": 294, "address": "Ravenna, Via Mazzini, 57", "success": true, "source": "nominatim"}
{"ts": "2025-12-13T22:12:53.783952+00:00", "resource": "0800161675", "index": 260, "total": 294, "address": "Ravenna, via Ercolana, 29/ 31/ 33", "success": true, "source": "overpass"}
{"ts": "2025-12-13T22:12:53.787063+00:00", "resource": "0800161712", "index": 261, "total": 294, "address": "Ravenna, via G. Mazzini, 84", "success": true, "source": "nominatim"}
{"ts": "2025-12-13T22:12:53.794060+00:00", "resource": "0800161623-bene componente", "index": 262, "total": 294, "address": "", "success": false, "source": null}
{"ts": "2025-12-13T22:12:53.802139+00:00", "resource": "0800308273-bene individuo", "index": 263, "total": 294, "address": "Ravenna, Via Santerno, 0", "success": true, "source": "overpass"}
{"ts": "2025-12-13T22:12:53.805613+00:00", "resource": "0800161785", "index": 264, "total": 294, "address": "Ravenna, via Petrosa, 0", "success": true, "source": "nominatim"}
{"ts": "2025-12-13T22:12:53.808149+00:00", "resource": "0800161697", "index": 265, "total": 294, "address": "Ravenna, Via A. Mariani, 22", "success": true, "source": "nominatim"}
{"ts": "2025-12-13T22:12:53.812250+00:00", "resource": "0800266246", "index": 266, "total": 294, "address": "Ravenna, SAN PIETRO IN VINCOLI, via del Sale Vecchia, 18", "success": true, "source": "nominatim"}
{"ts": "2025-12-13T22:12:53.815445+00:00", "resource": "0800161749", "index": 267, "total": 294, "address": "Ravenna, Via Di Roma, 108", "success": true, "source": "overpass"}
{"ts": "2025-12-13T22:12:53.817276+00:00", "resource": "0800161693", "index": 268, "total": 294, "address": "Ravenna, via Guerrini, 15", "success": true, "source": "nominatim"}
{"ts": "2025-12-13T22:12:53.819202+00:00", "resource": "0800161783", "index": 269, "total": 294, "address": "Ravenna, S.S. Adriatica, 16", "success": true, "source": "nominatim"}
{"ts": "2025-12-13T22:12:53.820289+00:00", "resource": "0800161667", "index": 270, "total": 294, "address": "Ravenna, Via M. Dente, 0", "success": true, "source": "nominatim"}
{"ts": "2025-12-13T22:12:53.821502+00:00", "resource": "0800161722", "index": 271, "total": 294, "address": "Ravenna, Via Monti, 0", "success": true, "source": "nominatim"}
{"ts": "2025-12-13T22:12:53.825230+00:00", "resource": "0800161752", "index": 272, "total": 294, "address": "Ravenna, Via Di Roma, 98", "success": true, "source": "overpass"}
{"ts": "2025-12-13T22:12:53.830545+00:00", "resource": "0800319415", "index": 273, "total": 294, "address": "Ravenna, via Dismano, 747", "success": true, "source": "nominatim"}
{"ts": "2025-12-13T22:12:53.832286+00:00", "resource": "0800161653", "index": 274, "total": 294, "address": "Ravenna, via Paolo Costa, 2", "success": true, "source": "overpass"}
{"ts": "2025-12-13T22:12:53.834115+00:00", "resource": "0800266248", "index": 275, "total": 294, "address": "Ravenna, via Villanova, 96", "success": true, "source": "overpass"}
{"ts": "2025-12-13T22:12:53.837572+00:00", "resource": "0800161791", "index": 276, "total": 294, "address": "Ravenna, FILETTO, Via Roncalceci, 0", "success": true, "source": "overpass"}
{"ts": "2025-12-13T22:12:53.844213+00:00", "resource": "0800161671", "index": 277, "total": 294, "address": "Ravenna, via Diaz, 15/ 13", "success": true, "source": "nominatim"}
{"ts": "2025-12-13T22:12:53.862127+00:00", "resource": "0800161727", "index": 278, "total": 294, "address": "Ravenna, via Ponte Marino, 7,9", "success": true, "source": "overpass"}
{"ts": "2025-12-13T22:12:53.865792+00:00", "resource": "0800308258", "index": 279, "total": 294, "address": "Ravenna, PIANGIPANE, Via Galassa, 10", "success": true, "source": "overpass"}
{"ts": "2025-12-13T22:12:53.867344+00:00", "resource": "0800309001-bene individuo", "index": 280, "total": 294, "address": "", "success": false, "source": null}
{"ts": "2025-12-13T22:12:53.868348+00:00", "resource": "0800161621-bene componente", "index": 281, "total": 294, "address": "", "success": false, "source": null}
{"ts": "2025-12-13T22:12:53.869435+00:00", "resource": "0800308255", "index": 282, "total": 294, "address": "Ravenna, Via Guaccimanni, 44", "success": true, "source": "nominatim"}
{"ts": "2025-12-13T22:12:53.870497+00:00", "resource": "0800308278", "index": 283, "total": 294, "address": "Ravenna, MARINA ROMEA, Via Fossatone, 0, all'interno della pineta San Vitale, in prossimità della Cà Vecchia", "success": true, "source": "nominatim"}
{"ts": "2025-12-13T22:12:53.873588+00:00", "resource": "0800161704", "index": 284, "total": 294, "address": "Ravenna, via Salara, 40, 42", "success": true, "source": "overpass"}
{"ts": "2025-12-13T22:12:53.879741+00:00", "resource": "0800161721", "index": 285, "total": 294, "address": "Ravenna, Via Monti, 0", "success": true, "source": "nominatim"}
{"ts": "2025-12-13T22:12:53.884777+00:00", "resource": "0800266243", "index": 286, "total": 294, "address": "Ravenna, SANTERNO, via Santerno, 284", "success": true, "source": "nominatim"}
{"ts": "2025-12-13T22:12:53.886135+00:00", "resource": "0800161789", "index": 287, "total": 294, "address": "Ravenna, via Dismano, 749", "success": true, "source": "nominatim"}
{"ts": "2025-12-13T22:12:53.887922+00:00", "resource": "0800161801", "index": 288, "total": 294, "address": "Ravenna, Via Stradone, 46", "success": true, "source": "overpass"}
{"ts": "2025-12-13T22:12:53.892342+00:00", "resource": "0800266234", "index": 289, "total": 294, "address": "Ravenna, piazza XX Settembre, 7", "success": true, "source": "nominatim"}
{"ts": "2025-12-13T22:12:53.897460+00:00", "resource": "0800161756-bene complesso", "index": 290, "total": 294, "address": "", "success": false, "source": null}
{"ts": "2025-12-13T22:12:53.900739+00:00", "resource": "0800161790", "index": 291, "total": 294, "address": "Ravenna, DURAZZANO, via Sisa, 17", "success": true, "source": "nominatim"}
{"ts": "2025-12-13T22:12:53.901912+00:00", "resource": "0800161636", "index": 292, "total": 294, "address": "Ravenna", "success": true, "source": "nominatim"}
{"ts": "2025-12-13T22:12:53.902929+00:00", "resource": "0800161666", "index": 293, "total": 294, "address": "Ravenna, Via M. D'Azeglio, 47", "success": true, "source": "nominatim"}
{"ts": "2025-12-13T22:12:53.904125+00:00", "resource": "0800161646", "index": 294, "total": 294, "address": "Ravenna, via Cairoli, 27,25,23", "success": true, "source": "nominatim"}
{"ts": "2025-12-13T22:24:33.999567+00:00", "resource": "0800161620-bene componente", "index": 1, "total": 294, "address": "", "success": false, "source": null, "message": "no-address"}
{"ts": "2025-12-13T22:24:34.007957+00:00", "resource": "0800308997", "index": 2, "total": 294, "address": "Ravenna, via Guerrini, 0 , piazza Arcivescovado 0", "success": true, "source": "maps.co", "message": null}
{"ts": "2025-12-13T22:24:34.021371+00:00", "resource": "0800161656", "index": 3, "total": 294, "address": "Ravenna, via Paolo Costa, 10", "success": true, "source": "overpass", "message": null}
{"ts": "2025-12-13T22:24:34.034537+00:00", "resource": "0800161745", "index": 4, "total": 294, "address": "Ravenna, Via Di Roma, 0", "success": true, "source": "overpass", "message": null}
{"ts": "2025-12-13T22:24:34.037944+00:00", "resource": "0800161718", "index": 5, "total": 294, "address": "Ravenna, via G. Mazzini, 75", "success": true, "source": "maps.co", "message": null}
{"ts": "2025-12-13T22:24:34.048084+00:00", "resource": "0800161753", "index": 6, "total": 294, "address": "Ravenna, via di Roma, 47", "success": true, "source": "overpass", "message": null}
{"ts": "2025-12-13T22:24:34.058090+00:00", "resource": "0800308260-bene complesso", "index": 7, "total": 294, "address": "Ravenna, SAN ZACCARIA, Via Dismano, 663", "success": true, "source": "nominatim", "message": null}
{"ts": "2025-12-13T22:24:34.069776+00:00", "resource": "0800161652", "index": 8, "total": 294, "address": "Ravenna, Via della Chiesa, 0", "success": true, "source": "maps.co", "message": null}
{"ts": "2025-12-13T22:24:34.087800+00:00", "resource": "0800266225", "index": 9, "total": 294, "address": "Ravenna, via Galla Placida, 2", "success": true, "source": "nominatim", "message": null}
{"ts": "2025-12-13T22:24:34.092297+00:00", "resource": "0800161812", "index": 10, "total": 294, "address": "Ravenna, via Casa Matha, 1/ 3, via IV Novembre, 37/ 39", "success": true, "source": "overpass", "message": null}
{"ts": "2025-12-13T22:24:34.094191+00:00", "resource": "0800161757", "index": 11, "total": 294, "address": "Ravenna, via di Roma, 0", "success": true, "source": "overpass", "message": null}
{"ts": "2025-12-13T22:24:34.100685+00:00", "resource": "0800161768", "index": 12, "total": 294, "address": "Ravenna, Vic. S. Nicandro, 0", "success": true, "source": "nominatim", "message": null}
{"ts": "2025-12-13T22:24:34.104523+00:00", "resource": "0800308997-bene individuo", "index": 13, "total": 294, "address": "", "success": false, "source": null, "message": "no-address"}
{"ts": "2025-12-13T22:24:34.114636+00:00", "resource": "0800319221", "index": 14, "total": 294, "address": "Ravenna, Piazza del popolo, 0", "success": true, "source": "overpass", "message": null}
{"ts": "2025-12-13T22:24:34.119363+00:00", "resource": "0800161735", "index": 15, "total": 294, "address": "Ravenna, via di Roma, 0", "success": true, "source": "overpass", "message": null}
{"ts": "2025-12-13T22:24:34.121183+00:00", "resource": "0800161629", "index": 16, "total": 294, "address": "Ravenna, Piazza Anita Garibaldi, 0", "success": true, "source": "overpass", "message": null}
{"ts": "2025-12-13T22:24:34.127154+00:00", "resource": "0800161647", "index": 17, "total": 294, "address": "Ravenna, Via del Candiano", "success": true, "source": "nominatim", "message": null}
{"ts": "2025-12-13T22:24:34.130158+00:00", "resource": "0800161750", "index": 18, "total": 294, "address": "Ravenna, via di Roma, 113 ,115", "success": true, "source": "overpass", "message": null}
{"ts": "2025-12-13T22:24:34.137879+00:00", "resource": "0800161793", "index": 19, "total": 294, "address": "Ravenna, LONGANA, Via Ravegnana, 0", "success": true, "source": "overpass", "message": null}
{"ts": "2025-12-13T22:24:34.140187+00:00", "resource": "0800161622", "index": 20, "total": 294, "address": "Ravenna, Via Guido Da Polenta, 0", "success": true, "source": "overpass", "message": null}
{"ts": "2025-12-13T22:24:34.147714+00:00", "resource": "0800266218", "index": 21, "total": 294, "address": "Ravenna, via Dante Alighieri, 9", "success": true, "source": "overpass", "message": null}
{"ts": "2025-12-13T22:24:34.154754+00:00", "resource": "0800309000-bene individuo", "index": 22, "total": 294, "address": "", "success": false, "source": null, "message": "no-address"}
{"ts": "2025-12-13T22:24:34.161306+00:00", "resource": "0800161774", "index": 23, "total": 294, "address": "Ravenna, Via S.Vitale, 17", "success": true, "source": "nominatim", "message": null}
{"ts": "2025-12-13T22:24:34.168291+00:00", "resource": "0800161628", "index": 24, "total": 294, "address": "Ravenna, P.zza Anita Garibaldi, 0", "success": true, "source": "overpass", "message": null}
{"ts": "2025-12-13T22:24:34.171085+00:00", "resource": "0800161660", "index": 25, "total": 294, "address": "Ravenna, Via Cura, 0", "success": true, "source": "overpass", "message": null}
{"ts": "2025-12-13T22:24:34.173230+00:00", "resource": "0800161764", "index": 26, "total": 294, "address": "Ravenna, via G. Rossi, 51, 53", "success": true, "source": "nominatim", "message": null}
{"ts": "2025-12-13T22:24:34.174716+00:00", "resource": "0800161769", "index": 27, "total": 294, "address": "Ravenna, via San Vitale, 5", "success": true, "source": "overpass", "message": null}
{"ts": "2025-12-13T22:24:34.176221+00:00", "resource": "0800161649", "index": 28, "total": 294, "address": "Ravenna, via Cavour, 54", "success": true, "source": "nominatim", "message": null}
{"ts": "2025-12-13T22:24:34.177784+00:00", "resource": "0800161682", "index": 29, "total": 294, "address": "Ravenna, via Romolo Gessi, 20", "success": true, "source": "nominatim", "message": null}
{"ts": "2025-12-13T22:24:34.179582+00:00", "resource": "0800161625", "index": 30, "total": 294, "address": "Ravenna, Via Anastagi, 19", "success": true, "source": "overpass", "message": null}
{"ts": "2025-12-13T22:24:34.184855+00:00", "resource": "0800161780", "index": 31, "total": 294, "address": "Ravenna, via Zagarelli Alle Mura, 32", "success": true, "source": "overpass", "message": null}
{"ts": "2025-12-13T22:24:34.190376+00:00", "resource": "0800266223", "index": 32, "total": 294, "address": "Ravenna, via Paolo Costa, 49", "success": true, "source": "overpass", "message": null}
{"ts": "2025-12-13T22:24:34.195504+00:00", "resource": "0800308266", "index": 33, "total": 294, "address": "Ravenna, Via Zignani, 44", "success": true, "source": "nominatim", "message": null}
{"ts": "2025-12-13T22:24:34.203676+00:00", "resource": "0800161709", "index": 34, "total": 294, "address": "Ravenna, via G. Mazzini, 49, 51, 53, 55", "success": true, "source": "nominatim", "message": null}
{"ts": "2025-12-13T22:24:34.207652+00:00", "resource": "0800319248-bene individuo", "index": 35, "total": 294, "address": "Ravenna, CLASSE, Via Romea, 0", "success": true, "source": "overpass", "message": null}
{"ts": "2025-12-13T22:24:34.210019+00:00", "resource": "0800161639", "index": 36, "total": 294, "address": "Ravenna, Via Baccarini", "success": true, "source": "nominatim", "message": null}
{"ts": "2025-12-13T22:24:34.215894+00:00", "resource": "0800161767", "index": 37, "total": 294, "address": "Ravenna, Via G. Ghiselli, 32", "success": true, "source": "nominatim", "message": null}
{"ts": "2025-12-13T22:24:34.221628+00:00", "resource": "0800161786", "index": 38, "total": 294, "address": "Ravenna, via Bagnolo Salara, 65", "success": true, "source": "nominatim", "message": null}
{"ts": "2025-12-13T22:24:34.223891+00:00", "resource": "0800308999", "index": 39, "total": 294, "address": "Ravenna, vicolo Genocchi, 9", "success": true, "source": "nominatim", "message": null}
{"ts": "2025-12-13T22:24:34.226278+00:00", "resource": "0800161766", "index": 40, "total": 294, "address": "Ravenna, Via G. Rossi, 6", "success": true, "source": "nominatim", "message": null}
{"ts": "2025-12-13T22:24:34.227759+00:00", "resource": "0800266222", "index": 41, "total": 294, "address": "Ravenna, Via del Cimitero, 0", "success": true, "source": "overpass", "message": null}
{"ts": "2025-12-13T22:24:34.229851+00:00", "resource": "0800266240", "index": 42, "total": 294, "address": "Ravenna, PIANGIPANE, via Mezzoli, 45", "success": true, "source": "nominatim", "message": null}
{"ts": "2025-12-13T22:24:34.237972+00:00", "resource": "0800161644", "index": 43, "total": 294, "address": "Ravenna, Via Battistero, 0, all'interno del giardino del Duomo fra via G. Rasponi e via R. Gessi", "success": true, "source": "overpass", "message": null}
{"ts": "2025-12-13T22:24:34.240519+00:00", "resource": "0800266233", "index": 44, "total": 294, "address": "Ravenna, Via Mura S. Vitale", "success": true, "source": "nominatim", "message": null}
{"ts": "2025-12-13T22:24:34.248608+00:00", "resource": "0800161763", "index": 45, "total": 294, "address": "Ravenna, Via Girolamo Rossi, 0", "success": true, "source": "overpass", "message": null}
{"ts": "2025-12-13T22:24:34.254623+00:00", "resource": "0800161784", "index": 46, "total": 294, "address": "Ravenna, S.S. Adriatica, 16", "success": true, "source": "nominatim", "message": null}
{"ts": "2025-12-13T22:24:34.259318+00:00", "resource": "0800161672", "index": 47, "total": 294, "address": "Ravenna, piazza Duomo, 3/ 2", "success": true, "source": "overpass", "message": null}
{"ts": "2025-12-13T22:24:34.261556+00:00", "resource": "0800161794", "index": 48, "total": 294, "address": "Ravenna, MADONNA DELL'ALBERO, Via Cella,0", "success": true, "source": "overpass", "message": null}
{"ts": "2025-12-13T22:24:34.269243+00:00", "resource": "0800161770", "index": 49, "total": 294, "address": "Ravenna", "success": true, "source": "nominatim", "message": null}
{"ts": "2025-12-13T22:24:34.272949+00:00", "resource": "0800161713", "index": 50, "total": 294, "address": "Ravenna, Via Mazzini, 0", "success": true, "source": "nominatim", "message": null}
{"ts": "2025-12-13T22:24:34.275560+00:00", "resource": "0800161676", "index": 51, "total": 294, "address": "Ravenna, Via Fiume Abbandonato, 0", "success": true, "source": "nominatim", "message": null}
{"ts": "2025-12-13T22:24:34.277594+00:00", "resource": "0800161708", "index": 52, "total": 294, "address": "Ravenna, via G. Mazzini, 64", "success": true, "source": "nominatim", "message": null}
{"ts": "2025-12-13T22:24:34.280210+00:00", "resource": "0800161619", "index": 53, "total": 294, "address": "Ravenna, Piazza S.Francesco, 0", "success": true, "source": "nominatim", "message": null}
{"ts": "2025-12-13T22:24:34.286389+00:00", "resource": "0800161687", "index": 54, "total": 294, "address": "Ravenna, Via G. Guaccimanni, 0", "success": true, "source": "nominatim", "message": null}
{"ts": "2025-12-13T22:24:34.290936+00:00", "resource": "0800161705", "index": 55, "total": 294, "address": "Ravenna, Via G. Mazzini, 42", "success": true, "source": "nominatim", "message": null}
{"ts": "2025-12-13T22:24:34.299350+00:00", "resource": "0800161737", "index": 56, "total": 294, "address": "Ravenna, Via Di Roma, 67", "success": true, "source": "overpass", "message": null}
{"ts": "2025-12-13T22:24:34.306882+00:00", "resource": "0800161748", "index": 57, "total": 294, "address": "Italia, Emilia Romagna, RA, Ravenna", "success": true, "source": "maps.co", "message": null}
{"ts": "2025-12-13T22:24:34.314942+00:00", "resource": "0800206008-bene individuo", "index": 58, "total": 294, "address": "", "success": false, "source": null, "message": "no-address"}
{"ts": "2025-12-13T22:24:34.320456+00:00", "resource": "0800161733", "index": 59, "total": 294, "address": "Ravenna, via C. Ricci, 12,14 ,16,18", "success": true, "source": "nominatim", "message": null}
{"ts": "2025-12-13T22:24:34.322568+00:00", "resource": "0800161661", "index": 60, "total": 294, "address": "Ravenna, Via Cura, 0", "success": true, "source": "overpass", "message": null}
{"ts": "2025-12-13T22:24:34.330566+00:00", "resource": "0800308274-bene individuo", "index": 61, "total": 294, "address": "Ravenna, SAN PIETRO IN TRENTO, Via Traversara, angolo via Bezzi, 67", "success": true, "source": "nominatim", "message": null}
{"ts": "2025-12-13T22:24:34.335698+00:00", "resource": "0800161730", "index": 62, "total": 294, "address": "Ravenna, via IV Novembre, 45/ 43", "success": true, "source": "overpass", "message": null}
{"ts": "2025-12-13T22:24:34.344451+00:00", "resource": "0800161797", "index": 63, "total": 294, "address": "Ravenna, MARINA DI RAVENNA, via D'Allaggio, 53", "success": true, "source": "nominatim", "message": null}
{"ts": "2025-12-13T22:24:34.348005+00:00", "resource": "0800308279", "index": 64, "total": 294, "address": "Ravenna, FOSSO GHIAIA, Via Fosso Ghiaia, 0, all'interno della pineta, parco primo maggio", "success": true, "source": "overpass", "message": null}
{"ts": "2025-12-13T22:24:34.350444+00:00", "resource": "0800266247", "index": 65, "total": 294, "address": "Ravenna, via Torri, 0", "success": true, "source": "overpass", "message": null}
{"ts": "2025-12-13T22:24:34.354364+00:00", "resource": "0800161690", "index": 66, "total": 294, "address": "Ravenna, via Guaccimanni, 27", "success": true, "source": "nominatim", "message": null}
{"ts": "2025-12-13T22:24:34.360675+00:00", "resource": "0800161621", "index": 67, "total": 294, "address": "Ravenna, Piazza S.Francesco, 0", "success": true, "source": "nominatim", "message": null}
{"ts": "2025-12-13T22:24:34.366204+00:00", "resource": "0800161633", "index": 68, "total": 294, "address": "Ravenna, Vicolo degli Ariani, 0", "success": true, "source": "overpass", "message": null}
{"ts": "2025-12-13T22:24:34.371084+00:00", "resource": "0800308254-bene componente", "index": 69, "total": 294, "address": "", "success": false, "source": null, "message": "no-address"}
{"ts": "2025-12-13T22:24:34.375614+00:00", "resource": "0800161679", "index": 70, "total": 294, "address": "Ravenna, via Gamba, 3", "success": true, "source": "overpass", "message": null}
{"ts": "2025-12-13T22:24:34.377402+00:00", "resource": "0800308281", "index": 71, "total": 294, "address": "Ravenna, SAN PIETRO IN VINCOLI, Via Gambellara, 1", "success": true, "source": "nominatim", "message": null}
{"ts": "2025-12-13T22:24:34.379221+00:00", "resource": "0800161799", "index": 72, "total": 294, "address": "Ravenna, Via Massa, 88", "success": true, "source": "nominatim", "message": null}
{"ts": "2025-12-13T22:24:34.384061+00:00", "resource": "0800161683", "index": 73, "total": 294, "address": "Ravenna, via Romolo Gessi 0, via Mentana 33/35", "success": true, "source": "overpass", "message": null}
{"ts": "2025-12-13T22:24:34.389407+00:00", "resource": "0800161702", "index": 74, "total": 294, "address": "Ravenna, via Mariani, 7/ 9", "success": true, "source": "nominatim", "message": null}
{"ts": "2025-12-13T22:24:34.394357+00:00", "resource": "0800308267", "index": 75, "total": 294, "address": "Ravenna, Via Zignani, 44", "success": true, "source": "nominatim", "message": null}
{"ts": "2025-12-13T22:24:34.403489+00:00", "resource": "0800266232", "index": 76, "total": 294, "address": "Ravenna, via San Vitale, 28, 30", "success": true, "source": "overpass", "message": null}
{"ts": "2025-12-13T22:24:34.407615+00:00", "resource": "0800266229", "index": 77, "total": 294, "address": "Ravenna, Via S.Mama, 175, 177, 179", "success": true, "source": "nominatim", "message": null}
{"ts": "2025-12-13T22:24:34.410628+00:00", "resource": "0800161658", "index": 78, "total": 294, "address": "Ravenna, via Paolo Costa, 8", "success": true, "source": "overpass", "message": null}
{"ts": "2025-12-13T22:24:34.417597+00:00", "resource": "0800161688", "index": 79, "total": 294, "address": "Ravenna, via Guaccimanni, 62", "success": true, "source": "nominatim", "message": null}
{"ts": "2025-12-13T22:24:34.420672+00:00", "resource": "0800161699", "index": 80, "total": 294, "address": "Ravenna, Via A. Mariani, 21", "success": true, "source": "nominatim", "message": null}
{"ts": "2025-12-13T22:24:34.423439+00:00", "resource": "0800161714", "index": 81, "total": 294, "address": "Ravenna, Via Mazzini, 0", "success": true, "source": "nominatim", "message": null}
{"ts": "2025-12-13T22:24:34.428768+00:00", "resource": "0800319221-bene componente", "index": 82, "total": 294, "address": "", "success": false, "source": null, "message": "no-address"}
{"ts": "2025-12-13T22:24:34.433001+00:00", "resource": "0800266238", "index": 83, "total": 294, "address": "Ravenna, PIANGIPANE, via Braccesca, 44", "success": true, "source": "overpass", "message": null}
{"ts": "2025-12-13T22:24:34.443225+00:00", "resource": "0800161662", "index": 84, "total": 294, "address": "Ravenna, Via Cura, 0", "success": true, "source": "overpass", "message": null}
{"ts": "2025-12-13T22:24:34.448918+00:00", "resource": "0800206008", "index": 85, "total": 294, "address": "Ravenna, via Mariani, 0", "success": true, "source": "nominatim", "message": null}
{"ts": "2025-12-13T22:24:34.451857+00:00", "resource": "0800161654", "index": 86, "total": 294, "address": "Ravenna, via P. Costa, 1, via XIII Giugno, 15 /17", "success": true, "source": "nominatim", "message": null}
{"ts": "2025-12-13T22:24:34.454912+00:00", "resource": "0800161796", "index": 87, "total": 294, "address": "Ravenna, MADONNA DELL'ALBERO, via Ravegnana, 479", "success": true, "source": "overpass", "message": null}
{"ts": "2025-12-13T22:24:34.457069+00:00", "resource": "0800161632", "index": 88, "total": 294, "address": "Emilia-Romagna, RA, Ravenna", "success": true, "source": "nominatim", "message": null}
{"ts": "2025-12-13T22:24:34.458968+00:00", "resource": "0800161706", "index": 89, "total": 294, "address": "Ravenna, via Mazzini, 30/ 32/ 34", "success": true, "source": "nominatim", "message": null}
{"ts": "2025-12-13T22:24:34.460972+00:00", "resource": "0800161775", "index": 90, "total": 294, "address": "Ravenna, Via Tombesi Dall'Ova, 14", "success": true, "source": "overpass", "message": null}
{"ts": "2025-12-13T22:24:34.463999+00:00", "resource": "0800266235", "index": 91, "total": 294, "address": "Ravenna, COCCOLIA, via Ravegnana, 731", "success": true, "source": "nominatim", "message": null}
{"ts": "2025-12-13T22:24:34.473238+00:00", "resource": "0800161635", "index": 92, "total": 294, "address": "Ravenna, Via Bastione, 0", "success": true, "source": "overpass", "message": null}
{"ts": "2025-12-13T22:24:34.479185+00:00", "resource": "0800161759", "index": 93, "total": 294, "address": "Ravenna, via N. Rondinelli, 4, 6", "success": true, "source": "nominatim", "message": null}
{"ts": "2025-12-13T22:24:34.491834+00:00", "resource": "0800161618", "index": 94, "total": 294, "address": "Ravenna, Via G. da Polenta, 0", "success": true, "source": "nominatim", "message": null}
{"ts": "2025-12-13T22:24:34.495146+00:00", "resource": "0800308254", "index": 95, "total": 294, "address": "Ravenna, Via Pietro Alighieri, 4", "success": true, "source": "overpass", "message": null}
{"ts": "2025-12-13T22:24:34.504050+00:00", "resource": "0800161747", "index": 96, "total": 294, "address": "Ravenna, Via Di Roma, 0", "success": true, "source": "overpass", "message": null}
{"ts": "2025-12-13T22:24:34.506963+00:00", "resource": "0800161738", "index": 97, "total": 294, "address": "Ravenna, via di Roma, 108", "success": true, "source": "overpass", "message": null}
{"ts": "2025-12-13T22:24:34.514447+00:00", "resource": "0800161626", "index": 98, "total": 294, "address": "Ravenna, P.zza Anita Garibaldi, 0", "success": true, "source": "overpass", "message": null}
{"ts": "2025-12-13T22:24:34.519220+00:00", "resource": "0800266221", "index": 99, "total": 294, "address": "Ravenna, via C. Cattaneo, 34", "success": true, "source": "nominatim", "message": null}
{"ts": "2025-12-13T22:24:34.522733+00:00", "resource": "0800161807", "index": 100, "total": 294, "address": "Ravenna, Via Sale, 102", "success": true, "source": "nominatim", "message": null}
{"ts": "2025-12-13T22:24:34.528524+00:00", "resource": "0800161809", "index": 101, "total": 294, "address": "Ravenna, SAN PIETRO IN TRENTO, via Alturie, 30", "success": true, "source": "nominatim", "message": null}
{"ts": "2025-12-13T22:24:34.534745+00:00", "resource": "0800161743", "index": 102, "total": 294, "address": "Ravenna, Via Di Roma, 13", "success": true, "source": "overpass", "message": null}
{"ts": "2025-12-13T22:24:34.536758+00:00", "resource": "0800161772", "index": 103, "total": 294, "address": "Ravenna, Via S.Vitale, 17", "success": true, "source": "nominatim", "message": null}
{"ts": "2025-12-13T22:24:34.540228+00:00", "resource": "0800309000", "index": 104, "total": 294, "address": "Ravenna, RAVENNA, via Alberoni, 12", "success": true, "source": "nominatim", "message": null}
{"ts": "2025-12-13T22:24:34.543441+00:00", "resource": "0800161782", "index": 105, "total": 294, "address": "Ravenna, via Zirardini, 14", "success": true, "source": "nominatim", "message": null}
{"ts": "2025-12-13T22:24:34.545145+00:00", "resource": "0800266254", "index": 106, "total": 294, "address": "Ravenna, via Montecatini, 3", "success": true, "source": "overpass", "message": null}
{"ts": "2025-12-13T22:24:34.549253+00:00", "resource": "0800161746", "index": 107, "total": 294, "address": "Italia, Emilia Romagna, RA, Ravenna", "success": true, "source": "maps.co", "message": null}
{"ts": "2025-12-13T22:24:34.555718+00:00", "resource": "0800161777", "index": 108, "total": 294, "address": "Ravenna, via XIII Giugno, 0", "success": true, "source": "nominatim", "message": null}
{"ts": "2025-12-13T22:24:34.566941+00:00", "resource": "0800161648", "index": 109, "total": 294, "address": "Ravenna, Via Castel S. Pietro, 0", "success": true, "source": "nominatim", "message": null}
{"ts": "2025-12-13T22:24:34.571161+00:00", "resource": "0800308268", "index": 110, "total": 294, "address": "Ravenna, Via Zignani, 44", "success": true, "source": "nominatim", "message": null}
{"ts": "2025-12-13T22:24:34.575191+00:00", "resource": "0800161677", "index": 111, "total": 294, "address": "Ravenna, Via Galla Placidia, 0", "success": true, "source": "overpass", "message": null}
{"ts": "2025-12-13T22:24:34.583338+00:00", "resource": "0800161698", "index": 112, "total": 294, "address": "Ravenna, via Mariani, 5", "success": true, "source": "nominatim", "message": null}
{"ts": "2025-12-13T22:24:34.586333+00:00", "resource": "0800161703", "index": 113, "total": 294, "address": "Ravenna, Via A. Mariani, 46", "success": true, "source": "nominatim", "message": null}
{"ts": "2025-12-13T22:24:34.589505+00:00", "resource": "0800161685", "index": 114, "total": 294, "address": "Ravenna, via Guaccimanni, 40/ 40A/ 42", "success": true, "source": "nominatim", "message": null}
{"ts": "2025-12-13T22:24:34.594858+00:00", "resource": "0800161655", "index": 115, "total": 294, "address": "Ravenna, via Paolo Costa, 22/ 24", "success": true, "source": "overpass", "message": null}
{"ts": "2025-12-13T22:24:34.598332+00:00", "resource": "0800266231", "index": 116, "total": 294, "address": "Ravenna, via San Vitale, 21", "success": true, "source": "overpass", "message": null}
{"ts": "2025-12-13T22:24:34.605828+00:00", "resource": "0800161726", "index": 117, "total": 294, "address": "Ravenna, Via Oberdan, 6", "success": true, "source": "nominatim", "message": null}
{"ts": "2025-12-13T22:24:34.608540+00:00", "resource": "0800161643", "index": 118, "total": 294, "address": "Ravenna, Via Battistero, 0", "success": true, "source": "overpass", "message": null}
{"ts": "2025-12-13T22:24:34.618260+00:00", "resource": "0800161781", "index": 119, "total": 294, "address": "Ravenna, via Zagarelli alle Mura, 2/a", "success": true, "source": "overpass", "message": null}
{"ts": "2025-12-13T22:24:34.622689+00:00", "resource": "0800308253", "index": 120, "total": 294, "address": "Ravenna, Via Pietro Alighieri, 6 - 8", "success": true, "source": "overpass", "message": null}
{"ts": "2025-12-13T22:24:34.626439+00:00", "resource": "0800308257-bene componente", "index": 121, "total": 294, "address": "Ravenna, Via Guaccimanni, 0", "success": true, "source": "nominatim", "message": null}
{"ts": "2025-12-13T22:24:34.632353+00:00", "resource": "0800161804", "index": 122, "total": 294, "address": "Ravenna, via Nigrisoli, 62", "success": true, "source": "nominatim", "message": null}
{"ts": "2025-12-13T22:24:34.634776+00:00", "resource": "0800161795", "index": 123, "total": 294, "address": "Ravenna, Via Argine destrofiume Ronco, 0", "success": true, "source": "nominatim", "message": null}
{"ts": "2025-12-13T22:24:34.637829+00:00", "resource": "0800161631", "index": 124, "total": 294, "address": "Ravenna, P.zza Arcivescovado, 1", "success": true, "source": "overpass", "message": null}
{"ts": "2025-12-13T22:24:34.642202+00:00", "resource": "0800266237", "index": 125, "total": 294, "address": "Ravenna, MARINA DI RAVENNA, via d'Allaggio", "success": true, "source": "nominatim", "message": null}
{"ts": "2025-12-13T22:24:34.645965+00:00", "resource": "0800161664", "index": 126, "total": 294, "address": "Ravenna, via Massimo d'Azeglio, 10/ 12", "success": true, "source": "overpass", "message": null}
{"ts": "2025-12-13T22:24:34.649737+00:00", "resource": "0800161772-bene componente", "index": 127, "total": 294, "address": "", "success": false, "source": null, "message": "no-address"}
{"ts": "2025-12-13T22:24:34.658078+00:00", "resource": "0800161622-bene componente", "index": 128, "total": 294, "address": "", "success": false, "source": null, "message": "no-address"}
{"ts": "2025-12-13T22:24:34.661340+00:00", "resource": "0800161805", "index": 129, "total": 294, "address": "Ravenna, via Argine sinistro del Montone, 149", "success": true, "source": "nominatim", "message": null}
{"ts": "2025-12-13T22:24:34.665406+00:00", "resource": "0800161689", "index": 130, "total": 294, "address": "Ravenna, Via Guaccimanni, 29", "success": true, "source": "nominatim", "message": null}
{"ts": "2025-12-13T22:24:34.671186+00:00", "resource": "0800161755", "index": 131, "total": 294, "address": "Ravenna, Via Di Roma, 116", "success": true, "source": "overpass", "message": null}
{"ts": "2025-12-13T22:24:34.674055+00:00", "resource": "0800266224", "index": 132, "total": 294, "address": "Ravenna, Via Guido Da Polenta, 4", "success": true, "source": "overpass", "message": null}
{"ts": "2025-12-13T22:24:34.679034+00:00", "resource": "0800161779", "index": 133, "total": 294, "address": "Ravenna, piazza XX Settembre, 5", "success": true, "source": "nominatim", "message": null}
{"ts": "2025-12-13T22:24:34.687801+00:00", "resource": "0800308248", "index": 134, "total": 294, "address": "Ravenna, Via di Classe Fuori, 0", "success": true, "source": "nominatim", "message": null}
{"ts": "2025-12-13T22:24:34.692917+00:00", "resource": "0800161650", "index": 135, "total": 294, "address": "Ravenna, via Cavour, 10", "success": true, "source": "nominatim", "message": null}
{"ts": "2025-12-13T22:24:34.695289+00:00", "resource": "0800308272", "index": 136, "total": 294, "address": "Ravenna, Via Del Borgo, 1", "success": true, "source": "overpass", "message": null}
{"ts": "2025-12-13T22:24:34.702004+00:00", "resource": "0800161813", "index": 137, "total": 294, "address": "Ravenna, via di Roma, 0", "success": true, "source": "overpass", "message": null}
{"ts": "2025-12-13T22:24:34.706243+00:00", "resource": "0800161732", "index": 138, "total": 294, "address": "Ravenna, Via C. Ricci, 0", "success": true, "source": "nominatim", "message": null}
{"ts": "2025-12-13T22:24:34.709426+00:00", "resource": "0800161657", "index": 139, "total": 294, "address": "Ravenna, Ponte Marino, 2", "success": true, "source": "nominatim", "message": null}
{"ts": "2025-12-13T22:24:34.711292+00:00", "resource": "0800161744", "index": 140, "total": 294, "address": "Ravenna, Via Di Roma, 0", "success": true, "source": "overpass", "message": null}
{"ts": "2025-12-13T22:24:34.714684+00:00", "resource": "0800161624", "index": 141, "total": 294, "address": "Ravenna, Via Pietro Alighieri, 4, 6, 8", "success": true, "source": "overpass", "message": null}
{"ts": "2025-12-13T22:24:34.720430+00:00", "resource": "0800161754", "index": 142, "total": 294, "address": "Ravenna, Via Di Roma, 68", "success": true, "source": "overpass", "message": null}
{"ts": "2025-12-13T22:24:34.723014+00:00", "resource": "0800161634", "index": 143, "total": 294, "address": "Ravenna, piazzetta degli Ariani, 0", "success": true, "source": "nominatim", "message": null}
{"ts": "2025-12-13T22:24:34.727532+00:00", "resource": "0800161725", "index": 144, "total": 294, "address": "Ravenna, P.zza Duomo, 4", "success": true, "source": "overpass", "message": null}
{"ts": "2025-12-13T22:24:34.737392+00:00", "resource": "0800161776", "index": 145, "total": 294, "address": "Ravenna, via XIII Giugno, 8", "success": true, "source": "nominatim", "message": null}
{"ts": "2025-12-13T22:24:34.740734+00:00", "resource": "0800161751", "index": 146, "total": 294, "address": "Ravenna, via di Roma, 202", "success": true, "source": "overpass", "message": null}
{"ts": "2025-12-13T22:24:34.747717+00:00", "resource": "0800319232", "index": 147, "total": 294, "address": "Ravenna, Piazza del Popolo, 23", "success": true, "source": "overpass", "message": null}
{"ts": "2025-12-13T22:24:34.749975+00:00", "resource": "0800161723", "index": 148, "total": 294, "address": "Ravenna, Via Monti, 0", "success": true, "source": "nominatim", "message": null}
{"ts": "2025-12-13T22:24:34.752759+00:00", "resource": "0800319246-bene individuo", "index": 149, "total": 294, "address": "Ravenna, Piazza del Popolo, 0", "success": true, "source": "overpass", "message": null}
{"ts": "2025-12-13T22:24:34.755391+00:00", "resource": "0800308256-bene componente", "index": 150, "total": 294, "address": "Ravenna, Via Guaccimanni, 44", "success": true, "source": "nominatim", "message": null}
{"ts": "2025-12-13T22:24:34.758413+00:00", "resource": "0800161760", "index": 151, "total": 294, "address": "Ravenna, via Rondinelli, 0", "success": true, "source": "nominatim", "message": null}
{"ts": "2025-12-13T22:24:34.761503+00:00", "resource": "0800161728", "index": 152, "total": 294, "address": "Ravenna, via XIII Giugno, 2/ 4, piazza del Popolo", "success": true, "source": "nominatim", "message": null}
{"ts": "2025-12-13T22:24:34.765163+00:00", "resource": "0800161668", "index": 153, "total": 294, "address": "Ravenna, Via M. Dente, 0", "success": true, "source": "nominatim", "message": null}
{"ts": "2025-12-13T22:24:34.769447+00:00", "resource": "0800161691", "index": 154, "total": 294, "address": "Ravenna, via Guaccimanni, 54", "success": true, "source": "nominatim", "message": null}
{"ts": "2025-12-13T22:24:34.772730+00:00", "resource": "0800161802", "index": 155, "total": 294, "address": "Ravenna, CASALBORSETTI", "success": true, "source": "nominatim", "message": null}
{"ts": "2025-12-13T22:24:34.784453+00:00", "resource": "0800161695", "index": 156, "total": 294, "address": "Ravenna, Piazza Kennedy, 0", "success": true, "source": "nominatim", "message": null}
{"ts": "2025-12-13T22:24:34.789559+00:00", "resource": "0800308271", "index": 157, "total": 294, "address": "Ravenna, MANDRIOLE, Via Mandriole, 122", "success": true, "source": "nominatim", "message": null}
{"ts": "2025-12-13T22:24:34.798543+00:00", "resource": "0800161765", "index": 158, "total": 294, "address": "Ravenna, Via G. Rossi, 2", "success": true, "source": "nominatim", "message": null}
{"ts": "2025-12-13T22:24:34.802276+00:00", "resource": "0800161640", "index": 159, "total": 294, "address": "Ravenna, Via C.B. Barbiani,0", "success": true, "source": "nominatim", "message": null}
{"ts": "2025-12-13T22:24:34.803964+00:00", "resource": "0800161696", "index": 160, "total": 294, "address": "Ravenna, P.zza Mameli, 0", "success": true, "source": "nominatim", "message": null}
{"ts": "2025-12-13T22:24:34.806223+00:00", "resource": "0800161680", "index": 161, "total": 294, "address": "Ravenna, via Romolo Gessi, 18", "success": true, "source": "nominatim", "message": null}
{"ts": "2025-12-13T22:24:34.808796+00:00", "resource": "0800161740", "index": 162, "total": 294, "address": "Ravenna, via di Roma, 69", "success": true, "source": "overpass", "message": null}
{"ts": "2025-12-13T22:24:34.810388+00:00", "resource": "0800161798", "index": 163, "total": 294, "address": "Ravenna, Via Chiesa, 1", "success": true, "source": "overpass", "message": null}
{"ts": "2025-12-13T22:24:34.812092+00:00", "resource": "0800161711", "index": 164, "total": 294, "address": "Ravenna, via G. Mazzini, 65", "success": true, "source": "nominatim", "message": null}
{"ts": "2025-12-13T22:24:34.816134+00:00", "resource": "0800161670", "index": 165, "total": 294, "address": "Ravenna, Via A. Diaz, 4, 6 , 8", "success": true, "source": "nominatim", "message": null}
{"ts": "2025-12-13T22:24:34.821555+00:00", "resource": "0800161701", "index": 166, "total": 294, "address": "Ravenna, Via Mariani, 26", "success": true, "source": "nominatim", "message": null}
{"ts": "2025-12-13T22:24:34.827705+00:00", "resource": "0800161645", "index": 167, "total": 294, "address": "Ravenna, via Cairoli, 10/ 12/16", "success": true, "source": "nominatim", "message": null}
{"ts": "2025-12-13T22:24:34.835558+00:00", "resource": "0800161692", "index": 168, "total": 294, "address": "Ravenna, via Guerrini, 11", "success": true, "source": "nominatim", "message": null}
{"ts": "2025-12-13T22:24:34.844781+00:00", "resource": "0800319233", "index": 169, "total": 294, "address": "Ravenna, via Galla Placidia, 0", "success": true, "source": "overpass", "message": null}
{"ts": "2025-12-13T22:24:34.850907+00:00", "resource": "0800161787", "index": 170, "total": 294, "address": "Ravenna, via Strada Provinciale Bagnolo, 0", "success": true, "source": "nominatim", "message": null}
{"ts": "2025-12-13T22:24:34.853129+00:00", "resource": "0800161757-bene componente", "index": 171, "total": 294, "address": "", "success": false, "source": null, "message": "no-address"}
{"ts": "2025-12-13T22:24:34.856403+00:00", "resource": "0800266242", "index": 172, "total": 294, "address": "Ravenna, SAN BARTOLO, via Argine Destro Ronco, 98", "success": true, "source": "overpass", "message": null}
{"ts": "2025-12-13T22:24:34.858300+00:00", "resource": "0800308275", "index": 173, "total": 294, "address": "Ravenna, SANTO STEFANO - CARRAIE, via Cella, 0, Carraia Ginanni", "success": true, "source": "overpass", "message": null}
{"ts": "2025-12-13T22:24:34.860433+00:00", "resource": "0800319247-bene individuo", "index": 174, "total": 294, "address": "Ravenna, via Nino Bixio, 23", "success": true, "source": "nominatim", "message": null}
{"ts": "2025-12-13T22:24:34.863421+00:00", "resource": "0800161761", "index": 175, "total": 294, "address": "Ravenna, Via Girolamo Rossi, 0", "success": true, "source": "overpass", "message": null}
{"ts": "2025-12-13T22:24:34.870871+00:00", "resource": "0800319300", "index": 176, "total": 294, "address": "Ravenna, Piazza del popolo, 0", "success": true, "source": "overpass", "message": null}
{"ts": "2025-12-13T22:24:34.873897+00:00", "resource": "0800161637", "index": 177, "total": 294, "address": "Ravenna", "success": true, "source": "nominatim", "message": null}
{"ts": "2025-12-13T22:24:34.878891+00:00", "resource": "0800161669", "index": 178, "total": 294, "address": "Ravenna, Via Tombesi Dall'Ova, 0", "success": true, "source": "overpass", "message": null}
{"ts": "2025-12-13T22:24:34.888905+00:00", "resource": "0800161642", "index": 179, "total": 294, "address": "Ravenna, P.zza Duomo, 0", "success": true, "source": "overpass", "message": null}
{"ts": "2025-12-13T22:24:34.893231+00:00", "resource": "0800161758", "index": 180, "total": 294, "address": "Ravenna, via di Roma, 0", "success": true, "source": "overpass", "message": null}
{"ts": "2025-12-13T22:24:34.897092+00:00", "resource": "0800161726-bene complesso", "index": 181, "total": 294, "address": "", "success": false, "source": null, "message": "no-address"}
{"ts": "2025-12-13T22:24:34.903310+00:00", "resource": "0800308262", "index": 182, "total": 294, "address": "Ravenna, SAN ZACCARIA, Via Dismano, 0", "success": true, "source": "overpass", "message": null}
{"ts": "2025-12-13T22:24:34.906659+00:00", "resource": "0800161684", "index": 183, "total": 294, "address": "Emilia-Romagna, RA, Ravenna", "success": true, "source": "nominatim", "message": null}
{"ts": "2025-12-13T22:24:34.909253+00:00", "resource": "0800161736", "index": 184, "total": 294, "address": "Ravenna, Via Di Roma, 102", "success": true, "source": "overpass", "message": null}
{"ts": "2025-12-13T22:24:34.911081+00:00", "resource": "0800161742", "index": 185, "total": 294, "address": "Ravenna, Via Di Roma, 0", "success": true, "source": "overpass", "message": null}
{"ts": "2025-12-13T22:24:34.915369+00:00", "resource": "0800161719", "index": 186, "total": 294, "address": "Ravenna, Via G. Mazzini, 44", "success": true, "source": "nominatim", "message": null}
{"ts": "2025-12-13T22:24:34.922417+00:00", "resource": "0800266230", "index": 187, "total": 294, "address": "Ravenna, via San Vitale, 34, 36,38, 40, 42, via M. Fanti, 19", "success": true, "source": "overpass", "message": null}
{"ts": "2025-12-13T22:24:34.925203+00:00", "resource": "0800319236", "index": 188, "total": 294, "address": "Ravenna, via Castello, 74", "success": true, "source": "nominatim", "message": null}
{"ts": "2025-12-13T22:24:34.937742+00:00", "resource": "0800266245", "index": 189, "total": 294, "address": "Ravenna, SAN PIETRO IN VINCOLI", "success": true, "source": "nominatim", "message": null}
{"ts": "2025-12-13T22:24:34.940873+00:00", "resource": "0800161624-bene complesso", "index": 190, "total": 294, "address": "", "success": false, "source": null, "message": "no-address"}
{"ts": "2025-12-13T22:24:34.949113+00:00", "resource": "0800161620", "index": 191, "total": 294, "address": "Ravenna, Piazza S.Francesco, 0", "success": true, "source": "nominatim", "message": null}
{"ts": "2025-12-13T22:24:34.952029+00:00", "resource": "0800161619-bene complesso", "index": 192, "total": 294, "address": "", "success": false, "source": null, "message": "no-address"}
{"ts": "2025-12-13T22:24:34.954804+00:00", "resource": "0800266239", "index": 193, "total": 294, "address": "Ravenna, PIANGIPANE, via Galassa, 10", "success": true, "source": "overpass", "message": null}
{"ts": "2025-12-13T22:24:34.961073+00:00", "resource": "0800161803", "index": 194, "total": 294, "address": "Ravenna, Via O. Guerrini", "success": true, "source": "nominatim", "message": null}
{"ts": "2025-12-13T22:24:34.972438+00:00", "resource": "0800308264-bene individuo", "index": 195, "total": 294, "address": "Ravenna, Via Trava, 2", "success": true, "source": "nominatim", "message": null}
{"ts": "2025-12-13T22:24:34.981607+00:00", "resource": "0800161716", "index": 196, "total": 294, "address": "Ravenna, Via Mazzini, 0", "success": true, "source": "nominatim", "message": null}
{"ts": "2025-12-13T22:24:34.987375+00:00", "resource": "0800161638", "index": 197, "total": 294, "address": "Ravenna", "success": true, "source": "nominatim", "message": null}
{"ts": "2025-12-13T22:24:34.990861+00:00", "resource": "0800161663", "index": 198, "total": 294, "address": "Ravenna, via Massimo d'Azeglio, 2", "success": true, "source": "overpass", "message": null}
{"ts": "2025-12-13T22:24:34.993912+00:00", "resource": "0800308270", "index": 199, "total": 294, "address": "Ravenna, CAMERLONA, Via S. Egidio, 0", "success": true, "source": "nominatim", "message": null}
{"ts": "2025-12-13T22:24:34.996430+00:00", "resource": "0800266226", "index": 200, "total": 294, "address": "Ravenna, via Pasolini, 9", "success": true, "source": "nominatim", "message": null}
{"ts": "2025-12-13T22:24:35.004837+00:00", "resource": "0800161792", "index": 201, "total": 294, "address": "Ravenna, GHIBULLO, via Ravegnana, 655", "success": true, "source": "overpass", "message": null}
{"ts": "2025-12-13T22:24:35.006441+00:00", "resource": "0800319300-bene componente", "index": 202, "total": 294, "address": "", "success": false, "source": null, "message": "no-address"}
{"ts": "2025-12-13T22:24:35.008818+00:00", "resource": "0800308263", "index": 203, "total": 294, "address": "Ravenna, fraz. Gambellara, Via Gambellara, 79", "success": true, "source": "overpass", "message": null}
{"ts": "2025-12-13T22:24:35.018544+00:00", "resource": "0800161700", "index": 204, "total": 294, "address": "Ravenna, Via Mariani, 24", "success": true, "source": "nominatim", "message": null}
{"ts": "2025-12-13T22:24:35.023503+00:00", "resource": "0800266241", "index": 205, "total": 294, "address": "Ravenna, via Baiona, 0", "success": true, "source": "overpass", "message": null}
{"ts": "2025-12-13T22:24:35.026146+00:00", "resource": "0800266236", "index": 206, "total": 294, "address": "Ravenna, MANDRIOLE, strada Comunale", "success": true, "source": "nominatim", "message": null}
{"ts": "2025-12-13T22:24:35.034138+00:00", "resource": "0800161811", "index": 207, "total": 294, "address": "Ravenna, SANTERNO, via Palazza, 0", "success": true, "source": "nominatim", "message": null}
{"ts": "2025-12-13T22:24:35.037087+00:00", "resource": "0800266220", "index": 208, "total": 294, "address": "Ravenna, via Carlo Cattaneo, 22", "success": true, "source": "overpass", "message": null}
{"ts": "2025-12-13T22:24:35.040544+00:00", "resource": "0800161644-bene individuo", "index": 209, "total": 294, "address": "", "success": false, "source": null, "message": "no-address"}
{"ts": "2025-12-13T22:24:35.043361+00:00", "resource": "0800161694", "index": 210, "total": 294, "address": "Ravenna, via delle Industrie, 0", "success": true, "source": "overpass", "message": null}
{"ts": "2025-12-13T22:24:35.046077+00:00", "resource": "0800161762", "index": 211, "total": 294, "address": "Ravenna, Via Girolamo Rossi, 0", "success": true, "source": "overpass", "message": null}
{"ts": "2025-12-13T22:24:35.051047+00:00", "resource": "0800161771", "index": 212, "total": 294, "address": "Ravenna, Via S.Vitale, 17", "success": true, "source": "nominatim", "message": null}
{"ts": "2025-12-13T22:24:35.056081+00:00", "resource": "0800308265-bene individuo", "index": 213, "total": 294, "address": "Ravenna, RONCALCECI, Via Babini, 246", "success": true, "source": "nominatim", "message": null}
{"ts": "2025-12-13T22:24:35.066315+00:00", "resource": "0800161665", "index": 214, "total": 294, "address": "Ravenna, via Massimo d'Azeglio, 38", "success": true, "source": "overpass", "message": null}
{"ts": "2025-12-13T22:24:35.073093+00:00", "resource": "0800161630", "index": 215, "total": 294, "address": "Ravenna, P.zza Arcivescovado, 1", "success": true, "source": "overpass", "message": null}
{"ts": "2025-12-13T22:24:35.082197+00:00", "resource": "0800161681", "index": 216, "total": 294, "address": "Ravenna, via Romolo Gessi, 14/ 16", "success": true, "source": "overpass", "message": null}
{"ts": "2025-12-13T22:24:35.087442+00:00", "resource": "0800319231", "index": 217, "total": 294, "address": "Ravenna, via Diaz, 2", "success": true, "source": "nominatim", "message": null}
{"ts": "2025-12-13T22:24:35.090322+00:00", "resource": "0800161741", "index": 218, "total": 294, "address": "Ravenna, Via Di Roma, 0", "success": true, "source": "overpass", "message": null}
{"ts": "2025-12-13T22:24:35.092267+00:00", "resource": "0800161686", "index": 219, "total": 294, "address": "Ravenna, via Guaccimanni, 11", "success": true, "source": "nominatim", "message": null}
{"ts": "2025-12-13T22:24:35.094002+00:00", "resource": "0800308269", "index": 220, "total": 294, "address": "Ravenna, FILETTO, Via Roncalcesi, 0, 1,4 Km. dall'incrocio con via Nuova", "success": true, "source": "nominatim", "message": null}
{"ts": "2025-12-13T22:24:35.096445+00:00", "resource": "0800161810", "index": 221, "total": 294, "address": "Ravenna, SANTO STEFANO - CARRAIE, via Cella, 0, Carraia Ginanni", "success": true, "source": "overpass", "message": null}
{"ts": "2025-12-13T22:24:35.100057+00:00", "resource": "0800308261", "index": 222, "total": 294, "address": "Ravenna, SAN ZACCARIA, Via Dismano, 663", "success": true, "source": "nominatim", "message": null}
{"ts": "2025-12-13T22:24:35.106975+00:00", "resource": "0800266219", "index": 223, "total": 294, "address": "Ravenna, via Canale Molinetto, 90/ 92", "success": true, "source": "nominatim", "message": null}
{"ts": "2025-12-13T22:24:35.110521+00:00", "resource": "0800266244", "index": 224, "total": 294, "address": "Ravenna, SAVARNA, via Basilica, 158", "success": true, "source": "nominatim", "message": null}
{"ts": "2025-12-13T22:24:35.120781+00:00", "resource": "0800161739", "index": 225, "total": 294, "address": "Ravenna, via di Roma, 118", "success": true, "source": "overpass", "message": null}
{"ts": "2025-12-13T22:24:35.126989+00:00", "resource": "0800161659", "index": 226, "total": 294, "address": "Ravenna, via Paola Costa, 7", "success": true, "source": "nominatim", "message": null}
{"ts": "2025-12-13T22:24:35.131045+00:00", "resource": "0800161651", "index": 227, "total": 294, "address": "Ravenna, Via Cavour, 0", "success": true, "source": "overpass", "message": null}
{"ts": "2025-12-13T22:24:35.135546+00:00", "resource": "0800161806", "index": 228, "total": 294, "address": "Ravenna, Strada Provinciale Faentina, 362", "success": true, "source": "nominatim", "message": null}
{"ts": "2025-12-13T22:24:35.137662+00:00", "resource": "0800161731", "index": 229, "total": 294, "address": "Ravenna, via C. Ricci, 20,22 ,24", "success": true, "source": "nominatim", "message": null}
{"ts": "2025-12-13T22:24:35.139695+00:00", "resource": "0800161729", "index": 230, "total": 294, "address": "Ravenna, Via Porta Gaza, 0", "success": true, "source": "overpass", "message": null}
{"ts": "2025-12-13T22:24:35.143970+00:00", "resource": "0800319340-bene individuo", "index": 231, "total": 294, "address": "Ravenna, Piazza Kennedy, 14,15,16,17", "success": true, "source": "nominatim", "message": null}
{"ts": "2025-12-13T22:24:35.148101+00:00", "resource": "0800161674", "index": 232, "total": 294, "address": "Ravenna, P.zza Duomo", "success": true, "source": "overpass", "message": null}
{"ts": "2025-12-13T22:24:35.154041+00:00", "resource": "0800161778", "index": 233, "total": 294, "address": "Ravenna, via XIII Giugno, 3", "success": true, "source": "nominatim", "message": null}
{"ts": "2025-12-13T22:24:35.158707+00:00", "resource": "0800161710", "index": 234, "total": 294, "address": "Ravenna, Via Mazzini, 7", "success": true, "source": "nominatim", "message": null}
{"ts": "2025-12-13T22:24:35.170450+00:00", "resource": "0800161715", "index": 235, "total": 294, "address": "Ravenna, Via Mazzini,0", "success": true, "source": "nominatim", "message": null}
{"ts": "2025-12-13T22:24:35.173857+00:00", "resource": "0800308253-bene componente", "index": 236, "total": 294, "address": "", "success": false, "source": null, "message": "no-address"}
{"ts": "2025-12-13T22:24:35.177106+00:00", "resource": "0800161641", "index": 237, "total": 294, "address": "Ravenna, P.zza Duomo, 0", "success": true, "source": "overpass", "message": null}
{"ts": "2025-12-13T22:24:35.185293+00:00", "resource": "0800161707", "index": 238, "total": 294, "address": "Ravenna, via Mazzini, 72", "success": true, "source": "nominatim", "message": null}
{"ts": "2025-12-13T22:24:35.187658+00:00", "resource": "0800319234", "index": 239, "total": 294, "address": "Ravenna, FILETTO, via Roncalceci, 195", "success": true, "source": "nominatim", "message": null}
{"ts": "2025-12-13T22:24:35.191112+00:00", "resource": "0800161717", "index": 240, "total": 294, "address": "Ravenna, via Mazzini, 76/ 78", "success": true, "source": "nominatim", "message": null}
{"ts": "2025-12-13T22:24:35.194268+00:00", "resource": "0800266228", "index": 241, "total": 294, "address": "Ravenna, via Salara, 33/ 31", "success": true, "source": "overpass", "message": null}
{"ts": "2025-12-13T22:24:35.195862+00:00", "resource": "0800308999-bene individuo", "index": 242, "total": 294, "address": "", "success": false, "source": null, "message": "no-address"}
{"ts": "2025-12-13T22:24:35.199448+00:00", "resource": "0800161771-bene componente", "index": 243, "total": 294, "address": "", "success": false, "source": null, "message": "no-address"}
{"ts": "2025-12-13T22:24:35.206025+00:00", "resource": "0800161678", "index": 244, "total": 294, "address": "Ravenna, Via Galla Placidia, 0", "success": true, "source": "overpass", "message": null}
{"ts": "2025-12-13T22:24:35.211172+00:00", "resource": "0800161724", "index": 245, "total": 294, "address": "Ravenna, Via Morigia, 1", "success": true, "source": "nominatim", "message": null}
{"ts": "2025-12-13T22:24:35.220517+00:00", "resource": "0800266227", "index": 246, "total": 294, "address": "Ravenna, piazzetta degli Ariani, 0", "success": true, "source": "nominatim", "message": null}
{"ts": "2025-12-13T22:24:35.223665+00:00", "resource": "0800319235", "index": 247, "total": 294, "address": "Ravenna, via Barleti, 5, 7, 9", "success": true, "source": "nominatim", "message": null}
{"ts": "2025-12-13T22:24:35.228608+00:00", "resource": "0800161788", "index": 248, "total": 294, "address": "Ravenna, via Dismano, 749/ 747", "success": true, "source": "overpass", "message": null}
{"ts": "2025-12-13T22:24:35.233797+00:00", "resource": "0800161734", "index": 249, "total": 294, "address": "Ravenna, via Rocca di Brancaleone, 0", "success": true, "source": "maps.co", "message": null}
{"ts": "2025-12-13T22:24:35.236812+00:00", "resource": "0800161623", "index": 250, "total": 294, "address": "Ravenna, via Dante Alighieri, 2,4(P ),6", "success": true, "source": "overpass", "message": null}
{"ts": "2025-12-13T22:24:35.243162+00:00", "resource": "0800308276", "index": 251, "total": 294, "address": "Ravenna, SANTO STEFANO - CARRAIE, via Cella, 0, Carraia Ginanni", "success": true, "source": "overpass", "message": null}
{"ts": "2025-12-13T22:24:35.246387+00:00", "resource": "0800309001", "index": 252, "total": 294, "address": "Ravenna, vicolo Capannetti, 5", "success": true, "source": "overpass", "message": null}
{"ts": "2025-12-13T22:24:41.688418+00:00", "resource": "0800161800", "index": 253, "total": 294, "address": "Ravenna, strada comunale Carrarone Chiesa, 0", "success": true, "source": "nominatim", "message": null}
{"ts": "2025-12-13T22:24:41.690611+00:00", "resource": "0800161808", "index": 254, "total": 294, "address": "Ravenna, SAN PIETRO IN TRENTO, via Ramona, 55", "success": true, "source": "maps.co", "message": null}
{"ts": "2025-12-13T22:24:41.693129+00:00", "resource": "0800161627", "index": 255, "total": 294, "address": "Ravenna, P.zza Anita Garibaldi, 0", "success": true, "source": "overpass", "message": null}
{"ts": "2025-12-13T22:24:41.702576+00:00", "resource": "0800308277-bene componente", "index": 256, "total": 294, "address": "Ravenna, SANTO STEFANO - CARRAIE, via Cella, 0, Carraia Ginanni", "success": true, "source": "overpass", "message": null}
{"ts": "2025-12-13T22:24:41.708090+00:00", "resource": "0800161673", "index": 257, "total": 294, "address": "Ravenna, P.zza Duomo, 0", "success": true, "source": "overpass", "message": null}
{"ts": "2025-12-13T22:24:41.711420+00:00", "resource": "0800161756", "index": 258, "total": 294, "address": "Ravenna, via di Roma, 0", "success": true, "source": "overpass", "message": null}
{"ts": "2025-12-13T22:24:41.719429+00:00", "resource": "0800161720", "index": 259, "total": 294, "address": "Ravenna, Via Mazzini, 57", "success": true, "source": "nominatim", "message": null}
{"ts": "2025-12-13T22:24:41.724570+00:00", "resource": "0800161675", "index": 260, "total": 294, "address": "Ravenna, via Ercolana, 29/ 31/ 33", "success": true, "source": "overpass", "message": null}
{"ts": "2025-12-13T22:24:41.732431+00:00", "resource": "0800161712", "index": 261, "total": 294, "address": "Ravenna, via G. Mazzini, 84", "success": true, "source": "nominatim", "message": null}
{"ts": "2025-12-13T22:24:41.735172+00:00", "resource": "0800161623-bene componente", "index": 262, "total": 294, "address": "", "success": false, "source": null, "message": "no-address"}
{"ts": "2025-12-13T22:24:41.739889+00:00", "resource": "0800308273-bene individuo", "index": 263, "total": 294, "address": "Ravenna, Via Santerno, 0", "success": true, "source": "overpass", "message": null}
{"ts": "2025-12-13T22:24:41.743698+00:00", "resource": "0800161785", "index": 264, "total": 294, "address": "Ravenna, via Petrosa, 0", "success": true, "source": "nominatim", "message": null}
{"ts": "2025-12-13T22:24:41.753555+00:00", "resource": "0800161697", "index": 265, "total": 294, "address": "Ravenna, Via A. Mariani, 22", "success": true, "source": "nominatim", "message": null}
{"ts": "2025-12-13T22:24:41.759538+00:00", "resource": "0800266246", "index": 266, "total": 294, "address": "Ravenna, SAN PIETRO IN VINCOLI, via del Sale Vecchia, 18", "success": true, "source": "nominatim", "message": null}
{"ts": "2025-12-13T22:24:41.766294+00:00", "resource": "0800161749", "index": 267, "total": 294, "address": "Ravenna, Via Di Roma, 108", "success": true, "source": "overpass", "message": null}
{"ts": "2025-12-13T22:24:41.769673+00:00", "resource": "0800161693", "index": 268, "total": 294, "address": "Ravenna, via Guerrini, 15", "success": true, "source": "nominatim", "message": null}
{"ts": "2025-12-13T22:24:41.771451+00:00", "resource": "0800161783", "index": 269, "total": 294, "address": "Ravenna, S.S. Adriatica, 16", "success": true, "source": "nominatim", "message": null}
{"ts": "2025-12-13T22:24:41.776818+00:00", "resource": "0800161667", "index": 270, "total": 294, "address": "Ravenna, Via M. Dente, 0", "success": true, "source": "nominatim", "message": null}
{"ts": "2025-12-13T22:24:41.786460+00:00", "resource": "0800161722", "index": 271, "total": 294, "address": "Ravenna, Via Monti, 0", "success": true, "source": "nominatim", "message": null}
{"ts": "2025-12-13T22:24:41.791679+00:00", "resource": "0800161752", "index": 272, "total": 294, "address": "Ravenna, Via Di Roma, 98", "success": true, "source": "overpass", "message": null}
{"ts": "2025-12-13T22:24:41.798527+00:00", "resource": "0800319415", "index": 273, "total": 294, "address": "Ravenna, via Dismano, 747", "success": true, "source": "nominatim", "message": null}
{"ts": "2025-12-13T22:24:41.804028+00:00", "resource": "0800161653", "index": 274, "total": 294, "address": "Ravenna, via Paolo Costa, 2", "success": true, "source": "overpass", "message": null}
{"ts": "2025-12-13T22:24:41.814099+00:00", "resource": "0800266248", "index": 275, "total": 294, "address": "Ravenna, via Villanova, 96", "success": true, "source": "overpass", "message": null}
{"ts": "2025-12-13T22:24:41.820586+00:00", "resource": "0800161791", "index": 276, "total": 294, "address": "Ravenna, FILETTO, Via Roncalceci, 0", "success": true, "source": "overpass", "message": null}
{"ts": "2025-12-13T22:24:41.823550+00:00", "resource": "0800161671", "index": 277, "total": 294, "address": "Ravenna, via Diaz, 15/ 13", "success": true, "source": "nominatim", "message": null}
{"ts": "2025-12-13T22:24:41.826483+00:00", "resource": "0800161727", "index": 278, "total": 294, "address": "Ravenna, via Ponte Marino, 7,9", "success": true, "source": "overpass", "message": null}
{"ts": "2025-12-13T22:24:41.828241+00:00", "resource": "0800308258", "index": 279, "total": 294, "address": "Ravenna, PIANGIPANE, Via Galassa, 10", "success": true, "source": "overpass", "message": null}
{"ts": "2025-12-13T22:24:41.829697+00:00", "resource": "0800309001-bene individuo", "index": 280, "total": 294, "address": "", "success": false, "source": null, "message": "no-address"}
{"ts": "2025-12-13T22:24:41.831463+00:00", "resource": "0800161621-bene componente", "index": 281, "total": 294, "address": "", "success": false, "source": null, "message": "no-address"}
{"ts": "2025-12-13T22:24:41.833694+00:00", "resource": "0800308255", "index": 282, "total": 294, "address": "Ravenna, Via Guaccimanni, 44", "success": true, "source": "nominatim", "message": null}
{"ts": "2025-12-13T22:24:41.838945+00:00", "resource": "0800308278", "index": 283, "total": 294, "address": "Ravenna, MARINA ROMEA, Via Fossatone, 0, all'interno della pineta San Vitale, in prossimità della Cà Vecchia", "success": true, "source": "nominatim", "message": null}
{"ts": "2025-12-13T22:24:41.844467+00:00", "resource": "0800161704", "index": 284, "total": 294, "address": "Ravenna, via Salara, 40, 42", "success": true, "source": "overpass", "message": null}
{"ts": "2025-12-13T22:24:41.849921+00:00", "resource": "0800161721", "index": 285, "total": 294, "address": "Ravenna, Via Monti, 0", "success": true, "source": "nominatim", "message": null}
{"ts": "2025-12-13T22:24:41.855354+00:00", "resource": "0800266243", "index": 286, "total": 294, "address": "Ravenna, SANTERNO, via Santerno, 284", "success": true, "source": "nominatim", "message": null}
{"ts": "2025-12-13T22:24:41.859728+00:00", "resource": "0800161789", "index": 287, "total": 294, "address": "Ravenna, via Dismano, 749", "success": true, "source": "nominatim", "message": null}
{"ts": "2025-12-13T22:24:41.863459+00:00", "resource": "0800161801", "index": 288, "total": 294, "address": "Ravenna, Via Stradone, 46", "success": true, "source": "overpass", "message": null}
{"ts": "2025-12-13T22:24:41.865476+00:00", "resource": "0800266234", "index": 289, "total": 294, "address": "Ravenna, piazza XX Settembre, 7", "success": true, "source": "nominatim", "message": null}
{"ts": "2025-12-13T22:24:41.867521+00:00", "resource": "0800161756-bene complesso", "index": 290, "total": 294, "address": "", "success": false, "source": null, "message": "no-address"}
{"ts": "2025-12-13T22:24:41.869601+00:00", "resource": "0800161790", "index": 291, "total": 294, "address": "Ravenna, DURAZZANO, via Sisa, 17", "success": true, "source": "nominatim", "message": null}
{"ts": "2025-12-13T22:24:41.871442+00:00", "resource": "0800161636", "index": 292, "total": 294, "address": "Ravenna", "success": true, "source": "nominatim", "message": null}
{"ts": "2025-12-13T22:24:41.872819+00:00", "resource": "0800161666", "index": 293, "total": 294, "address": "Ravenna, Via M. D'Azeglio, 47", "success": true, "source": "nominatim", "message": null}
{"ts": "2025-12-13T22:24:41.874027+00:00", "resource": "0800161646", "index": 294, "total": 294, "address": "Ravenna, via Cairoli, 27,25,23", "success": true, "source": "nominatim", "message": null}
{"ts": "2025-12-14T07:18:14.142605+00:00", "resource": "0800161620-bene componente", "index": 1, "total": 294, "address": "", "success": false, "source": null, "message": "no-address"}
{"ts": "2025-12-14T07:18:14.152873+00:00", "resource": "0800308997", "index": 2, "total": 294, "address": "Ravenna, via Guerrini, 0 , piazza Arcivescovado 0", "success": true, "source": "maps.co", "message": null}
{"ts": "2025-12-14T07:18:14.161469+00:00", "resource": "0800161656", "index": 3, "total": 294, "address": "Ravenna, via Paolo Costa, 10", "success": true, "source": "overpass", "message": null}
{"ts": "2025-12-14T07:18:14.168973+00:00", "resource": "0800161745", "index": 4, "total": 294, "address": "Ravenna, Via Di Roma, 0", "success": true, "source": "overpass", "message": null}
{"ts": "2025-12-14T07:18:15.118121+00:00", "resource": "0800161718", "index": 5, "total": 294, "address": "Ravenna, Via Giuseppe Mazzini, 75", "success": true, "source": "overpass", "message": null}
{"ts": "2025-12-14T07:18:15.120397+00:00", "resource": "0800161753", "index": 6, "total": 294, "address": "Ravenna, via di Roma, 47", "success": true, "source": "overpass", "message": null}
{"ts": "2025-12-14T07:18:15.127908+00:00", "resource": "0800308260-bene complesso", "index": 7, "total": 294, "address": "Ravenna, SAN ZACCARIA, Via Dismano, 663", "success": true, "source": "nominatim", "message": null}
{"ts": "2025-12-14T07:18:15.131854+00:00", "resource": "0800161652", "index": 8, "total": 294, "address": "Ravenna, Via della Chiesa, 0", "success": true, "source": "maps.co", "message": null}
{"ts": "2025-12-14T07:18:15.136320+00:00", "resource": "0800266225", "index": 9, "total": 294, "address": "Ravenna, via Galla Placida, 2", "success": true, "source": "nominatim", "message": null}
{"ts": "2025-12-14T07:18:15.138818+00:00", "resource": "0800161812", "index": 10, "total": 294, "address": "Ravenna, via Casa Matha, 1/ 3, via IV Novembre, 37/ 39", "success": true, "source": "overpass", "message": null}
{"ts": "2025-12-14T07:18:15.146397+00:00", "resource": "0800161757", "index": 11, "total": 294, "address": "Ravenna, via di Roma, 0", "success": true, "source": "overpass", "message": null}
{"ts": "2025-12-14T07:18:15.998558+00:00", "resource": "0800161768", "index": 12, "total": 294, "address": "Ravenna, Vicolo San Nicandro, 0", "success": true, "source": "overpass", "message": null}
{"ts": "2025-12-14T07:18:16.000700+00:00", "resource": "0800308997-bene individuo", "index": 13, "total": 294, "address": "", "success": false, "source": null, "message": "no-address"}
{"ts": "2025-12-14T07:18:16.005817+00:00", "resource": "0800319221", "index": 14, "total": 294, "address": "Ravenna, Piazza del popolo, 0", "success": true, "source": "overpass", "message": null}
{"ts": "2025-12-14T07:18:16.016294+00:00", "resource": "0800161735", "index": 15, "total": 294, "address": "Ravenna, via di Roma, 0", "success": true, "source": "overpass", "message": null}
{"ts": "2025-12-14T07:18:16.018981+00:00", "resource": "0800161629", "index": 16, "total": 294, "address": "Ravenna, Piazza Anita Garibaldi, 0", "success": true, "source": "overpass", "message": null}
{"ts": "2025-12-14T07:18:16.023224+00:00", "resource": "0800161647", "index": 17, "total": 294, "address": "Ravenna, Via del Candiano", "success": true, "source": "nominatim", "message": null}
{"ts": "2025-12-14T07:18:16.888736+00:00", "resource": "0800161750", "index": 18, "total": 294, "address": "Ravenna, via di Roma, 113", "success": true, "source": "overpass", "message": null}
{"ts": "2025-12-14T07:18:17.812845+00:00", "resource": "0800161793", "index": 19, "total": 294, "address": "Ravenna, Via Ravegnana, 0", "success": true, "source": "overpass", "message": null}
{"ts": "2025-12-14T07:18:17.815433+00:00", "resource": "0800161622", "index": 20, "total": 294, "address": "Ravenna, Via Guido Da Polenta, 0", "success": true, "source": "overpass", "message": null}
{"ts": "2025-12-14T07:18:17.818534+00:00", "resource": "0800266218", "index": 21, "total": 294, "address": "Ravenna, via Dante Alighieri, 9", "success": true, "source": "overpass", "message": null}
{"ts": "2025-12-14T07:18:17.825701+00:00", "resource": "0800309000-bene individuo", "index": 22, "total": 294, "address": "", "success": false, "source": null, "message": "no-address"}
{"ts": "2025-12-14T07:18:18.788976+00:00", "resource": "0800161774", "index": 23, "total": 294, "address": "Ravenna, Via San Vitale, 17", "success": true, "source": "overpass", "message": null}
{"ts": "2025-12-14T07:18:18.794834+00:00", "resource": "0800161628", "index": 24, "total": 294, "address": "Ravenna, Piazza Anita Garibaldi, 0", "success": true, "source": "overpass", "message": null}
{"ts": "2025-12-14T07:18:18.802559+00:00", "resource": "0800161660", "index": 25, "total": 294, "address": "Ravenna, Via Cura, 0", "success": true, "source": "overpass", "message": null}
{"ts": "2025-12-14T07:18:19.697792+00:00", "resource": "0800161764", "index": 26, "total": 294, "address": "Ravenna, via Girolamo Rossi, 51, 53", "success": true, "source": "overpass", "message": null}
{"ts": "2025-12-14T07:18:19.700572+00:00", "resource": "0800161769", "index": 27, "total": 294, "address": "Ravenna, via San Vitale, 5", "success": true, "source": "overpass", "message": null}
{"ts": "2025-12-14T07:18:20.767696+00:00", "resource": "0800161649", "index": 28, "total": 294, "address": "Ravenna, Via Camillo Benso Conte di Cavour, 54", "success": true, "source": "overpass", "message": null}
{"ts": "2025-12-14T07:18:20.769854+00:00", "resource": "0800161682", "index": 29, "total": 294, "address": "Ravenna, via Romolo Gessi, 20", "success": true, "source": "nominatim", "message": null}
{"ts": "2025-12-14T07:18:20.777952+00:00", "resource": "0800161625", "index": 30, "total": 294, "address": "Ravenna, Via Anastagi, 19", "success": true, "source": "overpass", "message": null}
{"ts": "2025-12-14T07:18:20.786270+00:00", "resource": "0800161780", "index": 31, "total": 294, "address": "Ravenna, via Zagarelli Alle Mura, 32", "success": true, "source": "overpass", "message": null}
{"ts": "2025-12-14T07:18:20.789719+00:00", "resource": "0800266223", "index": 32, "total": 294, "address": "Ravenna, via Paolo Costa, 49", "success": true, "source": "overpass", "message": null}
{"ts": "2025-12-14T07:18:20.796898+00:00", "resource": "0800308266", "index": 33, "total": 294, "address": "Ravenna, Via Zignani, 44", "success": true, "source": "nominatim", "message": null}
{"ts": "2025-12-14T07:18:21.579240+00:00", "resource": "0800161709", "index": 34, "total": 294, "address": "Ravenna, Via Giuseppe Mazzini, 49", "success": true, "source": "overpass", "message": null}
{"ts": "2025-12-14T07:18:21.581955+00:00", "resource": "0800319248-bene individuo", "index": 35, "total": 294, "address": "Ravenna, CLASSE, Via Romea, 0", "success": true, "source": "overpass", "message": null}
{"ts": "2025-12-14T07:18:21.585263+00:00", "resource": "0800161639", "index": 36, "total": 294, "address": "Ravenna, Via Baccarini", "success": true, "source": "nominatim", "message": null}
{"ts": "2025-12-14T07:18:21.592706+00:00", "resource": "0800161767", "index": 37, "total": 294, "address": "Ravenna, Via G. Ghiselli, 32", "success": true, "source": "nominatim", "message": null}
{"ts": "2025-12-14T07:18:21.598088+00:00", "resource": "0800161786", "index": 38, "total": 294, "address": "Ravenna, via Bagnolo Salara, 65", "success": true, "source": "nominatim", "message": null}
{"ts": "2025-12-14T07:18:21.601945+00:00", "resource": "0800308999", "index": 39, "total": 294, "address": "Ravenna, vicolo Genocchi, 9", "success": true, "source": "nominatim", "message": null}
{"ts": "2025-12-14T07:18:22.468520+00:00", "resource": "0800161766", "index": 40, "total": 294, "address": "Ravenna, via Girolamo Rossi, 6", "success": true, "source": "overpass", "message": null}
{"ts": "2025-12-14T07:18:22.470472+00:00", "resource": "0800266222", "index": 41, "total": 294, "address": "Ravenna, Via del Cimitero, 0", "success": true, "source": "overpass", "message": null}
{"ts": "2025-12-14T07:18:22.479161+00:00", "resource": "0800266240", "index": 42, "total": 294, "address": "Ravenna, PIANGIPANE, via Mezzoli, 45", "success": true, "source": "nominatim", "message": null}
{"ts": "2025-12-14T07:18:22.485939+00:00", "resource": "0800161644", "index": 43, "total": 294, "address": "Ravenna, Via Battistero, 0, all'interno del giardino del Duomo fra via G. Rasponi e via R. Gessi", "success": true, "source": "overpass", "message": null}
{"ts": "2025-12-14T07:18:22.491085+00:00", "resource": "0800266233", "index": 44, "total": 294, "address": "Ravenna, Via Mura S. Vitale", "success": true, "source": "nominatim", "message": null}
{"ts": "2025-12-14T07:18:22.496917+00:00", "resource": "0800161763", "index": 45, "total": 294, "address": "Ravenna, Via Girolamo Rossi, 0", "success": true, "source": "overpass", "message": null}
{"ts": "2025-12-14T07:18:29.786069+00:00", "resource": "0800161784", "index": 46, "total": 294, "address": "Ravenna, Strada Statale Adriatica, 16", "success": true, "source": "nominatim", "message": null}
{"ts": "2025-12-14T07:18:34.570007+00:00", "resource": "0800161672", "index": 47, "total": 294, "address": "Ravenna, piazza Duomo, 3", "success": true, "source": "overpass", "message": null}
{"ts": "2025-12-14T07:18:34.573972+00:00", "resource": "0800161794", "index": 48, "total": 294, "address": "Ravenna, MADONNA DELL'ALBERO, Via Cella,0", "success": true, "source": "overpass", "message": null}
{"ts": "2025-12-14T07:18:34.576692+00:00", "resource": "0800161770", "index": 49, "total": 294, "address": "Ravenna", "success": true, "source": "nominatim", "message": null}
{"ts": "2025-12-14T07:18:35.394821+00:00", "resource": "0800161713", "index": 50, "total": 294, "address": "Ravenna, Via Giuseppe Mazzini, 0", "success": true, "source": "overpass", "message": null}
{"ts": "2025-12-14T07:18:35.396649+00:00", "resource": "0800161676", "index": 51, "total": 294, "address": "Ravenna, Via Fiume Abbandonato, 0", "success": true, "source": "nominatim", "message": null}
{"ts": "2025-12-14T07:18:36.308939+00:00", "resource": "0800161708", "index": 52, "total": 294, "address": "Ravenna, Via Giuseppe Mazzini, 64", "success": true, "source": "overpass", "message": null}
{"ts": "2025-12-14T07:18:36.312460+00:00", "resource": "0800161619", "index": 53, "total": 294, "address": "Ravenna, Piazza S.Francesco, 0", "success": true, "source": "nominatim", "message": null}
{"ts": "2025-12-14T07:18:37.397514+00:00", "resource": "0800161687", "index": 54, "total": 294, "address": "Ravenna, Via Girotto Guaccimanni, 0", "success": true, "source": "overpass", "message": null}
{"ts": "2025-12-14T07:18:41.879097+00:00", "resource": "0800161705", "index": 55, "total": 294, "address": "Ravenna, Via Giuseppe Mazzini, 42", "success": true, "source": "overpass", "message": null}
{"ts": "2025-12-14T07:18:41.881599+00:00", "resource": "0800161737", "index": 56, "total": 294, "address": "Ravenna, Via Di Roma, 67", "success": true, "source": "overpass", "message": null}
{"ts": "2025-12-14T07:18:41.886022+00:00", "resource": "0800161748", "index": 57, "total": 294, "address": "Italia, Emilia Romagna, RA, Ravenna", "success": true, "source": "maps.co", "message": null}
{"ts": "2025-12-14T07:18:41.893194+00:00", "resource": "0800206008-bene individuo", "index": 58, "total": 294, "address": "", "success": false, "source": null, "message": "no-address"}
{"ts": "2025-12-14T07:18:45.106455+00:00", "resource": "0800161733", "index": 59, "total": 294, "address": "Ravenna, via Gregorio Ricci Cubastro, 12", "success": true, "source": "nominatim", "message": null}
{"ts": "2025-12-14T07:18:45.108652+00:00", "resource": "0800161661", "index": 60, "total": 294, "address": "Ravenna, Via Cura, 0", "success": true, "source": "overpass", "message": null}
{"ts": "2025-12-14T07:18:45.111710+00:00", "resource": "0800308274-bene individuo", "index": 61, "total": 294, "address": "Ravenna, SAN PIETRO IN TRENTO, Via Traversara, angolo via Bezzi, 67", "success": true, "source": "nominatim", "message": null}
{"ts": "2025-12-14T07:18:49.091960+00:00", "resource": "0800161730", "index": 62, "total": 294, "address": "Ravenna, via IV Novembre, 45", "success": true, "source": "nominatim", "message": null}
{"ts": "2025-12-14T07:18:54.702156+00:00", "resource": "0800161797", "index": 63, "total": 294, "address": "Ravenna, via D'Allaggio, 53", "success": true, "source": "nominatim", "message": null}
{"ts": "2025-12-14T07:18:55.497063+00:00", "resource": "0800308279", "index": 64, "total": 294, "address": "Ravenna, Via Fosso Ghiaia, 0", "success": true, "source": "overpass", "message": null}
{"ts": "2025-12-14T07:18:55.499484+00:00", "resource": "0800266247", "index": 65, "total": 294, "address": "Ravenna, via Torri, 0", "success": true, "source": "overpass", "message": null}
{"ts": "2025-12-14T07:18:56.661817+00:00", "resource": "0800161690", "index": 66, "total": 294, "address": "Ravenna, via Girotto Guaccimanni, 27", "success": true, "source": "overpass", "message": null}
{"ts": "2025-12-14T07:18:57.489182+00:00", "resource": "0800161621", "index": 67, "total": 294, "address": "Ravenna, Piazza San Francesco, 0", "success": true, "source": "overpass", "message": null}
{"ts": "2025-12-14T07:18:57.491167+00:00", "resource": "0800161633", "index": 68, "total": 294, "address": "Ravenna, Vicolo degli Ariani, 0", "success": true, "source": "overpass", "message": null}
{"ts": "2025-12-14T07:18:57.494951+00:00", "resource": "0800308254-bene componente", "index": 69, "total": 294, "address": "", "success": false, "source": null, "message": "no-address"}
{"ts": "2025-12-14T07:18:57.499529+00:00", "resource": "0800161679", "index": 70, "total": 294, "address": "Ravenna, via Gamba, 3", "success": true, "source": "overpass", "message": null}
{"ts": "2025-12-14T07:19:00.061778+00:00", "resource": "0800308281", "index": 71, "total": 294, "address": "Ravenna,Via Gambellara, 1", "success": true, "source": "nominatim", "message": null}
{"ts": "2025-12-14T07:19:00.063389+00:00", "resource": "0800161799", "index": 72, "total": 294, "address": "Ravenna, Via Massa, 88", "success": true, "source": "nominatim", "message": null}
{"ts": "2025-12-14T07:19:00.829903+00:00", "resource": "0800161683", "index": 73, "total": 294, "address": "Ravenna, via Mentana 33", "success": true, "source": "overpass", "message": null}
{"ts": "2025-12-14T07:19:03.296385+00:00", "resource": "0800161702", "index": 74, "total": 294, "address": "Ravenna, via Mariani, 7", "success": true, "source": "nominatim", "message": null}
{"ts": "2025-12-14T07:19:03.298891+00:00", "resource": "0800308267", "index": 75, "total": 294, "address": "Ravenna, Via Zignani, 44", "success": true, "source": "nominatim", "message": null}
{"ts": "2025-12-14T07:19:03.308100+00:00", "resource": "0800266232", "index": 76, "total": 294, "address": "Ravenna, via San Vitale, 28, 30", "success": true, "source": "overpass", "message": null}
{"ts": "2025-12-14T07:19:03.989383+00:00", "resource": "0800266229", "index": 77, "total": 294, "address": "Ravenna, Via San Mama, 175", "success": true, "source": "overpass", "message": null}
{"ts": "2025-12-14T07:19:03.991266+00:00", "resource": "0800161658", "index": 78, "total": 294, "address": "Ravenna, via Paolo Costa, 8", "success": true, "source": "overpass", "message": null}
{"ts": "2025-12-14T07:19:03.994355+00:00", "resource": "0800161688", "index": 79, "total": 294, "address": "Ravenna, via Guaccimanni, 62", "success": true, "source": "nominatim", "message": null}
{"ts": "2025-12-14T07:19:04.901040+00:00", "resource": "0800161699", "index": 80, "total": 294, "address": "Ravenna, Via Angelo Mariani, 21", "success": true, "source": "overpass", "message": null}
{"ts": "2025-12-14T07:19:04.903763+00:00", "resource": "0800161714", "index": 81, "total": 294, "address": "Ravenna, Via Giuseppe Mazzini, 0", "success": true, "source": "overpass", "message": null}
{"ts": "2025-12-14T07:19:04.906281+00:00", "resource": "0800319221-bene componente", "index": 82, "total": 294, "address": "", "success": false, "source": null, "message": "no-address"}
{"ts": "2025-12-14T07:19:05.621876+00:00", "resource": "0800266238", "index": 83, "total": 294, "address": "Ravenna, via Braccesca, 44", "success": true, "source": "overpass", "message": null}
{"ts": "2025-12-14T07:19:05.623888+00:00", "resource": "0800161662", "index": 84, "total": 294, "address": "Ravenna, Via Cura, 0", "success": true, "source": "overpass", "message": null}
{"ts": "2025-12-14T07:19:05.626323+00:00", "resource": "0800206008", "index": 85, "total": 294, "address": "Ravenna, via Mariani, 0", "success": true, "source": "nominatim", "message": null}
{"ts": "2025-12-14T07:19:06.703302+00:00", "resource": "0800161654", "index": 86, "total": 294, "address": "Ravenna, via Paolo Costa, 1", "success": true, "source": "overpass", "message": null}
{"ts": "2025-12-14T07:19:07.408485+00:00", "resource": "0800161796", "index": 87, "total": 294, "address": "Ravenna, via Ravegnana, 479", "success": true, "source": "overpass", "message": null}
{"ts": "2025-12-14T07:19:07.412475+00:00", "resource": "0800161632", "index": 88, "total": 294, "address": "Emilia-Romagna, RA, Ravenna", "success": true, "source": "nominatim", "message": null}
{"ts": "2025-12-14T07:19:08.444152+00:00", "resource": "0800161706", "index": 89, "total": 294, "address": "Ravenna, Via Giuseppe Mazzini, 30", "success": true, "source": "overpass", "message": null}
{"ts": "2025-12-14T07:19:08.446693+00:00", "resource": "0800161775", "index": 90, "total": 294, "address": "Ravenna, Via Tombesi Dall'Ova, 14", "success": true, "source": "overpass", "message": null}
{"ts": "2025-12-14T07:19:11.245749+00:00", "resource": "0800266235", "index": 91, "total": 294, "address": "Ravenna, via Ravegnana, 731", "success": true, "source": "nominatim", "message": null}
{"ts": "2025-12-14T07:19:11.252562+00:00", "resource": "0800161635", "index": 92, "total": 294, "address": "Ravenna, Via Bastione, 0", "success": true, "source": "overpass", "message": null}
{"ts": "2025-12-14T07:19:17.727748+00:00", "resource": "0800161759", "index": 93, "total": 294, "address": "Ravenna, via N. Rondinelli, 4", "success": true, "source": "nominatim", "message": null}
{"ts": "2025-12-14T07:19:18.625492+00:00", "resource": "0800161618", "index": 94, "total": 294, "address": "Ravenna, Via Guido da Polenta, 0", "success": true, "source": "overpass", "message": null}
{"ts": "2025-12-14T07:19:18.627869+00:00", "resource": "0800308254", "index": 95, "total": 294, "address": "Ravenna, Via Pietro Alighieri, 4", "success": true, "source": "overpass", "message": null}
{"ts": "2025-12-14T07:19:18.635483+00:00", "resource": "0800161747", "index": 96, "total": 294, "address": "Ravenna, Via Di Roma, 0", "success": true, "source": "overpass", "message": null}
{"ts": "2025-12-14T07:19:18.643608+00:00", "resource": "0800161738", "index": 97, "total": 294, "address": "Ravenna, via di Roma, 108", "success": true, "source": "overpass", "message": null}
{"ts": "2025-12-14T07:19:18.648073+00:00", "resource": "0800161626", "index": 98, "total": 294, "address": "Ravenna, Piazza Anita Garibaldi, 0", "success": true, "source": "overpass", "message": null}
{"ts": "2025-12-14T07:19:19.474826+00:00", "resource": "0800266221", "index": 99, "total": 294, "address": "Ravenna, via Carlo Cattaneo, 34", "success": true, "source": "overpass", "message": null}
{"ts": "2025-12-14T07:19:19.477718+00:00", "resource": "0800161807", "index": 100, "total": 294, "address": "Ravenna, Via Sale, 102", "success": true, "source": "nominatim", "message": null}
{"ts": "2025-12-14T07:19:25.157463+00:00", "resource": "0800161809", "index": 101, "total": 294, "address": "Ravenna, via Alturie, 30", "success": true, "source": "nominatim", "message": null}
{"ts": "2025-12-14T07:19:25.159530+00:00", "resource": "0800161743", "index": 102, "total": 294, "address": "Ravenna, Via Di Roma, 13", "success": true, "source": "overpass", "message": null}
{"ts": "2025-12-14T07:19:25.162868+00:00", "resource": "0800161772", "index": 103, "total": 294, "address": "Ravenna, Via San Vitale, 17", "success": true, "source": "overpass", "message": null}
{"ts": "2025-12-14T07:19:27.698575+00:00", "resource": "0800309000", "index": 104, "total": 294, "address": "Ravenna, via Alberoni, 12", "success": true, "source": "nominatim", "message": null}
{"ts": "2025-12-14T07:19:27.701295+00:00", "resource": "0800161782", "index": 105, "total": 294, "address": "Ravenna, via Zirardini, 14", "success": true, "source": "nominatim", "message": null}
{"ts": "2025-12-14T07:19:27.703746+00:00", "resource": "0800266254", "index": 106, "total": 294, "address": "Ravenna, via Montecatini, 3", "success": true, "source": "overpass", "message": null}
{"ts": "2025-12-14T07:19:27.707999+00:00", "resource": "0800161746", "index": 107, "total": 294, "address": "Italia, Emilia Romagna, RA, Ravenna", "success": true, "source": "maps.co", "message": null}
{"ts": "2025-12-14T07:19:27.710248+00:00", "resource": "0800161777", "index": 108, "total": 294, "address": "Ravenna, via XIII Giugno, 0", "success": true, "source": "nominatim", "message": null}
{"ts": "2025-12-14T07:19:28.513143+00:00", "resource": "0800161648", "index": 109, "total": 294, "address": "Ravenna, Via Castel San Pietro, 0", "success": true, "source": "overpass", "message": null}
{"ts": "2025-12-14T07:19:28.516753+00:00", "resource": "0800308268", "index": 110, "total": 294, "address": "Ravenna, Via Zignani, 44", "success": true, "source": "nominatim", "message": null}
{"ts": "2025-12-14T07:19:28.524261+00:00", "resource": "0800161677", "index": 111, "total": 294, "address": "Ravenna, Via Galla Placidia, 0", "success": true, "source": "overpass", "message": null}
{"ts": "2025-12-14T07:19:28.532518+00:00", "resource": "0800161698", "index": 112, "total": 294, "address": "Ravenna, via Mariani, 5", "success": true, "source": "nominatim", "message": null}
{"ts": "2025-12-14T07:19:31.925722+00:00", "resource": "0800161703", "index": 113, "total": 294, "address": "Ravenna, Via Angelo Mariani, 46", "success": true, "source": "overpass", "message": null}
{"ts": "2025-12-14T07:19:34.266247+00:00", "resource": "0800161685", "index": 114, "total": 294, "address": "Ravenna, via Guaccimanni, 40", "success": true, "source": "nominatim", "message": null}
{"ts": "2025-12-14T07:19:35.036012+00:00", "resource": "0800161655", "index": 115, "total": 294, "address": "Ravenna, via Paolo Costa, 22", "success": true, "source": "overpass", "message": null}
{"ts": "2025-12-14T07:19:35.038144+00:00", "resource": "0800266231", "index": 116, "total": 294, "address": "Ravenna, via San Vitale, 21", "success": true, "source": "overpass", "message": null}
{"ts": "2025-12-14T07:19:35.041593+00:00", "resource": "0800161726", "index": 117, "total": 294, "address": "Ravenna, Via Oberdan, 6", "success": true, "source": "nominatim", "message": null}
{"ts": "2025-12-14T07:19:35.048087+00:00", "resource": "0800161643", "index": 118, "total": 294, "address": "Ravenna, Via Battistero, 0", "success": true, "source": "overpass", "message": null}
{"ts": "2025-12-14T07:19:35.893247+00:00", "resource": "0800161781", "index": 119, "total": 294, "address": "Ravenna, via Zagarelli alle Mura, 2", "success": true, "source": "overpass", "message": null}
{"ts": "2025-12-14T07:19:36.962143+00:00", "resource": "0800308253", "index": 120, "total": 294, "address": "Ravenna, Via Pietro Alighieri, 6", "success": true, "source": "overpass", "message": null}
{"ts": "2025-12-14T07:19:36.965234+00:00", "resource": "0800308257-bene componente", "index": 121, "total": 294, "address": "Ravenna, Via Guaccimanni, 0", "success": true, "source": "nominatim", "message": null}
{"ts": "2025-12-14T07:19:36.968328+00:00", "resource": "0800161804", "index": 122, "total": 294, "address": "Ravenna, via Nigrisoli, 62", "success": true, "source": "nominatim", "message": null}
{"ts": "2025-12-14T07:19:36.972453+00:00", "resource": "0800161795", "index": 123, "total": 294, "address": "Ravenna, Via Argine destrofiume Ronco, 0", "success": true, "source": "nominatim", "message": null}
{"ts": "2025-12-14T07:19:37.839571+00:00", "resource": "0800161631", "index": 124, "total": 294, "address": "Ravenna, Piazza Arcivescovado, 1", "success": true, "source": "overpass", "message": null}
{"ts": "2025-12-14T07:19:43.642522+00:00", "resource": "0800266237", "index": 125, "total": 294, "address": "Ravenna, via d'Allaggio", "success": true, "source": "nominatim", "message": null}
{"ts": "2025-12-14T07:19:44.487210+00:00", "resource": "0800161664", "index": 126, "total": 294, "address": "Ravenna, via Massimo d'Azeglio, 10", "success": true, "source": "overpass", "message": null}
{"ts": "2025-12-14T07:19:44.488803+00:00", "resource": "0800161772-bene componente", "index": 127, "total": 294, "address": "", "success": false, "source": null, "message": "no-address"}
{"ts": "2025-12-14T07:19:44.491851+00:00", "resource": "0800161622-bene componente", "index": 128, "total": 294, "address": "", "success": false, "source": null, "message": "no-address"}
{"ts": "2025-12-14T07:19:44.498687+00:00", "resource": "0800161805", "index": 129, "total": 294, "address": "Ravenna, via Argine sinistro del Montone, 149", "success": true, "source": "nominatim", "message": null}
{"ts": "2025-12-14T07:19:44.505649+00:00", "resource": "0800161689", "index": 130, "total": 294, "address": "Ravenna, Via Guaccimanni, 29", "success": true, "source": "nominatim", "message": null}
{"ts": "2025-12-14T07:19:44.507556+00:00", "resource": "0800161755", "index": 131, "total": 294, "address": "Ravenna, Via Di Roma, 116", "success": true, "source": "overpass", "message": null}
{"ts": "2025-12-14T07:19:44.509193+00:00", "resource": "0800266224", "index": 132, "total": 294, "address": "Ravenna, Via Guido Da Polenta, 4", "success": true, "source": "overpass", "message": null}
{"ts": "2025-12-14T07:19:44.512285+00:00", "resource": "0800161779", "index": 133, "total": 294, "address": "Ravenna, piazza XX Settembre, 5", "success": true, "source": "nominatim", "message": null}
{"ts": "2025-12-14T07:19:44.519320+00:00", "resource": "0800308248", "index": 134, "total": 294, "address": "Ravenna, Via di Classe Fuori, 0", "success": true, "source": "nominatim", "message": null}
{"ts": "2025-12-14T07:19:47.326605+00:00", "resource": "0800161650", "index": 135, "total": 294, "address": "Ravenna, Via Camillo Benso Conte di Cavour, 10", "success": true, "source": "nominatim", "message": null}
{"ts": "2025-12-14T07:19:47.330132+00:00", "resource": "0800308272", "index": 136, "total": 294, "address": "Ravenna, Via Del Borgo, 1", "success": true, "source": "overpass", "message": null}
{"ts": "2025-12-14T07:19:47.337157+00:00", "resource": "0800161813", "index": 137, "total": 294, "address": "Ravenna, via di Roma, 0", "success": true, "source": "overpass", "message": null}
{"ts": "2025-12-14T07:19:50.283695+00:00", "resource": "0800161732", "index": 138, "total": 294, "address": "Ravenna, Via Gregorio Ricci Cubastro, 0", "success": true, "source": "nominatim", "message": null}
{"ts": "2025-12-14T07:19:50.286461+00:00", "resource": "0800161657", "index": 139, "total": 294, "address": "Ravenna, Ponte Marino, 2", "success": true, "source": "nominatim", "message": null}
{"ts": "2025-12-14T07:19:50.290863+00:00", "resource": "0800161744", "index": 140, "total": 294, "address": "Ravenna, Via Di Roma, 0", "success": true, "source": "overpass", "message": null}
{"ts": "2025-12-14T07:19:50.301806+00:00", "resource": "0800161624", "index": 141, "total": 294, "address": "Ravenna, Via Pietro Alighieri, 4", "success": true, "source": "overpass", "message": null}
{"ts": "2025-12-14T07:19:50.304475+00:00", "resource": "0800161754", "index": 142, "total": 294, "address": "Ravenna, Via Di Roma, 68", "success": true, "source": "overpass", "message": null}
{"ts": "2025-12-14T07:19:50.306152+00:00", "resource": "0800161634", "index": 143, "total": 294, "address": "Ravenna, piazzetta degli Ariani, 0", "success": true, "source": "nominatim", "message": null}
{"ts": "2025-12-14T07:19:51.557586+00:00", "resource": "0800161725", "index": 144, "total": 294, "address": "Ravenna, Piazza Duomo, 4", "success": true, "source": "overpass", "message": null}
{"ts": "2025-12-14T07:19:51.562940+00:00", "resource": "0800161776", "index": 145, "total": 294, "address": "Ravenna, via XIII Giugno, 8", "success": true, "source": "nominatim", "message": null}
{"ts": "2025-12-14T07:19:51.574960+00:00", "resource": "0800161751", "index": 146, "total": 294, "address": "Ravenna, via di Roma, 202", "success": true, "source": "overpass", "message": null}
{"ts": "2025-12-14T07:19:51.591669+00:00", "resource": "0800319232", "index": 147, "total": 294, "address": "Ravenna, Piazza del Popolo, 23", "success": true, "source": "overpass", "message": null}
{"ts": "2025-12-14T07:19:51.601678+00:00", "resource": "0800161723", "index": 148, "total": 294, "address": "Ravenna, Via Monti, 0", "success": true, "source": "nominatim", "message": null}
{"ts": "2025-12-14T07:19:51.604756+00:00", "resource": "0800319246-bene individuo", "index": 149, "total": 294, "address": "Ravenna, Piazza del Popolo, 0", "success": true, "source": "overpass", "message": null}
{"ts": "2025-12-14T07:19:51.607809+00:00", "resource": "0800308256-bene componente", "index": 150, "total": 294, "address": "Ravenna, Via Guaccimanni, 44", "success": true, "source": "nominatim", "message": null}
{"ts": "2025-12-14T07:19:51.615791+00:00", "resource": "0800161760", "index": 151, "total": 294, "address": "Ravenna, via Rondinelli, 0", "success": true, "source": "nominatim", "message": null}
{"ts": "2025-12-14T07:19:57.857815+00:00", "resource": "0800161728", "index": 152, "total": 294, "address": "Ravenna, via XIII Giugno, 2", "success": true, "source": "nominatim", "message": null}
{"ts": "2025-12-14T07:19:58.729668+00:00", "resource": "0800161668", "index": 153, "total": 294, "address": "Ravenna, Via Marco Dente, 0", "success": true, "source": "overpass", "message": null}
{"ts": "2025-12-14T07:19:58.732581+00:00", "resource": "0800161691", "index": 154, "total": 294, "address": "Ravenna, via Guaccimanni, 54", "success": true, "source": "nominatim", "message": null}
{"ts": "2025-12-14T07:19:58.738065+00:00", "resource": "0800161802", "index": 155, "total": 294, "address": "Ravenna, CASALBORSETTI", "success": true, "source": "nominatim", "message": null}
{"ts": "2025-12-14T07:19:58.747424+00:00", "resource": "0800161695", "index": 156, "total": 294, "address": "Ravenna, Piazza Kennedy, 0", "success": true, "source": "nominatim", "message": null}
{"ts": "2025-12-14T07:20:04.443607+00:00", "resource": "0800308271", "index": 157, "total": 294, "address": "Ravenna, Via Mandriole, 122", "success": true, "source": "nominatim", "message": null}
{"ts": "2025-12-14T07:20:05.270399+00:00", "resource": "0800161765", "index": 158, "total": 294, "address": "Ravenna, via Girolamo Rossi, 2", "success": true, "source": "overpass", "message": null}
{"ts": "2025-12-14T07:20:11.184967+00:00", "resource": "0800161640", "index": 159, "total": 294, "address": "Ravenna, Via Gian Battista Barbiani, 16", "success": true, "source": "nominatim", "message": null}
{"ts": "2025-12-14T07:20:13.697558+00:00", "resource": "0800161696", "index": 160, "total": 294, "address": "Ravenna, Piazza Mameli, 0", "success": true, "source": "nominatim", "message": null}
{"ts": "2025-12-14T07:20:13.699390+00:00", "resource": "0800161680", "index": 161, "total": 294, "address": "Ravenna, via Romolo Gessi, 18", "success": true, "source": "nominatim", "message": null}
{"ts": "2025-12-14T07:20:13.702877+00:00", "resource": "0800161740", "index": 162, "total": 294, "address": "Ravenna, via di Roma, 69", "success": true, "source": "overpass", "message": null}
{"ts": "2025-12-14T07:20:13.708498+00:00", "resource": "0800161798", "index": 163, "total": 294, "address": "Ravenna, Via Chiesa, 1", "success": true, "source": "overpass", "message": null}
{"ts": "2025-12-14T07:20:14.451141+00:00", "resource": "0800161711", "index": 164, "total": 294, "address": "Ravenna, Via Giuseppe Mazzini, 65", "success": true, "source": "overpass", "message": null}
{"ts": "2025-12-14T07:20:20.504261+00:00", "resource": "0800161670", "index": 165, "total": 294, "address": "Ravenna, Via A. Diaz, 4", "success": true, "source": "nominatim", "message": null}
{"ts": "2025-12-14T07:20:20.507408+00:00", "resource": "0800161701", "index": 166, "total": 294, "address": "Ravenna, Via Mariani, 26", "success": true, "source": "nominatim", "message": null}
{"ts": "2025-12-14T07:20:23.066126+00:00", "resource": "0800161645", "index": 167, "total": 294, "address": "Ravenna, via Cairoli, 10", "success": true, "source": "nominatim", "message": null}
{"ts": "2025-12-14T07:20:23.068866+00:00", "resource": "0800161692", "index": 168, "total": 294, "address": "Ravenna, via Guerrini, 11", "success": true, "source": "nominatim", "message": null}
{"ts": "2025-12-14T07:20:23.076746+00:00", "resource": "0800319233", "index": 169, "total": 294, "address": "Ravenna, via Galla Placidia, 0", "success": true, "source": "overpass", "message": null}
{"ts": "2025-12-14T07:20:23.084252+00:00", "resource": "0800161787", "index": 170, "total": 294, "address": "Ravenna, via Strada Provinciale Bagnolo, 0", "success": true, "source": "nominatim", "message": null}
{"ts": "2025-12-14T07:20:23.086937+00:00", "resource": "0800161757-bene componente", "index": 171, "total": 294, "address": "", "success": false, "source": null, "message": "no-address"}
{"ts": "2025-12-14T07:20:23.740827+00:00", "resource": "0800266242", "index": 172, "total": 294, "address": "Ravenna, Via Argine Destro Ronco, 98", "success": true, "source": "overpass", "message": null}
{"ts": "2025-12-14T07:20:23.744510+00:00", "resource": "0800308275", "index": 173, "total": 294, "address": "Ravenna, SANTO STEFANO - CARRAIE, via Cella, 0, Carraia Ginanni", "success": true, "source": "overpass", "message": null}
{"ts": "2025-12-14T07:20:23.748685+00:00", "resource": "0800319247-bene individuo", "index": 174, "total": 294, "address": "Ravenna, via Nino Bixio, 23", "success": true, "source": "nominatim", "message": null}
{"ts": "2025-12-14T07:20:23.753230+00:00", "resource": "0800161761", "index": 175, "total": 294, "address": "Ravenna, Via Girolamo Rossi, 0", "success": true, "source": "overpass", "message": null}
{"ts": "2025-12-14T07:20:23.760488+00:00", "resource": "0800319300", "index": 176, "total": 294, "address": "Ravenna, Piazza del popolo, 0", "success": true, "source": "overpass", "message": null}
{"ts": "2025-12-14T07:20:23.767196+00:00", "resource": "0800161637", "index": 177, "total": 294, "address": "Ravenna", "success": true, "source": "nominatim", "message": null}
{"ts": "2025-12-14T07:20:23.771441+00:00", "resource": "0800161669", "index": 178, "total": 294, "address": "Ravenna, Via Tombesi Dall'Ova, 0", "success": true, "source": "overpass", "message": null}
{"ts": "2025-12-14T07:20:24.673969+00:00", "resource": "0800161642", "index": 179, "total": 294, "address": "Ravenna, Piazza Duomo, 0", "success": true, "source": "overpass", "message": null}
{"ts": "2025-12-14T07:20:24.676871+00:00", "resource": "0800161758", "index": 180, "total": 294, "address": "Ravenna, via di Roma, 0", "success": true, "source": "overpass", "message": null}
{"ts": "2025-12-14T07:20:24.678831+00:00", "resource": "0800161726-bene complesso", "index": 181, "total": 294, "address": "", "success": false, "source": null, "message": "no-address"}
{"ts": "2025-12-14T07:20:25.508330+00:00", "resource": "0800308262", "index": 182, "total": 294, "address": "Ravenna, Via Dismano, 0", "success": true, "source": "overpass", "message": null}
{"ts": "2025-12-14T07:20:25.511036+00:00", "resource": "0800161684", "index": 183, "total": 294, "address": "Emilia-Romagna, RA, Ravenna", "success": true, "source": "nominatim", "message": null}
{"ts": "2025-12-14T07:20:25.513919+00:00", "resource": "0800161736", "index": 184, "total": 294, "address": "Ravenna, Via Di Roma, 102", "success": true, "source": "overpass", "message": null}
{"ts": "2025-12-14T07:20:25.518791+00:00", "resource": "0800161742", "index": 185, "total": 294, "address": "Ravenna, Via Di Roma, 0", "success": true, "source": "overpass", "message": null}
{"ts": "2025-12-14T07:20:27.449788+00:00", "resource": "0800161719", "index": 186, "total": 294, "address": "Ravenna, Via Giuseppe Mazzini, 44", "success": true, "source": "overpass", "message": null}
{"ts": "2025-12-14T07:20:28.518167+00:00", "resource": "0800266230", "index": 187, "total": 294, "address": "Ravenna, via San Vitale, 34", "success": true, "source": "overpass", "message": null}
{"ts": "2025-12-14T07:20:28.521135+00:00", "resource": "0800319236", "index": 188, "total": 294, "address": "Ravenna, via Castello, 74", "success": true, "source": "nominatim", "message": null}
{"ts": "2025-12-14T07:20:34.544635+00:00", "resource": "0800266245", "index": 189, "total": 294, "address": "Ravenna, Via Nuova, 1", "success": true, "source": "nominatim", "message": null}
{"ts": "2025-12-14T07:20:34.546441+00:00", "resource": "0800161624-bene complesso", "index": 190, "total": 294, "address": "", "success": false, "source": null, "message": "no-address"}
{"ts": "2025-12-14T07:20:34.550417+00:00", "resource": "0800161620", "index": 191, "total": 294, "address": "Ravenna, Piazza San Francesco, 0", "success": true, "source": "overpass", "message": null}
{"ts": "2025-12-14T07:20:34.556739+00:00", "resource": "0800161619-bene complesso", "index": 192, "total": 294, "address": "", "success": false, "source": null, "message": "no-address"}
{"ts": "2025-12-14T07:20:35.346048+00:00", "resource": "0800266239", "index": 193, "total": 294, "address": "Ravenna, via Galassa, 10", "success": true, "source": "overpass", "message": null}
{"ts": "2025-12-14T07:20:41.162961+00:00", "resource": "0800161803", "index": 194, "total": 294, "address": "Ravenna, Via Olindo Guerrini", "success": true, "source": "nominatim", "message": null}
{"ts": "2025-12-14T07:20:41.165478+00:00", "resource": "0800308264-bene individuo", "index": 195, "total": 294, "address": "Ravenna, Via Trava, 2", "success": true, "source": "nominatim", "message": null}
{"ts": "2025-12-14T07:20:41.168712+00:00", "resource": "0800161716", "index": 196, "total": 294, "address": "Ravenna, Via Giuseppe Mazzini, 0", "success": true, "source": "overpass", "message": null}
{"ts": "2025-12-14T07:20:41.175631+00:00", "resource": "0800161638", "index": 197, "total": 294, "address": "Ravenna", "success": true, "source": "nominatim", "message": null}
{"ts": "2025-12-14T07:20:41.181669+00:00", "resource": "0800161663", "index": 198, "total": 294, "address": "Ravenna, via Massimo d'Azeglio, 2", "success": true, "source": "overpass", "message": null}
{"ts": "2025-12-14T07:20:42.849523+00:00", "resource": "0800308270", "index": 199, "total": 294, "address": "Ravenna, Via Sant'Egidio, 0", "success": true, "source": "overpass", "message": null}
{"ts": "2025-12-14T07:20:42.851323+00:00", "resource": "0800266226", "index": 200, "total": 294, "address": "Ravenna, via Pasolini, 9", "success": true, "source": "nominatim", "message": null}
{"ts": "2025-12-14T07:20:43.542028+00:00", "resource": "0800161792", "index": 201, "total": 294, "address": "Ravenna, via Ravegnana, 655", "success": true, "source": "overpass", "message": null}
{"ts": "2025-12-14T07:20:43.543547+00:00", "resource": "0800319300-bene componente", "index": 202, "total": 294, "address": "", "success": false, "source": null, "message": "no-address"}
{"ts": "2025-12-14T07:20:44.238955+00:00", "resource": "0800308263", "index": 203, "total": 294, "address": "Ravenna, Via Gambellara, 79", "success": true, "source": "overpass", "message": null}
{"ts": "2025-12-14T07:20:44.241823+00:00", "resource": "0800161700", "index": 204, "total": 294, "address": "Ravenna, Via Mariani, 24", "success": true, "source": "nominatim", "message": null}
{"ts": "2025-12-14T07:20:44.244942+00:00", "resource": "0800266241", "index": 205, "total": 294, "address": "Ravenna, via Baiona, 0", "success": true, "source": "overpass", "message": null}
{"ts": "2025-12-14T07:20:47.435571+00:00", "resource": "0800266236", "index": 206, "total": 294, "address": "Ravenna, strada provinciale, 24", "success": true, "source": "nominatim", "message": null}
{"ts": "2025-12-14T07:20:53.577398+00:00", "resource": "0800161811", "index": 207, "total": 294, "address": "Ravenna, via Palazza, 0", "success": true, "source": "nominatim", "message": null}
{"ts": "2025-12-14T07:20:53.579516+00:00", "resource": "0800266220", "index": 208, "total": 294, "address": "Ravenna, via Carlo Cattaneo, 22", "success": true, "source": "overpass", "message": null}
{"ts": "2025-12-14T07:20:53.583194+00:00", "resource": "0800161644-bene individuo", "index": 209, "total": 294, "address": "", "success": false, "source": null, "message": "no-address"}
{"ts": "2025-12-14T07:20:53.590822+00:00", "resource": "0800161694", "index": 210, "total": 294, "address": "Ravenna, via delle Industrie, 0", "success": true, "source": "overpass", "message": null}
{"ts": "2025-12-14T07:20:53.596028+00:00", "resource": "0800161762", "index": 211, "total": 294, "address": "Ravenna, Via Girolamo Rossi, 0", "success": true, "source": "overpass", "message": null}
{"ts": "2025-12-14T07:20:53.600074+00:00", "resource": "0800161771", "index": 212, "total": 294, "address": "Ravenna, Via San Vitale, 17", "success": true, "source": "overpass", "message": null}
{"ts": "2025-12-14T07:20:56.033554+00:00", "resource": "0800308265-bene individuo", "index": 213, "total": 294, "address": "Ravenna, Via Babini, 246", "success": true, "source": "nominatim", "message": null}
{"ts": "2025-12-14T07:20:56.046244+00:00", "resource": "0800161665", "index": 214, "total": 294, "address": "Ravenna, via Massimo d'Azeglio, 38", "success": true, "source": "overpass", "message": null}
{"ts": "2025-12-14T07:20:56.066303+00:00", "resource": "0800161630", "index": 215, "total": 294, "address": "Ravenna, Piazza Arcivescovado, 1", "success": true, "source": "overpass", "message": null}
{"ts": "2025-12-14T07:20:58.966416+00:00", "resource": "0800161681", "index": 216, "total": 294, "address": "Ravenna, via Romolo Gessi, 14", "success": true, "source": "nominatim", "message": null}
{"ts": "2025-12-14T07:20:58.971816+00:00", "resource": "0800319231", "index": 217, "total": 294, "address": "Ravenna, via Diaz, 2", "success": true, "source": "nominatim", "message": null}
{"ts": "2025-12-14T07:20:58.980906+00:00", "resource": "0800161741", "index": 218, "total": 294, "address": "Ravenna, Via Di Roma, 0", "success": true, "source": "overpass", "message": null}
{"ts": "2025-12-14T07:20:58.993204+00:00", "resource": "0800161686", "index": 219, "total": 294, "address": "Ravenna, via Guaccimanni, 11", "success": true, "source": "nominatim", "message": null}
{"ts": "2025-12-14T07:21:05.180775+00:00", "resource": "0800308269", "index": 220, "total": 294, "address": "Ravenna, Via Roncalcesi, 0", "success": true, "source": "nominatim", "message": null}
{"ts": "2025-12-14T07:21:06.032744+00:00", "resource": "0800161810", "index": 221, "total": 294, "address": "Ravenna, via Cella, 0", "success": true, "source": "overpass", "message": null}
{"ts": "2025-12-14T07:21:08.465091+00:00", "resource": "0800308261", "index": 222, "total": 294, "address": "Ravenna, Via Dismano, 663", "success": true, "source": "nominatim", "message": null}
{"ts": "2025-12-14T07:21:10.955866+00:00", "resource": "0800266219", "index": 223, "total": 294, "address": "Ravenna, via Canale Molinetto, 90", "success": true, "source": "nominatim", "message": null}
{"ts": "2025-12-14T07:21:13.217654+00:00", "resource": "0800266244", "index": 224, "total": 294, "address": "Ravenna, via Basilica, 158", "success": true, "source": "nominatim", "message": null}
{"ts": "2025-12-14T07:21:13.220819+00:00", "resource": "0800161739", "index": 225, "total": 294, "address": "Ravenna, via di Roma, 118", "success": true, "source": "overpass", "message": null}
{"ts": "2025-12-14T07:21:13.223674+00:00", "resource": "0800161659", "index": 226, "total": 294, "address": "Ravenna, via Paola Costa, 7", "success": true, "source": "nominatim", "message": null}
{"ts": "2025-12-14T07:21:14.023152+00:00", "resource": "0800161651", "index": 227, "total": 294, "address": "Ravenna, Via Camillo Benso Conte di Cavour, 0", "success": true, "source": "overpass", "message": null}
{"ts": "2025-12-14T07:21:14.025502+00:00", "resource": "0800161806", "index": 228, "total": 294, "address": "Ravenna, Strada Provinciale Faentina, 362", "success": true, "source": "nominatim", "message": null}
{"ts": "2025-12-14T07:21:16.511705+00:00", "resource": "0800161731", "index": 229, "total": 294, "address": "Ravenna, via Gregorio Ricci Cubastro, 20", "success": true, "source": "nominatim", "message": null}
{"ts": "2025-12-14T07:21:16.518230+00:00", "resource": "0800161729", "index": 230, "total": 294, "address": "Ravenna, Via Porta Gaza, 0", "success": true, "source": "overpass", "message": null}
{"ts": "2025-12-14T07:21:22.118851+00:00", "resource": "0800319340-bene individuo", "index": 231, "total": 294, "address": "Ravenna, Piazza Kennedy, 14", "success": true, "source": "nominatim", "message": null}
{"ts": "2025-12-14T07:21:23.104321+00:00", "resource": "0800161674", "index": 232, "total": 294, "address": "Ravenna, Piazza Duomo", "success": true, "source": "overpass", "message": null}
{"ts": "2025-12-14T07:21:23.106240+00:00", "resource": "0800161778", "index": 233, "total": 294, "address": "Ravenna, via XIII Giugno, 3", "success": true, "source": "nominatim", "message": null}
{"ts": "2025-12-14T07:21:24.043528+00:00", "resource": "0800161710", "index": 234, "total": 294, "address": "Ravenna, Via Giuseppe Mazzini, 7", "success": true, "source": "overpass", "message": null}
{"ts": "2025-12-14T07:21:24.925219+00:00", "resource": "0800161715", "index": 235, "total": 294, "address": "Ravenna, Via Giuseppe Mazzini,0", "success": true, "source": "overpass", "message": null}
{"ts": "2025-12-14T07:21:24.927703+00:00", "resource": "0800308253-bene componente", "index": 236, "total": 294, "address": "", "success": false, "source": null, "message": "no-address"}
{"ts": "2025-12-14T07:21:24.936232+00:00", "resource": "0800161641", "index": 237, "total": 294, "address": "Ravenna, Piazza Duomo, 0", "success": true, "source": "overpass", "message": null}
{"ts": "2025-12-14T07:21:27.764192+00:00", "resource": "0800161707", "index": 238, "total": 294, "address": "Ravenna, Via Giuseppe Mazzini, 72", "success": true, "source": "overpass", "message": null}
{"ts": "2025-12-14T07:21:31.868793+00:00", "resource": "0800319234", "index": 239, "total": 294, "address": "Ravenna, via Roncalceci, 195", "success": true, "source": "nominatim", "message": null}
{"ts": "2025-12-14T07:21:32.558873+00:00", "resource": "0800161717", "index": 240, "total": 294, "address": "Ravenna, Via Giuseppe Mazzini, 76", "success": true, "source": "overpass", "message": null}
{"ts": "2025-12-14T07:21:33.327403+00:00", "resource": "0800266228", "index": 241, "total": 294, "address": "Ravenna, via Salara, 33", "success": true, "source": "overpass", "message": null}
{"ts": "2025-12-14T07:21:33.330291+00:00", "resource": "0800308999-bene individuo", "index": 242, "total": 294, "address": "", "success": false, "source": null, "message": "no-address"}
{"ts": "2025-12-14T07:21:33.337839+00:00", "resource": "0800161771-bene componente", "index": 243, "total": 294, "address": "", "success": false, "source": null, "message": "no-address"}
{"ts": "2025-12-14T07:21:33.341368+00:00", "resource": "0800161678", "index": 244, "total": 294, "address": "Ravenna, Via Galla Placidia, 0", "success": true, "source": "overpass", "message": null}
{"ts": "2025-12-14T07:21:33.347466+00:00", "resource": "0800161724", "index": 245, "total": 294, "address": "Ravenna, Via Morigia, 1", "success": true, "source": "nominatim", "message": null}
{"ts": "2025-12-14T07:21:33.354478+00:00", "resource": "0800266227", "index": 246, "total": 294, "address": "Ravenna, piazzetta degli Ariani, 0", "success": true, "source": "nominatim", "message": null}
{"ts": "2025-12-14T07:21:35.848501+00:00", "resource": "0800319235", "index": 247, "total": 294, "address": "Ravenna, via Barleti, 5", "success": true, "source": "nominatim", "message": null}
{"ts": "2025-12-14T07:21:35.851017+00:00", "resource": "0800161788", "index": 248, "total": 294, "address": "Ravenna, via Dismano, 749", "success": true, "source": "nominatim", "message": null}
{"ts": "2025-12-14T07:21:35.853872+00:00", "resource": "0800161734", "index": 249, "total": 294, "address": "Ravenna, via Rocca di Brancaleone, 0", "success": true, "source": "maps.co", "message": null}
{"ts": "2025-12-14T07:21:36.749308+00:00", "resource": "0800161623", "index": 250, "total": 294, "address": "Ravenna, via Dante Alighieri, 2", "success": true, "source": "overpass", "message": null}
{"ts": "2025-12-14T07:21:36.751416+00:00", "resource": "0800308276", "index": 251, "total": 294, "address": "Ravenna, via Cella, 0", "success": true, "source": "overpass", "message": null}
{"ts": "2025-12-14T07:21:36.754500+00:00", "resource": "0800309001", "index": 252, "total": 294, "address": "Ravenna, vicolo Capannetti, 5", "success": true, "source": "overpass", "message": null}
{"ts": "2025-12-14T07:21:36.759178+00:00", "resource": "0800161800", "index": 253, "total": 294, "address": "Ravenna, strada comunale Carrarone Chiesa, 0", "success": true, "source": "nominatim", "message": null}
{"ts": "2025-12-14T07:21:39.158755+00:00", "resource": "0800161808", "index": 254, "total": 294, "address": "Ravenna, via Ramona, 55", "success": true, "source": "nominatim", "message": null}
{"ts": "2025-12-14T07:21:39.160721+00:00", "resource": "0800161627", "index": 255, "total": 294, "address": "Ravenna, Piazza Anita Garibaldi, 0", "success": true, "source": "overpass", "message": null}
{"ts": "2025-12-14T07:21:39.169170+00:00", "resource": "0800308277-bene componente", "index": 256, "total": 294, "address": "Ravenna, via Cella, 0", "success": true, "source": "overpass", "message": null}
{"ts": "2025-12-14T07:21:39.171638+00:00", "resource": "0800161673", "index": 257, "total": 294, "address": "Ravenna, Piazza Duomo, 0", "success": true, "source": "overpass", "message": null}
{"ts": "2025-12-14T07:21:39.176132+00:00", "resource": "0800161756", "index": 258, "total": 294, "address": "Ravenna, via di Roma, 0", "success": true, "source": "overpass", "message": null}
{"ts": "2025-12-14T07:21:39.896287+00:00", "resource": "0800161720", "index": 259, "total": 294, "address": "Ravenna, Via Giuseppe Mazzini, 57", "success": true, "source": "overpass", "message": null}
{"ts": "2025-12-14T07:21:40.743166+00:00", "resource": "0800161675", "index": 260, "total": 294, "address": "Ravenna, via Ercolana, 29", "success": true, "source": "overpass", "message": null}
{"ts": "2025-12-14T07:21:41.462623+00:00", "resource": "0800161712", "index": 261, "total": 294, "address": "Ravenna, Via Giuseppe Mazzini, 84", "success": true, "source": "overpass", "message": null}
{"ts": "2025-12-14T07:21:41.465839+00:00", "resource": "0800161623-bene componente", "index": 262, "total": 294, "address": "", "success": false, "source": null, "message": "no-address"}
{"ts": "2025-12-14T07:21:41.473235+00:00", "resource": "0800308273-bene individuo", "index": 263, "total": 294, "address": "Ravenna, Via Santerno, 0", "success": true, "source": "overpass", "message": null}
{"ts": "2025-12-14T07:21:41.481992+00:00", "resource": "0800161785", "index": 264, "total": 294, "address": "Ravenna, via Petrosa, 0", "success": true, "source": "nominatim", "message": null}
{"ts": "2025-12-14T07:21:41.489846+00:00", "resource": "0800161697", "index": 265, "total": 294, "address": "Ravenna, Via A. Mariani, 22", "success": true, "source": "nominatim", "message": null}
{"ts": "2025-12-14T07:21:47.563734+00:00", "resource": "0800266246", "index": 266, "total": 294, "address": "Ravenna, via del Sale Vecchia, 18", "success": true, "source": "nominatim", "message": null}
{"ts": "2025-12-14T07:21:47.566066+00:00", "resource": "0800161749", "index": 267, "total": 294, "address": "Ravenna, Via Di Roma, 108", "success": true, "source": "overpass", "message": null}
{"ts": "2025-12-14T07:21:47.568838+00:00", "resource": "0800161693", "index": 268, "total": 294, "address": "Ravenna, via Guerrini, 15", "success": true, "source": "nominatim", "message": null}
{"ts": "2025-12-14T07:21:47.573067+00:00", "resource": "0800161783", "index": 269, "total": 294, "address": "Ravenna, Strada Statale Adriatica, 16", "success": true, "source": "nominatim", "message": null}
{"ts": "2025-12-14T07:21:47.575345+00:00", "resource": "0800161667", "index": 270, "total": 294, "address": "Ravenna, Via Marco Dente, 0", "success": true, "source": "overpass", "message": null}
{"ts": "2025-12-14T07:21:47.581256+00:00", "resource": "0800161722", "index": 271, "total": 294, "address": "Ravenna, Via Monti, 0", "success": true, "source": "nominatim", "message": null}
{"ts": "2025-12-14T07:21:47.592371+00:00", "resource": "0800161752", "index": 272, "total": 294, "address": "Ravenna, Via Di Roma, 98", "success": true, "source": "overpass", "message": null}
{"ts": "2025-12-14T07:21:47.601117+00:00", "resource": "0800319415", "index": 273, "total": 294, "address": "Ravenna, via Dismano, 747", "success": true, "source": "nominatim", "message": null}
{"ts": "2025-12-14T07:21:47.604528+00:00", "resource": "0800161653", "index": 274, "total": 294, "address": "Ravenna, via Paolo Costa, 2", "success": true, "source": "overpass", "message": null}
{"ts": "2025-12-14T07:21:47.606995+00:00", "resource": "0800266248", "index": 275, "total": 294, "address": "Ravenna, via Villanova, 96", "success": true, "source": "overpass", "message": null}
{"ts": "2025-12-14T07:21:48.796388+00:00", "resource": "0800161791", "index": 276, "total": 294, "address": "Ravenna, Via Roncalceci, 0", "success": true, "source": "overpass", "message": null}
{"ts": "2025-12-14T07:21:51.474286+00:00", "resource": "0800161671", "index": 277, "total": 294, "address": "Ravenna, via Diaz, 15", "success": true, "source": "nominatim", "message": null}
{"ts": "2025-12-14T07:21:52.435646+00:00", "resource": "0800161727", "index": 278, "total": 294, "address": "Ravenna, via Ponte Marino, 7", "success": true, "source": "overpass", "message": null}
{"ts": "2025-12-14T07:21:53.252303+00:00", "resource": "0800308258", "index": 279, "total": 294, "address": "Ravenna, Via Galassa, 10", "success": true, "source": "overpass", "message": null}
{"ts": "2025-12-14T07:21:53.254356+00:00", "resource": "0800309001-bene individuo", "index": 280, "total": 294, "address": "", "success": false, "source": null, "message": "no-address"}
{"ts": "2025-12-14T07:21:53.256656+00:00", "resource": "0800161621-bene componente", "index": 281, "total": 294, "address": "", "success": false, "source": null, "message": "no-address"}
{"ts": "2025-12-14T07:21:53.262339+00:00", "resource": "0800308255", "index": 282, "total": 294, "address": "Ravenna, Via Guaccimanni, 44", "success": true, "source": "nominatim", "message": null}
{"ts": "2025-12-14T07:21:55.826990+00:00", "resource": "0800308278", "index": 283, "total": 294, "address": "Ravenna, Via Fossatone, 0", "success": true, "source": "nominatim", "message": null}
{"ts": "2025-12-14T07:21:56.736045+00:00", "resource": "0800161704", "index": 284, "total": 294, "address": "Ravenna, via Salara, 40", "success": true, "source": "overpass", "message": null}
{"ts": "2025-12-14T07:21:56.738790+00:00", "resource": "0800161721", "index": 285, "total": 294, "address": "Ravenna, Via Monti, 0", "success": true, "source": "nominatim", "message": null}
{"ts": "2025-12-14T07:21:56.741967+00:00", "resource": "0800266243", "index": 286, "total": 294, "address": "Ravenna, SANTERNO, via Santerno, 284", "success": true, "source": "nominatim", "message": null}
{"ts": "2025-12-14T07:21:56.751354+00:00", "resource": "0800161789", "index": 287, "total": 294, "address": "Ravenna, via Dismano, 749", "success": true, "source": "nominatim", "message": null}
{"ts": "2025-12-14T07:21:56.756157+00:00", "resource": "0800161801", "index": 288, "total": 294, "address": "Ravenna, Via Stradone, 46", "success": true, "source": "overpass", "message": null}
{"ts": "2025-12-14T07:21:56.758537+00:00", "resource": "0800266234", "index": 289, "total": 294, "address": "Ravenna, piazza XX Settembre, 7", "success": true, "source": "nominatim", "message": null}
{"ts": "2025-12-14T07:21:56.763416+00:00", "resource": "0800161756-bene complesso", "index": 290, "total": 294, "address": "", "success": false, "source": null, "message": "no-address"}
{"ts": "2025-12-14T07:22:02.883102+00:00", "resource": "0800161790", "index": 291, "total": 294, "address": "Ravenna, via Sisa, 17", "success": true, "source": "nominatim", "message": null}
{"ts": "2025-12-14T07:22:02.885171+00:00", "resource": "0800161636", "index": 292, "total": 294, "address": "Ravenna", "success": true, "source": "nominatim", "message": null}
{"ts": "2025-12-14T07:22:03.585449+00:00", "resource": "0800161666", "index": 293, "total": 294, "address": "Ravenna, Via Massimo D'Azeglio, 47", "success": true, "source": "overpass", "message": null}
{"ts": "2025-12-14T07:22:06.087504+00:00", "resource": "0800161646", "index": 294, "total": 294, "address": "Ravenna, via Cairoli, 27", "success": true, "source": "nominatim", "message": null}
